dlycaldt,dlyret,dlyvol,at,lt,nit,revt,fpedats,meanest,numest,mktrf,smb,hml,rmw,cma,rf,keydeveventtypeid,headline
2014-01-02,-0.010523,9843400.0,,,,,,,,-0.0088,-0.0025,0.0017,-0.0032,0.0011,0.0,,
2014-01-03,0.015469,7811100.0,,,,,,,,0.0003,0.0041,0.0003,-0.0035,0.0015,0.0,,
2014-01-06,0.003491,9031700.0,,,,,,,,-0.0034,-0.0054,0.003,-0.0031,0.0005,0.0,,
2014-01-07,-0.003163,9246100.0,,,,,,,,0.0068,0.0032,-0.0038,-0.0008,-0.003,0.0,,
2014-01-08,0.001269,8930200.0,,,,,,,,0.0004,-0.0001,-0.001,-0.0047,-0.0007,0.0,,
2014-01-09,-0.000317,7322300.0,,,,,,,,0.0002,0.0018,-0.0045,-0.0052,-0.0042,0.0,,
2014-01-10,-0.007924,10571300.0,,,,,,,,0.0027,0.0045,-0.0081,-0.0028,-0.0036,0.0,,
2014-01-13,-0.013738,9605100.0,,,,,,,,-0.0132,-0.001,0.001,-0.001,0.0046,0.0,,
2014-01-14,0.007451,13722000.0,,,,,,,,0.0115,0.001,-0.003,-0.0009,-0.0035,0.0,,
2014-01-15,0.036013,17610300.0,,,,,,,,0.0053,0.0023,0.0021,-0.0042,-0.0002,0.0,,
2014-01-16,-0.006828,21899800.0,,,,,,,,-0.0007,0.0025,-0.007,-0.0002,-0.0027,0.0,,
2014-01-17,0.04375,32197900.0,,,,,,,,-0.0039,0.0,0.0003,-0.0019,0.0002,0.0,,
2014-01-21,-0.023054,18535700.0,,,,,,,,0.003,0.0043,0.0,-0.0025,-0.0033,0.0,,
2014-01-22,-0.01042,12202800.0,,,,,,,,0.0015,0.0031,0.0021,-0.0017,-0.0018,0.0,,
2014-01-23,-0.025085,16345700.0,,,,,,,,-0.0086,0.0009,-0.0052,0.0018,-0.001,0.0,,
2014-01-24,-0.032719,23629100.0,,,,,,,,-0.0218,-0.0038,0.0018,0.0022,0.0007,0.0,,
2014-01-27,-0.015764,16834700.0,,,,,,,,-0.0065,-0.0078,0.0039,0.0045,0.0039,0.0,,
2014-01-28,0.005339,15797900.0,,,,,,,,0.0073,0.0017,0.0003,-0.0083,0.0015,0.0,,
2014-01-29,-0.004647,18926500.0,,,,,,,,-0.0107,-0.0033,0.0023,0.0015,0.0013,0.0,,
2014-01-30,0.001336,13159200.0,,,,,,,,0.0122,0.0021,-0.0038,-0.0088,-0.0053,0.0,,
2014-01-31,-0.015677,13114100.0,,,,,,,,-0.0066,-0.001,-0.0032,0.0021,-0.0021,0.0,,
2014-02-03,-0.018977,17608500.0,,,,,,,,-0.0248,-0.0084,0.0029,0.0022,0.0005,0.0,,
2014-02-04,0.002418,18800800.0,,,,,,,,0.0077,-0.0005,-0.0005,-0.0014,0.0022,0.0,,
2014-02-05,0.005513,17399800.0,,,,,,,,-0.0023,-0.0058,0.002,0.0015,0.0024,0.0,,
2014-02-06,0.017478,14873400.0,,,,,,,,0.0122,-0.0042,0.0028,0.0004,-0.0005,0.0,,
2014-02-07,0.0,14848500.0,,,,,,,,0.0133,-0.0023,-0.0065,-0.0042,-0.005,0.0,,
2014-02-10,0.000337,7876100.0,,,,,,,,0.0016,0.0006,-0.0047,-0.003,-0.0018,0.0,,
2014-02-11,0.019192,16101900.0,,,,,,,,0.0109,-0.0017,0.0024,0.0001,0.0009,0.0,,
2014-02-12,-0.003634,9376100.0,,,,,,,,0.0011,0.0025,-0.0005,0.0018,0.0001,0.0,,
2014-02-13,-0.008289,15741000.0,,,,,,,,0.0072,0.0067,-0.0008,-0.0019,-0.0033,0.0,,
2014-02-14,-0.007355,10375000.0,,,,,,,,0.0042,-0.0033,0.0037,0.0037,0.0034,0.0,,
2014-02-18,-0.004379,10921700.0,,,,,,,,0.0027,0.0094,-0.0026,-0.0032,-0.0028,0.0,,
2014-02-19,-0.020298,17230100.0,,,,,,,,-0.0073,-0.0033,-0.0044,0.003,0.0001,0.0,,
2014-02-20,0.012776,14150800.0,,,,,,,,0.0071,0.0053,-0.0021,-0.0007,-0.0023,0.0,,
2014-02-21,0.009887,10467700.0,,,,,,,,-0.0009,0.0035,-0.0003,0.0001,-0.0005,0.0,,
2014-02-24,0.023295,13224200.0,,,,,,,,0.0065,0.0021,0.0033,-0.0017,-0.0001,0.0,,
2014-02-25,-0.019795,11632600.0,,,,,,,,-0.001,0.0005,-0.006,-0.0007,0.0007,0.0,,
2014-02-26,0.007742,15094800.0,,,,,,,,0.0013,0.0065,-0.0008,-0.0002,0.0003,0.0,,
2014-02-27,0.014028,10802900.0,,,,,,,,0.0054,0.0009,0.0,-0.0024,-0.0004,0.0,,
2014-02-28,0.014493,14171400.0,,,,,,,,0.0015,-0.0066,0.0084,0.0042,0.0013,0.0,,
2014-03-03,-0.017533,12264026.0,,,,,,,,-0.007,0.001,0.0014,0.0004,0.001,0.0,,
2014-03-04,0.027759,11178954.0,,,,,,,,0.0167,0.0106,-0.0013,-0.0046,-0.0015,0.0,,
2014-03-05,0.027974,14828813.0,,,,,,,,0.0001,-0.0021,0.0028,-0.0057,-0.0011,0.0,,
2014-03-06,-0.004066,12623645.0,,,,,,,,0.0016,-0.0023,0.0077,0.0032,0.0036,0.0,,
2014-03-07,0.011621,14547381.0,,,,,,,,0.0004,-0.0002,0.0052,0.0017,0.0034,0.0,,
2014-03-10,-0.002484,10757263.0,,,,,,,,-0.0009,-0.0007,0.0008,0.0002,-0.0013,0.0,,
2014-03-11,-0.013383,9202969.0,,,,,,,,-0.0062,-0.0055,-0.0019,0.0045,-0.0004,0.0,,
2014-03-12,-0.008202,8308341.0,,,,,,,,0.0013,0.0029,-0.0017,-0.0011,-0.0043,0.0,,
2014-03-13,0.0,22439666.0,,,,,,,,-0.0121,-0.0006,0.0022,0.0015,0.0004,0.0,,
2014-03-14,-0.010814,10855891.0,,,,,,,,-0.0016,0.0066,-0.001,0.0017,0.0004,0.0,,
2014-03-17,0.008682,6891091.0,,,,,,,,0.009,-0.0035,0.0002,0.0014,0.0004,0.0,,
2014-03-18,0.008926,6614854.0,,,,,,,,0.0082,0.0068,-0.0039,-0.0032,-0.003,0.0,,
2014-03-19,0.005055,9470327.0,,,,,,,,-0.0059,-0.0012,0.0062,-0.0039,0.0003,0.0,,
2014-03-20,0.030808,20199764.0,,,,,,,,0.0052,-0.0036,0.0099,-0.0017,0.0033,0.0,,
2014-03-21,-0.005794,23503898.0,,,,,,,,-0.0037,-0.0016,0.0087,0.0047,0.0045,0.0,,
2014-03-24,-0.004908,10400085.0,,,,,,,,-0.0064,-0.0078,0.0092,0.0065,0.0038,0.0,,
2014-03-25,-0.026202,12610322.0,,,,,,,,0.0029,-0.0034,0.0014,0.0028,0.0014,0.0,,
2014-03-26,-0.011713,11233797.0,,,,,,,,-0.0089,-0.0111,0.0026,0.0065,0.0046,0.0,,
2014-03-27,-0.01025,13638426.0,,,,,,,,-0.0018,-0.0012,-0.0034,0.0014,0.0,0.0,,
2014-03-28,0.000324,8081149.0,,,,,,,,0.0041,-0.0037,0.0054,0.0056,0.0031,0.0,,
2014-03-31,0.008412,9421645.0,,,,,,,,0.0096,0.0099,-0.0018,-0.0021,0.0004,0.0,,
2014-04-01,0.001283,11583595.0,,,,,,,,0.0087,0.0065,-0.0037,-0.0019,-0.0028,0.0,,
2014-04-02,0.006408,14700869.0,,,,,,,,0.003,0.0004,0.0015,0.0007,0.0004,0.0,,
2014-04-03,-0.014645,10064709.0,,,,,,,,-0.0031,-0.0077,0.0081,0.0056,0.004,0.0,,
2014-04-04,-0.01874,12750965.0,,,,,,,,-0.0147,-0.0101,0.007,0.0064,0.0048,0.0,,
2014-04-07,-0.027988,20367328.0,,,,,,,,-0.0125,-0.0035,-0.0005,0.002,0.0003,0.0,,
2014-04-08,0.000339,13228592.0,,,,,,,,0.0049,0.0029,-0.0022,0.0006,-0.0014,0.0,,
2014-04-09,0.023366,10692715.0,,,,,,,,0.0121,0.0022,-0.0086,-0.0046,-0.0053,0.0,,
2014-04-10,-0.032098,13452408.0,,,,,,,,-0.0224,-0.0061,0.0079,0.0084,0.0076,0.0,,
2014-04-11,-0.026667,21453617.0,,,,,,,,-0.0107,-0.0038,0.0024,0.0043,0.0003,0.0,,
2014-04-14,0.020724,12514483.0,,,,,,,,0.0071,-0.0048,0.002,0.0032,-0.002,0.0,,
2014-04-15,0.016862,16657834.0,,,,,,,,0.006,-0.0035,0.0019,-0.0004,-0.0017,0.0,,
2014-04-16,0.011506,14198027.0,,,,,,,,0.0112,0.0001,-0.0037,-0.0005,-0.0009,0.0,,
2014-04-17,0.029107,22965994.0,,,,,,,,0.0023,0.0032,0.0023,-0.0018,0.0016,0.0,,
2014-04-21,0.007152,10698998.0,,,,,,,,0.0038,0.0016,-0.0043,0.0004,-0.0009,0.0,,
2014-04-22,0.007101,10803598.0,,,,,,,,0.0057,0.0069,-0.0035,-0.0069,-0.0009,0.0,,
2014-04-23,-0.005128,9376657.0,,,,,,,,-0.0031,-0.0054,0.0091,0.0019,0.0024,0.0,,
2014-04-24,-0.003222,8438891.0,,,,,,,,0.0008,-0.0042,-0.0016,0.0019,-0.0019,0.0,,
2014-04-25,-0.011635,8372927.0,,,,,,,,-0.0104,-0.0089,0.0055,0.0081,0.0068,0.0,,
2014-04-28,-0.016024,15303309.0,,,,,,,,0.0012,-0.0065,-0.0058,0.0116,0.0004,0.0,,
2014-04-29,0.017673,10419650.0,,,,,,,,0.0057,-0.0024,-0.0013,-0.0057,-0.0025,0.0,,
2014-04-30,0.013434,11016521.0,,,,,,,,0.0035,0.0021,-0.0005,0.0008,0.0003,0.0,,
2014-05-01,0.009376,10110191.0,,,,,,,,0.0004,-0.0016,-0.0017,-0.0048,-0.0019,0.0,,
2014-05-02,-0.016976,11465383.0,,,,,,,,-0.0008,0.0027,0.0041,0.0034,0.0019,0.0,,
2014-05-05,-0.020202,12035090.0,,,,,,,,0.0013,-0.0037,-0.0055,0.0014,-0.0028,0.0,,
2014-05-06,-0.020286,16285597.0,,,,,,,,-0.0103,-0.0051,0.0014,0.0085,0.0015,0.0,,
2014-05-07,0.008147,12460769.0,,,,,,,,0.0045,-0.0072,0.0111,-0.0001,0.0057,0.0,,
2014-05-08,-0.000337,13039248.0,,,,,,,,-0.0026,-0.0096,0.0038,0.0012,0.0026,0.0,,
2014-05-09,-0.000337,10064732.0,,,,,,,,0.0025,0.0063,-0.0036,-0.0015,-0.0005,0.0,,
2014-05-12,0.0219,10196546.0,,,,,,,,0.012,0.0136,-0.0027,-0.0047,-0.0028,0.0,,
2014-05-13,0.0,7962736.0,,,,,,,,-0.0005,-0.0104,0.0022,0.0002,-0.0002,0.0,,
2014-05-14,-0.002638,10047803.0,,,,,,,,-0.006,-0.0113,-0.0046,0.0017,-0.002,0.0,,
2014-05-15,-0.015868,20240122.0,,,,,,,,-0.009,0.0033,-0.0028,0.0023,-0.0006,0.0,,
2014-05-16,0.012429,18005349.0,,,,,,,,0.0036,0.0022,-0.0043,0.0018,-0.0016,0.0,,
2014-05-19,0.000664,7022432.0,,,,,,,,0.005,0.0062,0.0006,-0.0032,-0.0007,0.0,,
2014-05-20,-0.01492,9958066.0,,,,,,,,-0.0078,-0.008,0.0023,0.0009,-0.0009,0.0,,
2014-05-21,0.010098,6654834.0,,,,,,,,0.0081,-0.0028,0.001,-0.0002,-0.0014,0.0,,
2014-05-22,0.012662,8235487.0,,,,,,,,0.0036,0.0062,-0.0027,-0.0055,-0.0021,0.0,,
2014-05-23,0.003291,5140011.0,,,,,,,,0.0049,0.0059,-0.0022,-0.001,-0.0006,0.0,,
2014-05-27,0.020663,10959974.0,,,,,,,,0.0069,0.0066,-0.0014,-0.0055,-0.0028,0.0,,
2014-05-28,-0.006105,6124364.0,,,,,,,,-0.0012,-0.0025,0.0022,0.0009,0.0012,0.0,,
2014-05-29,0.006466,8616278.0,,,,,,,,0.0054,-0.0022,-0.0011,-0.0006,-0.0022,0.0,,
2014-05-30,-0.008673,7646374.0,,,,,,,,0.0006,-0.0062,0.0026,0.0034,0.0008,0.0,,
2014-06-02,0.001296,7509356.0,,,,,,,,0.0006,-0.0065,0.0037,0.0014,0.0019,0.0,,
2014-06-03,-0.001618,10079512.0,,,,,,,,-0.0005,-0.0024,0.002,0.0008,-0.0016,0.0,,
2014-06-04,0.011345,8074671.0,,,,,,,,0.0028,0.0023,-0.0007,-0.0019,-0.0018,0.0,,
2014-06-05,0.013782,8769365.0,,,,,,,,0.0077,0.0129,-0.0017,-0.0018,-0.0011,0.0,,
2014-06-06,0.010117,6544239.0,,,,,,,,0.0054,0.0048,-0.0002,-0.0011,-0.0009,0.0,,
2014-06-09,0.000939,9027794.0,,,,,,,,0.0022,0.0102,-0.0031,-0.0043,-0.0005,0.0,,
2014-06-10,0.003127,7113217.0,,,,,,,,-0.0003,-0.0019,-0.0003,-0.0035,0.0007,0.0,,
2014-06-11,-0.012157,5854239.0,,,,,,,,-0.0034,-0.0017,-0.0025,-0.0013,-0.0017,0.0,,
2014-06-12,0.001262,7086735.0,,,,,,,,-0.0069,0.0011,0.0016,-0.0023,-0.0003,0.0,,
2014-06-13,-0.004412,8022255.0,,,,,,,,0.0031,-0.0005,-0.0018,0.0008,-0.0013,0.0,,
2014-06-16,0.003799,8527452.0,,,,,,,,0.0013,0.0041,-0.0069,-0.0007,-0.0028,0.0,,
2014-06-17,0.024913,13256291.0,,,,,,,,0.0034,0.0055,0.0045,-0.0054,0.0004,0.0,,
2014-06-18,0.004923,10725245.0,,,,,,,,0.0074,-0.0026,-0.001,0.0008,-0.0018,0.0,,
2014-06-19,-0.003674,6933717.0,,,,,,,,0.0012,-0.0014,-0.0003,0.0015,-0.001,0.0,,
2014-06-20,-0.007683,12071866.0,,,,,,,,0.0018,0.002,0.0004,0.0003,0.0002,0.0,,
2014-06-23,0.007123,6929933.0,,,,,,,,-0.0002,-0.0023,0.0009,-0.0001,-0.0016,0.0,,
2014-06-24,-0.015068,7776622.0,,,,,,,,-0.0072,-0.0037,-0.0025,0.0001,0.0001,0.0,,
2014-06-25,0.006244,7671758.0,,,,,,,,0.0053,0.0033,0.0015,-0.0012,-0.0022,0.0,,
2014-06-26,-0.010549,10559861.0,,,,,,,,-0.0011,-0.0009,0.0,0.0014,-0.0005,0.0,,
2014-06-27,-0.010662,9933909.0,,,,,,,,0.0025,0.0049,-0.0022,0.0014,-0.0014,0.0,,
2014-06-30,0.024723,11757508.0,,,,,,,,0.0007,0.0028,0.0017,-0.0027,-0.0015,0.0,,
2014-07-01,-0.000309,7787590.0,,,,,,,,0.0074,0.0043,-0.0038,0.0006,-0.001,0.0,,
2014-07-02,0.00526,6190608.0,,,,,,,,-0.0003,-0.0046,-0.002,0.0009,0.0019,0.0,,
2014-07-03,0.004001,5994198.0,,,,,,,,0.0059,0.002,0.0012,0.0001,0.0024,0.0,,
2014-07-07,-0.007051,5635286.0,,,,,,,,-0.0062,-0.012,0.0033,0.0076,0.0029,0.0,,
2014-07-08,-0.019759,9205621.0,,,,,,,,-0.0082,-0.0055,0.0073,0.0082,0.0046,0.0,,
2014-07-09,0.008189,6292072.0,,,,,,,,0.0046,-0.004,-0.0012,-0.0004,-0.0008,0.0,,
2014-07-10,-0.010309,7784865.0,,,,,,,,-0.0049,-0.006,-0.0002,0.0007,0.0008,0.0,,
2014-07-11,-0.008523,10112168.0,,,,,,,,0.0012,-0.0031,-0.0036,-0.0038,-0.0018,0.0,,
2014-07-14,0.012735,11323129.0,,,,,,,,0.0046,-0.0001,-0.0015,0.0001,-0.0016,0.0,,
2014-07-15,0.005973,13818568.0,,,,,,,,-0.0032,-0.0082,0.01,0.0021,0.0038,0.0,,
2014-07-16,0.015625,16389289.0,,,,,,,,0.0033,-0.0058,0.0035,0.0018,0.0018,0.0,,
2014-07-17,-0.006154,18525571.0,,,,,,,,-0.0121,-0.0036,0.0018,0.004,0.0019,0.0,,
2014-07-18,0.010526,9239453.0,,,,,,,,0.0112,0.0046,-0.0045,-0.0025,-0.0033,0.0,,
2014-07-21,-0.002757,7125416.0,,,,,,,,-0.0025,-0.0023,0.0004,-0.0035,-0.003,0.0,,
2014-07-22,0.01106,8851583.0,,,,,,,,0.0053,0.0029,-0.0033,0.0021,-0.0018,0.0,,
2014-07-23,0.01337,9363201.0,,,,,,,,0.0019,0.0011,-0.0078,-0.0023,0.0001,0.0,,
2014-07-24,0.001499,6575520.0,,,,,,,,0.0005,-0.0031,0.0003,-0.0021,-0.0001,0.0,,
2014-07-25,-0.00479,6292634.0,,,,,,,,-0.0053,-0.0039,0.0016,-0.0001,0.0006,0.0,,
2014-07-28,-0.005114,7114925.0,,,,,,,,-0.0008,-0.0045,0.0027,0.0004,0.0003,0.0,,
2014-07-29,-0.009676,5717661.0,,,,,,,,-0.0033,0.0063,-0.0066,-0.0015,-0.0014,0.0,,
2014-07-30,0.021133,10002410.0,,,,,,,,0.0012,0.0037,-0.0036,-0.0068,-0.0035,0.0,,
2014-07-31,-0.029994,9134716.0,,,,,,,,-0.0203,-0.0016,0.0048,0.004,0.0029,0.0,,
2014-08-01,-0.022882,11539879.0,,,,,,,,-0.0032,-0.0023,-0.0003,0.001,0.0014,0.0,,
2014-08-04,0.007278,6942084.0,,,,,,,,0.0074,0.0003,-0.0022,-0.0011,-0.0045,0.0,,
2014-08-05,-0.013195,9478467.0,,,,,,,,-0.0084,0.0072,-0.0018,-0.0016,0.0001,0.0,,
2014-08-06,0.004776,9099244.0,,,,,,,,0.0002,0.0041,0.0011,-0.0003,0.0028,0.0,,
2014-08-07,-0.006337,6553115.0,,,,,,,,-0.0052,-0.0005,-0.0015,0.0007,-0.0004,0.0,,
2014-08-08,0.018814,8514493.0,,,,,,,,0.0113,-0.0016,-0.0017,0.0034,0.0018,0.0,,
2014-08-11,0.004069,6591186.0,,,,,,,,0.004,0.0055,-0.0026,-0.0017,-0.0027,0.0,,
2014-08-12,-0.002182,4525122.0,,,,,,,,-0.0023,-0.0057,0.0026,0.0006,0.0001,0.0,,
2014-08-13,0.000312,4837895.0,,,,,,,,0.007,-0.0015,-0.0024,-0.0039,-0.0023,0.0,,
2014-08-14,0.004685,3974828.0,,,,,,,,0.0044,-0.0026,0.0001,-0.002,-0.0002,0.0,,
2014-08-15,0.001554,9457909.0,,,,,,,,0.0,-0.0014,-0.0014,0.0018,-0.0024,0.0,,
2014-08-18,0.012104,4925388.0,,,,,,,,0.0093,0.0058,-0.0018,0.0,0.0003,0.0,,
2014-08-19,-0.002453,4257034.0,,,,,,,,0.0049,-0.0012,-0.0009,0.0024,-0.0013,0.0,,
2014-08-20,0.000307,4234681.0,,,,,,,,0.0019,-0.0065,0.0029,-0.0001,0.0028,0.0,,
2014-08-21,0.015058,7309125.0,,,,,,,,0.0028,-0.0008,0.0081,-0.0012,0.0025,0.0,,
2014-08-22,0.013321,9082557.0,,,,,,,,-0.001,0.0027,-0.0038,-0.0007,-0.0018,0.0,,
2014-08-25,0.021811,13975807.0,,,,,,,,0.0049,-0.0021,0.0001,-0.0002,-0.0011,0.0,,
2014-08-26,0.005848,8462064.0,,,,,,,,0.0019,0.0068,-0.0032,-0.0038,-0.0017,0.0,,
2014-08-27,-0.007849,5679878.0,,,,,,,,0.0,-0.0021,0.0015,0.0013,0.001,0.0,,
2014-08-28,-0.002051,4459182.0,,,,,,,,-0.0019,-0.004,0.0008,0.0022,0.0003,0.0,,
2014-08-29,0.00734,4946707.0,,,,,,,,0.0039,0.0028,0.0009,-0.0031,-0.0016,0.0,,
2014-09-02,0.006995,5115701.0,,,,,,,,0.0005,0.0041,-0.0009,-0.0009,-0.0021,0.0,,
2014-09-03,0.000289,7151473.0,,,,,,,,-0.0014,-0.0051,0.0024,0.0005,0.0043,0.0,,
2014-09-04,0.004051,7326422.0,,,,,,,,-0.0018,-0.0014,-0.0017,0.0018,0.0,0.0,,
2014-09-05,-0.002017,10032464.0,,,,,,,,0.0045,-0.0028,-0.0002,0.0013,0.0,0.0,,
2014-09-08,0.006642,8149212.0,,,,,,,,-0.0022,0.0047,-0.0046,-0.0038,-0.0023,0.0,,
2014-09-09,-0.027252,11411173.0,,,,,,,,-0.0072,-0.0043,0.0002,0.0029,0.0014,0.0,,
2014-09-10,0.012386,6451437.0,,,,,,,,0.0045,0.0016,-0.004,-0.0029,-0.0017,0.0,,
2014-09-11,0.011652,6850217.0,,,,,,,,0.0019,0.005,0.0022,-0.0024,0.0,0.0,,
2014-09-12,0.008062,10244535.0,,,,,,,,-0.0055,-0.0018,0.0013,-0.0005,0.0012,0.0,,
2014-09-15,0.005713,9632689.0,,,,,,,,-0.0028,-0.0092,0.0063,0.0047,0.0071,0.0,,
2014-09-16,-0.00284,8498173.0,,,,,,,,0.007,-0.0039,-0.001,0.0014,-0.0018,0.0,,
2014-09-17,0.012817,10979777.0,,,,,,,,0.0017,0.0008,-0.0024,-0.0023,-0.0021,0.0,,
2014-09-18,0.016029,15158451.0,,,,,,,,0.005,0.0002,0.0001,-0.0011,-0.0003,0.0,,
2014-09-19,-0.010241,29864622.0,,,,,,,,-0.0018,-0.0097,0.0003,0.002,-0.0006,0.0,,
2014-09-22,-0.016219,10144197.0,,,,,,,,-0.0097,-0.0054,0.001,0.0046,0.0021,0.0,,
2014-09-23,-0.004548,10882299.0,,,,,,,,-0.0062,-0.0031,-0.0006,-0.0002,-0.0028,0.0,,
2014-09-24,-0.001142,13351869.0,,,,,,,,0.0081,0.0005,-0.0093,0.0009,-0.0043,0.0,,
2014-09-25,-0.021727,12328240.0,,,,,,,,-0.0163,0.0012,0.0012,0.003,0.0027,0.0,,
2014-09-26,0.012566,8237058.0,,,,,,,,0.0085,-0.0006,-0.0025,0.001,-0.0049,0.0,,
2014-09-29,-0.004329,8217977.0,,,,,,,,-0.0022,0.0016,-0.0044,0.0017,-0.0027,0.0,,
2014-09-30,0.002029,9795288.0,,,,,,,,-0.004,-0.0101,0.0011,0.0004,0.0001,0.0,,
2014-10-01,-0.017645,14873158.0,,,,,,,,-0.0139,-0.0014,0.003,0.002,0.0001,0.0,,
2014-10-02,0.009423,8471956.0,,,,,,,,0.0016,0.0098,-0.0039,-0.003,-0.0029,0.0,,
2014-10-03,0.022462,8810372.0,,,,,,,,0.0108,-0.0039,-0.0045,-0.0009,-0.0013,0.0,,
2014-10-06,-0.001712,7040594.0,,,,,,,,-0.0026,-0.0076,0.0036,0.003,0.0024,0.0,,
2014-10-07,-0.027722,10127801.0,,,,,,,,-0.0156,-0.0014,0.0015,0.0026,0.0003,0.0,,
2014-10-08,0.014109,12407864.0,,,,,,,,0.017,-0.0001,-0.0006,-0.0005,-0.0005,0.0,,
2014-10-09,-0.034783,13512608.0,,,,,,,,-0.0217,-0.0047,-0.004,0.004,-0.0012,0.0,,
2014-10-10,-0.010811,11182812.0,,,,,,,,-0.0129,-0.0008,0.0051,0.0075,0.0039,0.0,,
2014-10-13,-0.002732,14668796.0,,,,,,,,-0.0159,0.0132,0.0049,-0.003,0.0023,0.0,,
2014-10-14,0.004871,12915635.0,,,,,,,,0.0027,0.0084,-0.0012,0.0002,0.0009,0.0,,
2014-10-15,-0.012118,21646732.0,,,,,,,,-0.0054,0.0168,-0.0133,-0.0048,-0.0063,0.0,,
2014-10-16,-0.002453,16437583.0,,,,,,,,0.0022,0.0105,0.0024,-0.0044,0.0012,0.0,,
2014-10-17,0.021211,16422873.0,,,,,,,,0.0113,-0.0157,-0.001,-0.0002,0.0026,0.0,,
2014-10-20,0.00301,11047493.0,,,,,,,,0.0094,0.0013,-0.0031,0.001,-0.0032,0.0,,
2014-10-21,0.022209,11217449.0,,,,,,,,0.0198,-0.0042,0.0007,0.0007,-0.001,0.0,,
2014-10-22,-0.018497,8784202.0,,,,,,,,-0.0085,-0.0055,0.0017,0.0013,0.002,0.0,,
2014-10-23,0.015854,9031753.0,,,,,,,,0.0129,0.0045,-0.0044,-0.0034,-0.0007,0.0,,
2014-10-24,0.010601,7685981.0,,,,,,,,0.0065,-0.005,-0.0013,-0.0034,0.001,0.0,,
2014-10-27,-0.01049,9919383.0,,,,,,,,-0.0017,0.0007,-0.003,0.0012,-0.0002,0.0,,
2014-10-28,0.011779,10582265.0,,,,,,,,0.0137,0.0156,0.0005,-0.004,-0.0018,0.0,,
2014-10-29,0.003783,10519965.0,,,,,,,,-0.0017,0.0001,0.0044,0.0021,0.0035,0.0,,
2014-10-30,0.00378,9028823.0,,,,,,,,0.006,0.002,-0.0052,-0.0041,0.0006,0.0,,
2014-10-31,0.012457,11434427.0,,,,,,,,0.0123,0.0031,0.002,0.002,-0.0002,0.0,,
2014-11-03,-0.006867,8006630.0,,,,,,,,-0.0001,-0.003,-0.0005,0.0004,0.0014,0.0,,
2014-11-04,-0.001441,8514006.0,,,,,,,,-0.0034,-0.0004,-0.0025,0.0013,0.0007,0.0,,
2014-11-05,0.006924,9461301.0,,,,,,,,0.0048,-0.0043,0.0085,0.003,0.0077,0.0,,
2014-11-06,0.011748,8892057.0,,,,,,,,0.0049,0.0006,-0.0049,0.0013,-0.0027,0.0,,
2014-11-07,0.009912,10831600.0,,,,,,,,0.0008,0.0001,0.0048,-0.0022,0.0005,0.0,,
2014-11-10,0.006169,9351969.0,,,,,,,,0.0033,0.0014,-0.005,-0.0028,-0.0042,0.0,,
2014-11-11,-0.002508,7019240.0,,,,,,,,0.001,0.0002,-0.0027,0.0012,-0.0029,0.0,,
2014-11-12,0.005029,9248990.0,,,,,,,,0.0007,0.007,-0.0027,0.002,0.0006,0.0,,
2014-11-13,-0.003614,7376594.0,,,,,,,,-0.0003,-0.0091,-0.0036,0.0057,0.0,0.0,,
2014-11-14,-0.004185,7219090.0,,,,,,,,0.0006,-0.0014,0.0018,-0.0002,-0.0012,0.0,,
2014-11-17,-0.002522,6208709.0,,,,,,,,-0.0005,-0.0094,0.0023,0.0003,0.0024,0.0,,
2014-11-18,-0.003652,5319593.0,,,,,,,,0.0051,-0.0002,-0.0034,-0.0015,0.0002,0.0,,
2014-11-19,0.000282,5748663.0,,,,,,,,-0.0021,-0.0088,-0.0004,0.0039,0.0007,0.0,,
2014-11-20,-0.002537,6090632.0,,,,,,,,0.0031,0.0089,0.0,-0.0002,-0.0006,0.0,,
2014-11-21,0.003956,7477388.0,,,,,,,,0.0048,-0.0038,-0.0005,-0.001,0.0002,0.0,,
2014-11-24,0.002533,6738998.0,,,,,,,,0.004,0.0091,-0.0053,-0.002,-0.001,0.0,,
2014-11-25,-0.008984,7646739.0,,,,,,,,-0.0008,0.0004,-0.0002,0.0011,0.0015,0.0,,
2014-11-26,-0.005099,6138841.0,,,,,,,,0.0029,0.0003,-0.0049,-0.0019,-0.002,0.0,,
2014-11-28,0.001708,3534715.0,,,,,,,,-0.0034,-0.01,-0.0116,0.0068,0.0,0.0,,
2014-12-01,-0.002274,8802439.0,,,,,,,,-0.009,-0.009,0.0061,0.001,0.0052,0.0,,
2014-12-02,0.019088,9335226.0,,,,,,,,0.0065,0.0046,0.0008,-0.005,0.0005,0.0,,
2014-12-03,0.020967,9147370.0,,,,,,,,0.0046,0.0044,0.003,-0.0018,0.0006,0.0,,
2014-12-04,0.007393,9375107.0,,,,,,,,-0.0017,-0.0034,0.0007,0.001,-0.0015,0.0,,
2014-12-05,0.012232,11489685.0,,,,,,,,0.0025,0.0057,0.0023,-0.0066,0.0016,0.0,,
2014-12-08,0.020408,14069342.0,,,,,,,,-0.0082,-0.0054,0.0018,0.0002,0.0009,0.0,,
2014-12-09,0.002632,12283798.0,,,,,,,,0.0013,0.017,-0.0012,-0.0047,-0.003,0.0,,
2014-12-10,-0.018635,13788669.0,,,,,,,,-0.0172,-0.0064,-0.0013,0.0012,0.0016,0.0,,
2014-12-11,0.000267,8942206.0,,,,,,,,0.005,-0.0006,-0.0017,0.0019,0.0002,0.0,,
2014-12-12,-0.030749,10965252.0,,,,,,,,-0.0155,0.0046,-0.0059,0.002,-0.0032,0.0,,
2014-12-15,-0.008828,10471997.0,,,,,,,,-0.0068,-0.0024,0.0007,0.0071,0.0014,0.0,,
2014-12-16,-0.011411,11456776.0,,,,,,,,-0.008,0.0069,0.006,-0.0013,0.0045,0.0,,
2014-12-17,0.034065,11918979.0,,,,,,,,0.0215,0.009,-0.0008,-0.0046,-0.0046,0.0,,
2014-12-18,0.037299,12773120.0,,,,,,,,0.0236,-0.009,-0.0019,-0.0041,-0.0024,0.0,,
2014-12-19,0.010761,12526822.0,,,,,,,,0.0043,-0.0023,0.0024,-0.0046,-0.0003,0.0,,
2014-12-22,0.001558,8650595.0,,,,,,,,0.0037,0.0019,-0.001,0.002,0.001,0.0,,
2014-12-23,0.009852,5872649.0,,,,,,,,0.0021,-0.0014,0.011,0.0059,0.0064,0.0,,
2014-12-24,-0.002567,2495105.0,,,,,,,,0.0006,0.0034,-0.0018,-0.0011,-0.0007,0.0,,
2014-12-26,-0.003346,3091726.0,,,,,,,,0.0038,0.0034,-0.003,-0.0008,-0.0019,0.0,,
2014-12-29,0.006198,3466892.0,,,,,,,,0.0013,0.0022,0.0057,0.0019,0.0019,0.0,,
2014-12-30,0.001027,4010569.0,,,,,,,,-0.0048,0.0007,0.0032,-0.0006,0.0033,0.0,,
2014-12-31,-0.005128,6492860.0,,,,,,,,-0.0093,0.0047,-0.0045,-0.0011,-0.0026,0.0,,
2015-01-02,-0.00232,7333790.0,,,,,,,,-0.0012,-0.0056,0.0012,-0.0028,0.0015,0.0,,
2015-01-05,-0.031258,12507930.0,,,,,,,,-0.0184,0.0025,-0.0067,0.0017,-0.0008,0.0,,
2015-01-06,-0.0288,16507812.0,,,,,,,,-0.0103,-0.0079,-0.0029,0.0052,0.0006,0.0,,
2015-01-07,0.014278,9957727.0,,,,,,,,0.0119,0.0017,-0.0067,0.0026,-0.0017,0.0,,
2015-01-08,0.014889,8079561.0,,,,,,,,0.0181,-0.001,-0.0029,0.001,-0.0021,0.0,,
2015-01-09,-0.016271,7807533.0,,,,,,,,-0.0085,-0.0003,-0.0047,-0.0012,-0.0016,0.0,,
2015-01-12,-0.013829,9385947.0,,,,,,,,-0.0078,0.0035,-0.0044,0.0017,0.0019,0.0,,
2015-01-13,-0.009348,12447822.0,,,,,,,,-0.0019,0.0024,0.0001,0.0043,0.0,0.0,,
2015-01-14,-0.022759,15898575.0,,,,,,,,-0.006,0.0027,-0.005,0.0019,-0.0012,0.0,,
2015-01-15,-0.017893,17568075.0,,,,,,,,-0.0108,-0.0095,0.0061,0.007,0.0058,0.0,,
2015-01-16,0.008965,27056107.0,,,,,,,,0.0136,0.0049,-0.0013,-0.0031,-0.0007,0.0,,
2015-01-20,-0.004013,19400571.0,,,,,,,,0.0011,-0.0073,-0.0054,0.0002,-0.0052,0.0,,
2015-01-21,-0.000576,15830488.0,,,,,,,,0.0042,-0.0092,0.0059,0.0018,-0.0002,0.0,,
2015-01-22,0.023035,18792681.0,,,,,,,,0.0158,0.0045,0.0042,0.0002,-0.0008,0.0,,
2015-01-23,-0.010695,10969251.0,,,,,,,,-0.0047,0.0042,-0.0076,-0.0006,-0.0061,0.0,,
2015-01-26,-0.001138,9899949.0,,,,,,,,0.0042,0.0059,-0.0005,-0.0042,-0.0012,0.0,,
2015-01-27,-0.012817,9021515.0,,,,,,,,-0.0122,0.0072,0.002,-0.0035,0.0048,0.0,,
2015-01-28,-0.022793,14730696.0,,,,,,,,-0.0139,-0.0017,-0.0081,0.0052,-0.0022,0.0,,
2015-01-29,0.017767,11378769.0,,,,,,,,0.0098,0.0021,0.0004,0.0001,-0.0034,0.0,,
2015-01-30,-0.016293,11693002.0,,,,,,,,-0.0131,-0.0084,0.0005,-0.0016,-0.0047,0.0,,
2015-02-02,0.018042,12373394.0,,,,,,,,0.0124,-0.0038,0.01,0.0004,0.0016,0.0,,
2015-02-03,0.018013,14545306.0,,,,,,,,0.0149,0.0024,0.005,0.0006,0.0042,0.0,,
2015-02-04,-0.007705,10246288.0,,,,,,,,-0.0035,-0.0009,-0.0021,0.0032,-0.0012,0.0,,
2015-02-05,0.004602,10523996.0,,,,,,,,0.011,0.0043,-0.0007,-0.0051,-0.0018,0.0,,
2015-02-06,0.024621,17087433.0,,,,,,,,-0.002,0.0009,0.0034,-0.0019,-0.001,0.0,,
2015-02-09,-0.004471,8454081.0,,,,,,,,-0.0046,-0.0035,0.0011,-0.0003,-0.0004,0.0,,
2015-02-10,0.014875,12491696.0,,,,,,,,0.0105,-0.0035,-0.0073,0.001,-0.004,0.0,,
2015-02-11,0.005808,7798118.0,,,,,,,,0.0003,-0.0016,-0.0034,0.0007,-0.001,0.0,,
2015-02-12,0.014572,8167077.0,,,,,,,,0.01,0.0019,-0.0005,-0.0016,-0.0015,0.0,,
2015-02-13,-0.003252,8019230.0,,,,,,,,0.0047,0.0014,-0.003,-0.003,-0.0024,0.0,,
2015-02-17,0.003806,6800175.0,,,,,,,,0.0016,-0.0003,-0.0003,-0.0017,-0.0015,0.0,,
2015-02-18,-0.014897,7745764.0,,,,,,,,0.0003,0.0027,-0.0083,0.0028,-0.0019,0.0,,
2015-02-19,-0.0011,5856529.0,,,,,,,,-0.0001,0.0022,-0.0038,-0.0004,-0.0037,0.0,,
2015-02-20,0.011285,11019670.0,,,,,,,,0.0061,-0.0043,-0.0027,-0.0007,-0.0011,0.0,,
2015-02-23,-0.012793,7399560.0,,,,,,,,-0.0008,0.0004,-0.0037,0.0038,-0.0019,0.0,,
2015-02-24,0.012958,8910425.0,,,,,,,,0.0032,0.0,0.0071,-0.0024,0.0037,0.0,,
2015-02-25,-0.004083,7358513.0,,,,,,,,0.0001,0.0019,-0.0048,-0.0056,-0.0023,0.0,,
2015-02-26,-0.014485,10363159.0,,,,,,,,-0.0008,0.0055,-0.005,-0.0013,-0.0032,0.0,,
2015-02-27,-0.007488,8264153.0,,,,,,,,-0.0036,-0.0021,0.0022,0.0007,0.003,0.0,,
2015-03-02,0.012573,7118079.0,,,,,,,,0.0062,0.0019,-0.0046,0.0005,0.001,0.0,,
2015-03-03,-0.011589,8338840.0,,,,,,,,-0.0043,-0.003,0.0032,-0.0007,0.0,0.0,,
2015-03-04,-0.02038,11533504.0,,,,,,,,-0.0041,0.0012,-0.0037,-0.0004,-0.003,0.0,,
2015-03-05,0.012254,8976441.0,,,,,,,,0.0015,0.0022,-0.0043,-0.0051,-0.002,0.0,,
2015-03-06,0.000282,14177274.0,,,,,,,,-0.0129,0.003,0.0041,-0.0012,-0.0002,0.0,,
2015-03-09,0.00394,8573813.0,,,,,,,,0.0037,0.001,0.0,0.0028,-0.0006,0.0,,
2015-03-10,-0.022148,10996747.0,,,,,,,,-0.0163,0.0043,-0.0053,0.0012,-0.0015,0.0,,
2015-03-11,0.002007,10593853.0,,,,,,,,-0.0003,0.006,0.0051,-0.0048,-0.0006,0.0,,
2015-03-12,0.06123,18321012.0,,,,,,,,0.0128,0.004,0.0045,-0.0005,0.0023,0.0,,
2015-03-13,-0.019952,11237463.0,,,,,,,,-0.0058,0.0021,-0.0002,-0.0011,-0.0009,0.0,,
2015-03-16,0.010454,8077176.0,,,,,,,,0.0124,-0.0078,-0.0038,-0.0013,-0.0016,0.0,,
2015-03-17,-0.004901,8381772.0,,,,,,,,-0.0019,0.0052,-0.0001,-0.0001,-0.0028,0.0,,
2015-03-18,0.004925,9870293.0,,,,,,,,0.0109,-0.005,0.0002,0.0015,-0.0003,0.0,,
2015-03-19,-0.01688,10873826.0,,,,,,,,-0.0036,0.0079,-0.0111,0.0008,-0.0037,0.0,,
2015-03-20,0.0108,14008990.0,,,,,,,,0.0081,-0.0011,0.0056,0.0044,0.0026,0.0,,
2015-03-23,-0.005205,7341594.0,,,,,,,,-0.0019,0.0019,0.0024,0.0018,0.0032,0.0,,
2015-03-24,-0.001928,7952243.0,,,,,,,,-0.0051,0.0054,-0.0026,0.0011,-0.0021,0.0,,
2015-03-25,-0.021799,9066512.0,,,,,,,,-0.0156,-0.009,0.0103,0.0036,0.0052,0.0,,
2015-03-26,0.004795,10180547.0,,,,,,,,-0.0022,0.0009,-0.0004,0.0003,-0.0024,0.0,,
2015-03-27,0.005896,9157774.0,,,,,,,,0.0032,0.0044,-0.0072,-0.0014,-0.0011,0.0,,
2015-03-30,0.013397,8954220.0,,,,,,,,0.0124,0.0006,0.0001,-0.0029,0.0,0.0,,
2015-03-31,-0.017075,10258211.0,,,,,,,,-0.0075,0.0045,0.0039,0.0018,0.0024,0.0,,
2015-04-01,0.007845,7975761.0,,,,,,,,-0.0038,0.0035,0.0042,-0.0016,0.0021,0.0,,
2015-04-02,0.002502,6271322.0,,,,,,,,0.0035,-0.0011,0.0028,-0.001,0.0022,0.0,,
2015-04-06,-0.00416,6624256.0,,,,,,,,0.0061,-0.003,-0.0008,0.002,-0.0018,0.0,,
2015-04-07,0.000835,8045049.0,,,,,,,,-0.0022,-0.0019,-0.0019,-0.0018,-0.0026,0.0,,
2015-04-08,0.008904,6602799.0,,,,,,,,0.0037,0.0047,-0.0074,-0.0004,-0.003,0.0,,
2015-04-09,0.01048,7910428.0,,,,,,,,0.0041,-0.0072,-0.0008,-0.0026,0.0014,0.0,,
2015-04-10,-0.010917,10047765.0,,,,,,,,0.0049,-0.0015,-0.0027,-0.0047,0.0019,0.0,,
2015-04-13,0.001656,6207369.0,,,,,,,,-0.0038,0.0056,0.0024,-0.0013,-0.0013,0.0,,
2015-04-14,0.014876,12319968.0,,,,,,,,0.001,-0.0015,0.0022,0.0007,0.0009,0.0,,
2015-04-15,0.014929,13022641.0,,,,,,,,0.0057,0.0028,0.0036,-0.0022,-0.0007,0.0,,
2015-04-16,-0.000802,8876147.0,,,,,,,,-0.0008,-0.001,-0.002,-0.0021,-0.0022,0.0,,
2015-04-17,-0.016328,10033790.0,,,,,,,,-0.0123,-0.0043,0.0017,0.0015,0.0008,0.0,,
2015-04-20,0.005714,13301904.0,,,,,,,,0.0095,0.0016,-0.0028,0.0046,-0.0032,0.0,,
2015-04-21,-0.005682,11380863.0,,,,,,,,-0.001,0.0011,-0.0073,0.001,-0.0025,0.0,,
2015-04-22,0.012245,10161330.0,,,,,,,,0.0046,-0.004,0.0018,-0.0007,0.0001,0.0,,
2015-04-23,0.004839,8486897.0,,,,,,,,0.0029,0.0029,-0.0025,0.0,-0.0021,0.0,,
2015-04-24,-0.000535,8643244.0,,,,,,,,0.0017,-0.0053,-0.003,0.0083,-0.0056,0.0,,
2015-04-27,-0.008298,8924242.0,,,,,,,,-0.0053,-0.0066,0.0056,0.0054,-0.0002,0.0,,
2015-04-28,0.003779,7525367.0,,,,,,,,0.0027,0.0024,0.0106,0.0006,0.0046,0.0,,
2015-04-29,0.012149,9518442.0,,,,,,,,-0.0039,-0.0072,0.0072,-0.0077,-0.0001,0.0,,
2015-04-30,-0.004801,10413938.0,,,,,,,,-0.0111,-0.0101,0.0071,0.0025,0.0047,0.0,,
2015-05-01,0.00536,6469645.0,,,,,,,,0.0101,-0.0031,-0.0061,0.0025,-0.0017,0.0,,
2015-05-04,0.010664,7375721.0,,,,,,,,0.0032,0.001,0.0022,-0.0015,0.0004,0.0,,
2015-05-05,-0.012134,10339574.0,,,,,,,,-0.0119,-0.0014,0.0052,0.0,0.003,0.0,,
2015-05-06,-0.010681,9532526.0,,,,,,,,-0.0031,0.006,-0.0012,-0.0025,0.0011,0.0,,
2015-05-07,0.013225,12404662.0,,,,,,,,0.0039,0.0,-0.0037,-0.0026,0.0,0.0,,
2015-05-08,0.009323,10037925.0,,,,,,,,0.0121,-0.0056,-0.0011,-0.0027,-0.0028,0.0,,
2015-05-11,0.009501,12349115.0,,,,,,,,-0.0039,0.0067,-0.0005,-0.0004,-0.0002,0.0,,
2015-05-12,-0.013856,9689296.0,,,,,,,,-0.0026,0.0,0.0014,-0.0015,-0.0001,0.0,,
2015-05-13,0.001591,7016099.0,,,,,,,,0.0001,-0.0001,0.0004,-0.0012,0.0004,0.0,,
2015-05-14,0.009529,7291259.0,,,,,,,,0.0101,-0.0016,-0.0034,0.0012,-0.0045,0.0,,
2015-05-15,-0.007604,7093750.0,,,,,,,,0.0005,-0.0022,-0.002,0.0024,0.0024,0.0,,
2015-05-18,0.012682,6061374.0,,,,,,,,0.0044,0.0074,-0.0011,-0.0018,-0.0028,0.0,,
2015-05-19,0.009392,7380908.0,,,,,,,,-0.0009,-0.0009,0.0023,-0.001,-0.0003,0.0,,
2015-05-20,-0.009305,6339295.0,,,,,,,,-0.0005,0.0018,-0.001,-0.0016,0.0002,0.0,,
2015-05-21,-0.007566,7141507.0,,,,,,,,0.0023,-0.0028,0.0002,0.0009,-0.0017,0.0,,
2015-05-22,0.003417,5513859.0,,,,,,,,-0.0022,-0.0012,-0.0013,-0.0012,-0.0007,0.0,,
2015-05-26,-0.009955,8433960.0,,,,,,,,-0.0101,-0.0003,-0.0002,-0.001,0.0014,0.0,,
2015-05-27,0.021964,8252292.0,,,,,,,,0.0093,0.003,-0.0032,-0.0004,-0.003,0.0,,
2015-05-28,0.002848,9717641.0,,,,,,,,-0.0011,0.001,0.0015,-0.0022,0.001,0.0,,
2015-05-29,-0.013685,7858807.0,,,,,,,,-0.0058,0.0005,0.0005,-0.0027,-0.0004,0.0,,
2015-06-01,0.009948,8830742.0,,,,,,,,0.0017,-0.0005,-0.0023,0.0023,-0.0032,0.0,,
2015-06-02,-0.001555,6178722.0,,,,,,,,-0.0002,0.0032,0.0035,-0.0019,0.0016,0.0,,
2015-06-03,0.012721,7812604.0,,,,,,,,0.0039,0.0087,-0.0026,-0.0015,-0.0005,0.0,,
2015-06-04,-0.007947,7713369.0,,,,,,,,-0.0088,-0.0009,0.0,0.0018,-0.0002,0.0,,
2015-06-05,0.015246,9808134.0,,,,,,,,0.0006,0.0084,0.0009,-0.0053,-0.0037,0.0,,
2015-06-08,-0.00509,7327041.0,,,,,,,,-0.0066,0.0004,0.0001,0.0005,0.0007,0.0,,
2015-06-09,0.001023,7807946.0,,,,,,,,0.0002,-0.0028,0.0037,0.0015,0.001,0.0,,
2015-06-10,0.019422,9546931.0,,,,,,,,0.0119,0.0017,0.0021,-0.0004,0.0006,0.0,,
2015-06-11,-0.000501,6981010.0,,,,,,,,0.0021,-0.0008,-0.001,0.0016,-0.0003,0.0,,
2015-06-12,-0.006521,5896338.0,,,,,,,,-0.0063,0.0035,0.0012,0.0007,0.0012,0.0,,
2015-06-15,-0.00202,5635268.0,,,,,,,,-0.0045,0.0016,-0.0014,-0.002,-0.0026,0.0,,
2015-06-16,0.005312,4580328.0,,,,,,,,0.0057,0.0011,-0.0001,0.0011,-0.0006,0.0,,
2015-06-17,-0.004026,7029524.0,,,,,,,,0.0016,-0.0031,-0.0066,0.0016,-0.0012,0.0,,
2015-06-18,0.005306,7593771.0,,,,,,,,0.0099,0.0016,-0.0044,-0.0014,-0.0019,0.0,,
2015-06-19,-0.010555,10338755.0,,,,,,,,-0.0043,0.0052,-0.0021,0.0008,-0.0006,0.0,,
2015-06-22,0.012192,8676259.0,,,,,,,,0.0063,0.001,-0.0006,-0.0016,-0.0025,0.0,,
2015-06-23,0.009034,9380280.0,,,,,,,,0.0012,0.0025,0.0029,-0.001,-0.0003,0.0,,
2015-06-24,-0.014176,8065747.0,,,,,,,,-0.0079,-0.0014,0.0013,0.0016,0.0,0.0,,
2015-06-25,-0.010595,8939669.0,,,,,,,,-0.0025,0.0033,-0.0021,0.0016,-0.0008,0.0,,
2015-06-26,0.007139,8325633.0,,,,,,,,-0.0006,-0.0019,0.0041,0.0033,0.0034,0.0,,
2015-06-29,-0.030127,10819264.0,,,,,,,,-0.0214,-0.0042,0.0017,0.0033,0.0011,0.0,,
2015-06-30,0.012529,11102264.0,,,,,,,,0.0033,0.0029,-0.0066,-0.0031,-0.0066,0.0,,
2015-07-01,0.014695,10549881.0,,,,,,,,0.0061,-0.0075,-0.0004,0.0021,0.0007,0.0,,
2015-07-02,-0.009146,6801242.0,,,,,,,,-0.0011,-0.0061,-0.001,-0.0004,0.0,0.0,,
2015-07-06,-0.003846,8044486.0,,,,,,,,-0.0037,0.001,-0.0056,-0.002,-0.0022,0.0,,
2015-07-07,-0.00592,12759200.0,,,,,,,,0.0053,-0.005,-0.0028,0.0043,0.0002,0.0,,
2015-07-08,-0.021492,9113312.0,,,,,,,,-0.0168,-0.0002,0.0009,0.0015,0.0011,0.0,,
2015-07-09,0.008203,7285958.0,,,,,,,,0.0029,0.0016,0.0002,-0.0033,-0.0029,0.0,,
2015-07-10,0.014173,6780354.0,,,,,,,,0.0123,0.0018,-0.0052,-0.0021,-0.0011,0.0,,
2015-07-13,0.017598,7183852.0,,,,,,,,0.0114,-0.0011,-0.0043,0.0009,-0.0027,0.0,,
2015-07-14,0.009919,8054556.0,,,,,,,,0.0048,0.0015,0.001,-0.0029,-0.0026,0.0,,
2015-07-15,-0.000252,7649411.0,,,,,,,,-0.0018,-0.0079,-0.0006,-0.0022,-0.0029,0.0,,
2015-07-16,0.00529,7969827.0,,,,,,,,0.0077,-0.0025,-0.0064,-0.0025,-0.0066,0.0,,
2015-07-17,0.007266,8153729.0,,,,,,,,0.0005,-0.0068,-0.0065,-0.0024,-0.0095,0.0,,
2015-07-20,-0.00398,15141829.0,,,,,,,,-0.0001,-0.0078,-0.0061,0.0035,-0.0029,0.0,,
2015-07-21,0.000999,11773389.0,,,,,,,,-0.0046,0.0007,0.003,-0.0019,0.0,0.0,,
2015-07-22,0.011477,9435917.0,,,,,,,,-0.0017,0.0027,0.0023,-0.0038,0.0008,0.0,,
2015-07-23,-0.0148,10281597.0,,,,,,,,-0.0058,-0.0043,-0.0031,-0.0005,-0.0005,0.0,,
2015-07-24,-0.008513,8370083.0,,,,,,,,-0.0109,-0.0067,0.0004,0.0005,-0.0005,0.0,,
2015-07-27,-0.008838,11949051.0,,,,,,,,-0.0074,-0.0024,0.0005,0.001,0.0039,0.0,,
2015-07-28,0.0,9201095.0,,,,,,,,0.0123,-0.0036,-0.0014,0.0001,0.0014,0.0,,
2015-07-29,0.004841,9677759.0,,,,,,,,0.0075,-0.0024,0.0053,0.0095,0.0032,0.0,,
2015-07-30,0.000255,5512592.0,,,,,,,,0.001,0.0017,-0.0027,0.0012,-0.0017,0.0,,
2015-07-31,-0.011705,7347564.0,,,,,,,,-0.0015,0.0075,-0.0101,0.0026,-0.0003,0.0,,
2015-08-03,-0.00206,7078409.0,,,,,,,,-0.0034,-0.0033,-0.002,0.0006,0.0006,0.0,,
2015-08-04,0.004128,6365789.0,,,,,,,,-0.0014,-0.0001,-0.0013,-0.0003,0.0023,0.0,,
2015-08-05,0.002056,4981737.0,,,,,,,,0.0036,-0.0011,-0.004,-0.0002,-0.0007,0.0,,
2015-08-06,-0.001795,7573528.0,,,,,,,,-0.0088,-0.0034,0.0193,0.0032,0.0081,0.0,,
2015-08-07,-0.008991,8329465.0,,,,,,,,-0.0036,-0.0045,-0.003,0.0027,0.0009,0.0,,
2015-08-10,0.01296,5585040.0,,,,,,,,0.0131,0.0018,0.007,0.0017,0.0005,0.0,,
2015-08-11,-0.029683,11188895.0,,,,,,,,-0.0098,-0.0007,0.0042,0.0015,0.0009,0.0,,
2015-08-12,-0.00923,14087575.0,,,,,,,,0.0007,-0.0019,-0.0032,-0.0011,-0.0015,0.0,,
2015-08-13,0.004791,6554150.0,,,,,,,,-0.0014,-0.0044,0.0008,0.0013,-0.001,0.0,,
2015-08-14,0.007947,5029754.0,,,,,,,,0.0043,0.0014,0.0044,-0.0008,0.0009,0.0,,
2015-08-17,0.002365,5109176.0,,,,,,,,0.006,0.0034,-0.0086,-0.0021,-0.0046,0.0,,
2015-08-18,-0.00839,8794378.0,,,,,,,,-0.0035,-0.0061,0.0037,0.0036,0.0007,0.0,,
2015-08-19,-0.010048,8549678.0,,,,,,,,-0.0085,-0.002,-0.0022,-0.001,-0.0003,0.0,,
2015-08-20,-0.033921,14129359.0,,,,,,,,-0.0224,-0.002,0.0055,0.0065,0.0063,0.0,,
2015-08-21,-0.054189,30185686.0,,,,,,,,-0.0295,0.0183,0.0014,-0.0071,0.0082,0.0,,
2015-08-24,-0.057001,24624077.0,,,,,,,,-0.0391,0.0028,-0.0043,0.0046,0.0016,0.0,,
2015-08-25,-0.015499,19890077.0,,,,,,,,-0.0116,0.0058,-0.006,-0.0029,-0.0064,0.0,,
2015-08-26,0.048489,25346416.0,,,,,,,,0.0368,-0.0142,-0.0033,0.0017,-0.0068,0.0,,
2015-08-27,0.03003,21258640.0,,,,,,,,0.024,-0.0063,0.0061,-0.003,-0.0021,0.0,,
2015-08-28,-0.007289,13192417.0,,,,,,,,0.0023,0.0098,0.0008,-0.0025,0.0006,0.0,,
2015-08-31,0.011747,13392997.0,,,,,,,,-0.0074,0.009,0.0142,0.0009,0.0051,0.0,,
2015-09-01,-0.038607,14590115.0,,,,,,,,-0.0291,0.0024,-0.005,-0.0003,0.0007,0.0,,
2015-09-02,0.02023,12150955.0,,,,,,,,0.0182,-0.003,-0.0092,0.0018,-0.007,0.0,,
2015-09-03,0.000296,11670783.0,,,,,,,,0.0017,-0.002,0.0074,0.0033,0.0075,0.0,,
2015-09-04,-0.018047,12774080.0,,,,,,,,-0.0139,0.0083,-0.0057,-0.0007,-0.0048,0.0,,
2015-09-08,0.03254,13449171.0,,,,,,,,0.0252,-0.0038,-0.0058,-0.0008,-0.0029,0.0,,
2015-09-09,-0.015174,10657174.0,,,,,,,,-0.0134,0.0016,0.0015,0.0021,0.0004,0.0,,
2015-09-10,0.003556,9692524.0,,,,,,,,0.0049,-0.0018,-0.0036,-0.0021,-0.0068,0.0,,
2015-09-11,0.003543,7800867.0,,,,,,,,0.0044,-0.0028,-0.0069,-0.0009,-0.0033,0.0,,
2015-09-14,-0.005296,9102211.0,,,,,,,,-0.0041,0.0002,0.0004,-0.0002,-0.0006,0.0,,
2015-09-15,0.022774,8776696.0,,,,,,,,0.0122,-0.0016,0.0027,0.0001,0.0008,0.0,,
2015-09-16,0.001157,10540442.0,,,,,,,,0.0085,0.0005,0.0043,0.0031,0.0024,0.0,,
2015-09-17,-0.016465,13617157.0,,,,,,,,-0.0017,0.0077,-0.0149,-0.0026,-0.005,0.0,,
2015-09-18,-0.029956,19591325.0,,,,,,,,-0.0162,0.0031,-0.0096,-0.0042,-0.0051,0.0,,
2015-09-21,0.009385,8950862.0,,,,,,,,0.0036,-0.0084,0.0124,0.0048,0.0023,0.0,,
2015-09-22,-0.026995,13385546.0,,,,,,,,-0.0129,-0.0029,0.0013,0.003,0.0008,0.0,,
2015-09-23,-0.003699,12264653.0,,,,,,,,-0.0027,-0.0021,-0.0015,-0.0019,-0.0028,0.0,,
2015-09-24,-0.010829,16766459.0,,,,,,,,-0.0036,0.0027,0.0052,-0.0008,0.0004,0.0,,
2015-09-25,0.006881,13797827.0,,,,,,,,-0.0022,-0.0145,0.0187,0.0053,0.0068,0.0,,
2015-09-28,-0.034172,15445355.0,,,,,,,,-0.0263,-0.0023,0.0116,0.0064,0.0069,0.0,,
2015-09-29,-0.002573,13715874.0,,,,,,,,-0.0006,-0.0061,0.007,0.0071,0.0059,0.0,,
2015-09-30,0.015801,15024780.0,,,,,,,,0.0188,-0.005,-0.0044,-0.0042,-0.0035,0.0,,
2015-10-01,0.0,13358732.0,,,,,,,,0.0013,-0.0052,-0.0006,-0.0015,-0.002,0.0,,
2015-10-02,-0.002222,22822517.0,,,,,,,,0.0148,0.0026,-0.0084,-0.0011,-0.0005,0.0,,
2015-10-05,0.027362,11635718.0,,,,,,,,0.0193,0.0074,0.0077,0.0011,0.0068,0.0,,
2015-10-06,0.002168,8875105.0,,,,,,,,-0.0043,-0.0008,0.0164,0.0034,0.0059,0.0,,
2015-10-07,0.017614,13600771.0,,,,,,,,0.0094,0.0077,-0.0024,-0.0012,0.0007,0.0,,
2015-10-08,0.001822,11407643.0,,,,,,,,0.0085,0.0034,0.0074,0.0052,0.0075,0.0,,
2015-10-09,-0.008184,11710992.0,,,,,,,,0.0012,0.0011,-0.0108,0.0014,-0.0018,0.0,,
2015-10-12,0.002445,7034510.0,,,,,,,,0.0006,-0.0043,-0.0008,0.0011,-0.0012,0.0,,
2015-10-13,-0.005793,10943718.0,,,,,,,,-0.0073,-0.0067,0.0066,0.0033,0.0019,0.0,,
2015-10-14,-0.002147,9877460.0,,,,,,,,-0.006,-0.0029,-0.0007,-0.0042,0.0041,0.0,,
2015-10-15,0.032883,12920484.0,,,,,,,,0.0156,0.0062,-0.0009,-0.0107,-0.0045,0.0,,
2015-10-16,0.010116,13804697.0,,,,,,,,0.0035,-0.0053,-0.0032,0.0004,0.0001,0.0,,
2015-10-19,-0.048012,39255633.0,,,,,,,,0.0,0.0009,-0.0068,0.0015,-0.0035,0.0,,
2015-10-20,-0.002166,23590412.0,,,,,,,,-0.0015,0.0016,0.0122,0.0046,0.0029,0.0,,
2015-10-21,-0.023876,22317315.0,,,,,,,,-0.0073,-0.0089,-0.002,0.0044,0.0022,0.0,,
2015-10-22,0.027637,18753847.0,,,,,,,,0.015,-0.0077,0.0032,0.0005,0.0058,0.0,,
2015-10-23,0.008346,14730705.0,,,,,,,,0.0109,-0.0008,-0.0056,0.0021,-0.0081,0.0,,
2015-10-26,-0.002146,10952312.0,,,,,,,,-0.002,-0.0045,-0.0072,0.0021,-0.0015,0.0,,
2015-10-27,-0.009831,13302409.0,,,,,,,,-0.0042,-0.0106,-0.0093,-0.0042,-0.005,0.0,,
2015-10-28,0.042197,17285581.0,,,,,,,,0.0143,0.0151,0.0068,-0.007,-0.0016,0.0,,
2015-10-29,0.00299,12759605.0,,,,,,,,-0.002,-0.0084,-0.0006,0.0036,-0.003,0.0,,
2015-10-30,-0.016995,13581073.0,,,,,,,,-0.0042,0.0018,-0.0057,0.0037,0.0007,0.0,,
2015-11-02,0.015469,9887911.0,,,,,,,,0.0125,0.009,-0.0002,-0.0053,-0.0008,0.0,,
2015-11-03,-0.005675,11389795.0,,,,,,,,0.0033,0.0043,0.0024,0.0004,-0.0011,0.0,,
2015-11-04,0.003304,9125368.0,,,,,,,,-0.0025,0.0016,-0.0032,-0.0063,-0.0071,0.0,,
2015-11-05,0.014371,12192336.0,,,,,,,,-0.0007,0.0003,0.0049,0.0002,0.0014,0.0,,
2015-11-06,0.045159,19355167.0,,,,,,,,0.0014,0.0093,0.0033,-0.0053,-0.001,0.0,,
2015-11-09,-0.008472,10976791.0,,,,,,,,-0.0095,-0.0031,-0.0004,-0.0063,-0.0009,0.0,,
2015-11-10,0.003703,7335612.0,,,,,,,,0.0013,0.0,0.0022,-0.0014,0.0022,0.0,,
2015-11-11,-0.006243,7511346.0,,,,,,,,-0.0043,-0.0055,-0.0018,-0.0008,0.0007,0.0,,
2015-11-12,-0.022559,10403434.0,,,,,,,,-0.0145,-0.0058,-0.0041,0.0015,-0.003,0.0,,
2015-11-13,-0.008764,8727958.0,,,,,,,,-0.0106,0.0034,0.0036,-0.0056,0.0044,0.0,,
2015-11-16,0.003537,11227415.0,,,,,,,,0.0139,-0.0054,0.0048,0.0019,-0.0013,0.0,,
2015-11-17,-0.01351,10853281.0,,,,,,,,-0.0011,-0.0023,-0.0064,0.0,-0.0017,0.0,,
2015-11-18,0.019649,10396151.0,,,,,,,,0.0161,-0.0003,-0.0008,-0.0012,-0.004,0.0,,
2015-11-19,-0.002336,8947765.0,,,,,,,,-0.0013,-0.0028,-0.0017,0.0018,0.0015,0.0,,
2015-11-20,-0.007609,8624129.0,,,,,,,,0.0035,0.0039,-0.0039,0.0029,0.0002,0.0,,
2015-11-23,-0.007962,7963022.0,,,,,,,,-0.0001,0.006,-0.0035,0.0009,-0.0016,0.0,,
2015-11-24,-0.001486,7954498.0,,,,,,,,0.0021,0.0074,0.0025,0.0018,0.0008,0.0,,
2015-11-25,0.000595,6209990.0,,,,,,,,0.0007,0.0085,-0.0054,-0.0009,-0.001,0.0,,
2015-11-27,0.005058,3014557.0,,,,,,,,0.0009,0.0021,-0.0029,-0.0016,0.0009,0.0,,
2015-11-30,0.015394,17416259.0,,,,,,,,-0.0048,0.0019,0.0067,-0.0024,0.0009,0.0,,
2015-12-01,0.02828,18594168.0,,,,,,,,0.0097,-0.0064,0.0025,-0.0009,-0.0015,0.0,,
2015-12-02,-0.010774,10996526.0,,,,,,,,-0.0101,0.0019,-0.007,0.0005,-0.0015,0.0,,
2015-12-03,-0.012611,15021229.0,,,,,,,,-0.015,-0.0018,0.004,0.0032,0.0024,0.0,,
2015-12-04,0.025254,13205404.0,,,,,,,,0.0187,-0.0103,-0.0048,0.0013,-0.0031,0.0,,
2015-12-07,-0.01812,8389228.0,,,,,,,,-0.0083,-0.0088,-0.0068,0.0069,0.0016,0.0,,
2015-12-08,-0.017878,10613371.0,,,,,,,,-0.0058,0.0025,-0.0119,-0.0016,-0.0078,0.0,,
2015-12-09,-0.020258,13211217.0,,,,,,,,-0.0083,-0.0023,0.0039,0.0051,0.0062,0.0,,
2015-12-10,0.001498,10674487.0,,,,,,,,0.003,0.0011,-0.0023,0.0015,-0.0021,0.0,,
2015-12-11,-0.040096,16133019.0,,,,,,,,-0.0202,-0.0021,-0.0006,0.0019,0.0035,0.0,,
2015-12-14,-0.006234,14990131.0,,,,,,,,0.0029,-0.0111,-0.0017,0.001,-0.0039,0.0,,
2015-12-15,0.030113,13708783.0,,,,,,,,0.011,0.0022,0.0079,-0.0077,0.0014,0.0,,
2015-12-16,0.023447,13682879.0,,,,,,,,0.0147,0.0002,-0.0068,-0.0013,-0.0017,0.0,,
2015-12-17,-0.036596,15959804.0,,,,,,,,-0.0146,0.0032,-0.0036,-0.0023,-0.001,0.0,,
2015-12-18,-0.033663,19331713.0,,,,,,,,-0.0169,0.0069,-0.0037,-0.003,0.0021,0.0,,
2015-12-21,0.012464,10920073.0,,,,,,,,0.0074,-0.0018,-0.0007,-0.0014,0.0008,0.0,,
2015-12-22,0.017046,11468401.0,,,,,,,,0.0089,0.0001,0.0051,0.0021,0.0052,0.0,,
2015-12-23,0.011794,6807062.0,,,,,,,,0.0129,0.0021,0.0057,-0.0001,0.0011,0.0,,
2015-12-24,-0.003681,2798163.0,,,,,,,,-0.0011,0.0027,-0.0002,-0.0022,0.0012,0.0,,
2015-12-28,-0.009544,5420280.0,,,,,,,,-0.0028,-0.0054,-0.0036,0.0008,-0.0008,0.0,,
2015-12-29,0.011812,6388244.0,,,,,,,,0.0105,0.0003,-0.0027,0.0001,-0.0035,0.0,,
2015-12-30,-0.009831,5057162.0,,,,,,,,-0.0074,-0.0018,-0.0015,0.0005,0.0016,0.0,,
2015-12-31,-0.013031,8154307.0,,,,,,,,-0.0092,-0.0021,0.0023,-0.0012,0.0008,0.0,,
2016-01-04,-0.010374,15749202.0,,,,,,,,-0.0159,-0.0077,0.0052,0.0035,0.0042,0.0,,
2016-01-05,-0.006353,9850456.0,,,,,,,,0.0013,-0.0022,0.0,0.0008,0.0028,0.0,,
2016-01-06,-0.024936,13057409.0,,,,,,,,-0.0134,-0.0023,0.0001,0.0013,0.0002,0.0,,
2016-01-07,-0.049836,18138205.0,,,,,,,,-0.0244,-0.0028,0.0008,0.005,0.0039,0.0,,
2016-01-08,-0.020704,15295619.0,,,,,,,,-0.0111,-0.0052,-0.0003,0.0024,0.0006,0.0,,
2016-01-11,0.002819,19414757.0,,,,,,,,-0.0006,-0.0062,0.004,0.0064,0.0044,0.0,,
2016-01-12,0.0,16041784.0,,,,,,,,0.0072,-0.0049,-0.0078,-0.001,-0.0034,0.0,,
2016-01-13,-0.055165,29721896.0,,,,,,,,-0.0266,-0.0059,0.008,0.0041,0.0073,0.0,,
2016-01-14,0.009669,23814459.0,,,,,,,,0.0165,-0.0004,-0.0041,-0.0059,-0.0045,0.0,,
2016-01-15,-0.043462,29462230.0,,,,,,,,-0.0213,0.0041,-0.0022,0.0036,0.0035,0.0,,
2016-01-19,0.011167,28788187.0,,,,,,,,-0.0019,-0.0137,-0.0007,0.0035,0.0026,0.0,,
2016-01-20,-0.038842,25940940.0,,,,,,,,-0.0094,0.017,-0.0126,0.0008,-0.0057,0.0,,
2016-01-21,-0.018225,22130308.0,,,,,,,,0.0045,-0.0048,-0.0001,0.0049,0.0064,0.0,,
2016-01-22,0.033495,22498441.0,,,,,,,,0.0208,0.0012,-0.0019,-0.0048,-0.0073,0.0,,
2016-01-25,-0.0246,20144627.0,,,,,,,,-0.017,-0.0053,-0.0098,0.0035,-0.0004,0.0,,
2016-01-26,0.020416,13362884.0,,,,,,,,0.0152,0.0062,0.0118,0.0064,0.0071,0.0,,
2016-01-27,0.001177,19796297.0,,,,,,,,-0.0111,-0.004,0.017,-0.0019,0.0109,0.0,,
2016-01-28,-0.007883,16015570.0,,,,,,,,0.0049,-0.0056,0.0126,-0.0029,-0.0048,0.0,,
2016-01-29,0.028208,18766512.0,,,,,,,,0.0257,0.0061,0.0042,0.0,0.0049,0.0,,
2016-02-01,-0.006569,11177862.0,,,,,,,,-0.0004,-0.0031,-0.01,0.0008,-0.0041,0.0,,
2016-02-02,-0.047063,18326782.0,,,,,,,,-0.02,-0.0015,-0.0036,0.0028,0.0035,0.0,,
2016-02-03,-0.007347,25132938.0,,,,,,,,0.0046,-0.0023,0.0045,0.0041,0.0036,0.0,,
2016-02-04,0.028372,17497486.0,,,,,,,,0.0027,0.003,0.0035,0.0023,0.0014,0.0,,
2016-02-05,-0.026389,16106069.0,,,,,,,,-0.0206,-0.007,0.0163,0.0101,0.0139,0.0,,
2016-02-08,-0.068994,24258736.0,,,,,,,,-0.0151,0.0015,0.0082,0.0169,0.0091,0.0,,
2016-02-09,0.011469,25642034.0,,,,,,,,-0.0008,-0.0055,-0.0029,-0.0003,0.0002,0.0,,
2016-02-10,-0.010031,21564213.0,,,,,,,,0.0001,-0.0021,-0.0055,-0.0029,-0.0078,0.0,,
2016-02-11,-0.044493,29160403.0,,,,,,,,-0.0117,0.0028,-0.0147,0.0038,-0.0038,0.0,,
2016-02-12,0.064546,22802246.0,,,,,,,,0.0198,-0.0025,0.0108,-0.004,0.0035,0.0,,
2016-02-16,0.027285,20565476.0,,,,,,,,0.0178,0.0051,-0.0052,-0.0002,-0.0028,0.0,,
2016-02-17,0.021501,19226548.0,,,,,,,,0.0174,-0.0014,-0.0065,-0.0039,-0.0046,0.0,,
2016-02-18,-0.011143,17521236.0,,,,,,,,-0.0051,-0.0002,0.0022,0.0039,0.0053,0.0,,
2016-02-19,0.001669,12986180.0,,,,,,,,0.0006,0.0029,-0.0058,-0.0065,-0.0039,0.0,,
2016-02-22,0.0225,12182034.0,,,,,,,,0.0143,-0.0019,0.0026,0.0025,-0.0025,0.0,,
2016-02-23,-0.033822,14728816.0,,,,,,,,-0.0121,0.0037,-0.005,0.0076,0.0046,0.0,,
2016-02-24,0.0,20271352.0,,,,,,,,0.0054,0.0065,-0.0029,-0.0003,0.001,0.0,,
2016-02-25,0.038802,17568580.0,,,,,,,,0.011,-0.0045,0.0022,-0.0006,-0.0025,0.0,,
2016-02-26,0.021519,19257994.0,,,,,,,,-0.0002,0.0086,0.0029,-0.0056,0.0003,0.0,,
2016-02-29,-0.018283,13301518.0,,,,,,,,-0.0069,0.007,0.0025,0.0015,0.0043,0.0,,
2016-03-01,0.056275,17196997.0,,,,,,,,0.0234,-0.0066,0.0039,-0.0059,-0.0059,0.0,,
2016-03-02,0.000767,16119336.0,,,,,,,,0.0054,0.006,0.0068,-0.0071,-0.0013,0.0,,
2016-03-03,0.001149,11515383.0,,,,,,,,0.005,0.0058,0.0065,0.0028,0.0037,0.0,,
2016-03-04,-0.000383,13629360.0,,,,,,,,0.0037,0.0034,0.0028,0.001,0.0006,0.0,,
2016-03-07,-0.001531,9835327.0,,,,,,,,0.0021,0.0131,0.0055,-0.0048,0.0044,0.0,,
2016-03-08,-0.041395,21715067.0,,,,,,,,-0.0127,-0.0128,-0.0047,0.0066,0.0014,0.0,,
2016-03-09,-0.015994,23542331.0,,,,,,,,0.005,0.001,0.004,0.0024,0.0015,0.0,,
2016-03-10,0.001625,20117252.0,,,,,,,,-0.001,-0.0077,0.0062,0.0031,0.002,0.0,,
2016-03-11,0.054767,24457329.0,,,,,,,,0.0169,0.0031,0.0023,-0.0042,-0.0035,0.0,,
2016-03-14,-0.003462,17603309.0,,,,,,,,-0.0012,-0.0016,-0.009,-0.0002,-0.0025,0.0,,
2016-03-15,-0.018526,15900486.0,,,,,,,,-0.0035,-0.0147,0.0069,0.0043,0.001,0.0,,
2016-03-16,-0.010617,17841118.0,,,,,,,,0.0063,0.0011,-0.0009,0.0059,-0.0005,0.0,,
2016-03-17,0.027425,20718863.0,,,,,,,,0.0071,0.0096,0.0059,0.0012,0.0069,0.0,,
2016-03-18,0.016634,24032001.0,,,,,,,,0.0054,0.0045,-0.0014,-0.0023,0.0019,0.0,,
2016-03-21,-0.012938,10053966.0,,,,,,,,0.001,-0.0029,-0.0032,-0.0009,-0.0033,0.0,,
2016-03-22,-0.003855,13623895.0,,,,,,,,-0.0005,-0.0009,-0.0045,-0.0031,-0.0026,0.0,,
2016-03-23,-0.022059,10430600.0,,,,,,,,-0.0085,-0.012,-0.0016,0.0068,0.0001,0.0,,
2016-03-24,-0.013455,15777894.0,,,,,,,,0.0,0.0044,-0.0006,0.0005,0.0,0.0,,
2016-03-28,-0.008424,9540220.0,,,,,,,,0.0004,-0.0003,0.0016,-0.0004,0.0024,0.0,,
2016-03-29,0.002427,13927214.0,,,,,,,,0.0107,0.0167,-0.0119,0.002,-0.0058,0.0,,
2016-03-30,0.011703,11502429.0,,,,,,,,0.0041,-0.0027,0.0016,-0.0007,0.0005,0.0,,
2016-03-31,-0.002393,15491958.0,,,,,,,,-0.0011,0.0042,-0.0049,-0.0011,-0.0012,0.0,,
2016-04-01,0.020792,15484813.0,,,,,,,,0.0064,-0.0034,-0.0063,-0.0038,-0.0016,0.0,,
2016-04-04,-0.019193,11408549.0,,,,,,,,-0.0041,-0.0029,-0.0078,-0.0025,-0.002,0.0,,
2016-04-05,-0.026358,12859998.0,,,,,,,,-0.0094,-0.0018,-0.0038,0.0009,0.0017,0.0,,
2016-04-06,0.001641,14981998.0,,,,,,,,0.0114,0.0009,-0.0076,-0.0054,-0.0065,0.0,,
2016-04-07,-0.028665,17145384.0,,,,,,,,-0.0123,-0.001,-0.0038,-0.0001,0.0019,0.0,,
2016-04-08,0.001265,10000599.0,,,,,,,,0.0029,0.0013,0.0068,0.0037,0.0031,0.0,,
2016-04-11,0.015158,12107610.0,,,,,,,,-0.0028,-0.0001,0.0095,0.0,0.0031,0.0,,
2016-04-12,0.019494,14947793.0,,,,,,,,0.0099,0.0001,0.0087,0.0003,-0.0012,0.0,,
2016-04-13,0.052889,18251028.0,,,,,,,,0.0123,0.0098,0.0038,-0.0048,-0.0036,0.0,,
2016-04-14,0.011206,18678383.0,,,,,,,,0.0003,-0.0024,0.0014,-0.0035,-0.0012,0.0,,
2016-04-15,-0.015667,14899907.0,,,,,,,,-0.0004,0.003,-0.0034,0.0023,0.0015,0.0,,
2016-04-18,-0.001165,29605065.0,,,,,,,,0.0065,0.0015,-0.0019,-0.0016,-0.0007,0.0,,
2016-04-19,0.028372,23006476.0,,,,,,,,0.0028,-0.0019,0.0148,-0.002,0.0036,0.0,,
2016-04-20,0.035903,24836304.0,,,,,,,,0.0015,-0.0001,0.0058,-0.0029,-0.0012,0.0,,
2016-04-21,-0.005472,16579305.0,,,,,,,,-0.0048,-0.0002,-0.006,-0.006,-0.0034,0.0,,
2016-04-22,0.016141,19084068.0,,,,,,,,0.0012,0.0103,0.0051,-0.0008,0.0093,0.0,,
2016-04-25,-0.006137,11748841.0,,,,,,,,-0.0024,-0.0066,-0.0018,0.001,-0.0017,0.0,,
2016-04-26,0.000726,13779800.0,,,,,,,,0.0029,0.0082,0.0081,0.003,0.006,0.0,,
2016-04-27,0.004719,12481685.0,,,,,,,,0.0021,0.0019,0.007,-0.0018,0.0075,0.0,,
2016-04-28,-0.010897,11096600.0,,,,,,,,-0.0096,-0.0019,-0.0002,-0.0048,0.0056,0.0,,
2016-04-29,-0.006243,15477364.0,,,,,,,,-0.005,-0.0021,0.0036,0.0006,-0.0025,0.0,,
2016-05-02,0.007391,14987458.0,,,,,,,,0.0078,0.0,-0.0038,0.0003,-0.0012,0.0,,
2016-05-03,-0.013573,16716584.0,,,,,,,,-0.0105,-0.0073,-0.0045,0.0053,0.0004,0.0,,
2016-05-04,-0.022685,15144469.0,,,,,,,,-0.0066,-0.0016,0.0005,0.0051,0.0026,0.0,,
2016-05-05,-0.004186,11909840.0,,,,,,,,-0.0008,-0.0052,0.0006,0.0013,-0.0001,0.0,,
2016-05-06,0.003057,12002260.0,,,,,,,,0.0038,0.0006,0.0024,0.0018,0.0025,0.0,,
2016-05-09,-0.005714,10734419.0,,,,,,,,0.0005,0.0021,-0.0146,0.0013,-0.0049,0.0,,
2016-05-10,0.020307,11200019.0,,,,,,,,0.0126,-0.0037,0.005,-0.0015,0.0005,0.0,,
2016-05-11,-0.010139,9589938.0,,,,,,,,-0.0089,-0.0032,0.0079,-0.0039,0.0003,0.0,,
2016-05-12,-0.004932,9838260.0,,,,,,,,-0.0011,-0.0062,0.0014,0.0036,0.0007,0.0,,
2016-05-13,-0.012962,13378807.0,,,,,,,,-0.0082,0.0029,-0.0067,-0.0055,-0.0018,0.0,,
2016-05-16,0.01236,9883850.0,,,,,,,,0.0099,0.0021,-0.0023,-0.001,-0.003,0.0,,
2016-05-17,-0.001908,14474052.0,,,,,,,,-0.0095,-0.0071,0.0061,-0.0014,-0.0011,0.0,,
2016-05-18,0.041284,20335547.0,,,,,,,,0.001,0.0018,0.0089,-0.0133,-0.0063,0.0,,
2016-05-19,-0.023128,11487084.0,,,,,,,,-0.0032,-0.0034,-0.0026,0.0036,-0.0002,0.0,,
2016-05-20,0.006013,14312953.0,,,,,,,,0.0075,0.0085,-0.0026,-0.004,-0.0036,0.0,,
2016-05-23,0.002241,8913106.0,,,,,,,,-0.0019,0.0024,-0.0032,-0.0023,0.001,0.0,,
2016-05-24,0.021618,18026113.0,,,,,,,,0.0143,0.0063,-0.0035,-0.001,-0.0038,0.0,,
2016-05-25,0.013499,15858145.0,,,,,,,,0.0071,-0.0012,0.0056,0.0022,-0.0008,0.0,,
2016-05-26,-0.012959,10080056.0,,,,,,,,-0.0004,-0.0016,-0.0053,0.0015,-0.0023,0.0,,
2016-05-27,0.004012,10156095.0,,,,,,,,0.0048,0.0036,-0.0017,-0.0012,-0.001,0.0,,
2016-05-31,-0.005812,12723372.0,,,,,,,,-0.0001,0.0046,-0.0037,-0.002,-0.0032,0.0,,
2016-06-01,0.004384,11175080.0,,,,,,,,0.002,0.0063,-0.0021,-0.0028,0.0006,0.0,,
2016-06-02,-0.007639,8077673.0,,,,,,,,0.0035,0.0026,-0.0058,-0.002,-0.0004,0.0,,
2016-06-03,-0.027126,14562647.0,,,,,,,,-0.0038,-0.0021,-0.0007,0.0052,0.0014,0.0,,
2016-06-06,0.011681,10174192.0,,,,,,,,0.006,0.0072,0.0031,-0.0018,-0.0008,0.0,,
2016-06-07,-0.012291,9949074.0,,,,,,,,0.0012,0.0021,0.001,0.0036,0.0023,0.0,,
2016-06-08,0.000754,10311474.0,,,,,,,,0.0037,0.0043,-0.0009,0.0003,-0.0008,0.0,,
2016-06-09,-0.017332,9892974.0,,,,,,,,-0.0027,-0.0044,-0.0024,0.0033,0.0012,0.0,,
2016-06-10,-0.020706,13449838.0,,,,,,,,-0.0105,-0.0039,-0.0018,0.0018,0.0061,0.0,,
2016-06-13,-0.010963,12824281.0,,,,,,,,-0.0084,-0.0036,0.0012,-0.0022,-0.0001,0.0,,
2016-06-14,-0.026128,15812914.0,,,,,,,,-0.0019,0.0014,-0.0072,0.0033,0.0003,0.0,,
2016-06-15,0.004878,17393040.0,,,,,,,,-0.0011,0.0023,-0.0003,-0.0009,0.0002,0.0,,
2016-06-16,0.014159,16309381.0,,,,,,,,0.0024,-0.0032,-0.0044,0.0025,0.0031,0.0,,
2016-06-17,0.009573,19295853.0,,,,,,,,-0.003,0.0007,0.0095,0.0042,0.0062,0.0,,
2016-06-20,0.023311,17426373.0,,,,,,,,0.0071,0.006,0.0001,-0.0018,0.001,0.0,,
2016-06-21,0.011583,12357082.0,,,,,,,,0.0021,-0.0061,0.0051,-0.0019,-0.0001,0.0,,
2016-06-22,0.007252,14542936.0,,,,,,,,-0.002,-0.0031,0.0007,0.001,-0.0001,0.0,,
2016-06-23,0.034104,18027229.0,,,,,,,,0.0145,0.0056,0.0047,-0.0056,-0.0018,0.0,,
2016-06-24,-0.101502,49311895.0,,,,,,,,-0.0369,0.0002,-0.0121,0.0098,0.0007,0.0,,
2016-06-27,-0.037113,25786301.0,,,,,,,,-0.0206,-0.0106,-0.0072,0.0062,0.0043,0.0,,
2016-06-28,0.042355,19792311.0,,,,,,,,0.0176,-0.0037,0.0016,-0.0063,-0.0057,0.0,,
2016-06-29,0.025193,13760846.0,,,,,,,,0.0179,0.0031,-0.0004,-0.0013,-0.0026,0.0,,
2016-06-30,0.029727,19736330.0,,,,,,,,0.0142,0.0039,0.0042,-0.0011,0.0038,0.0,,
2016-07-01,-0.002309,8863443.0,,,,,,,,0.0024,0.0046,-0.0043,-0.0007,0.0023,0.0,,
2016-07-05,-0.035494,13317306.0,,,,,,,,-0.0084,-0.0083,-0.0138,0.0061,-0.0071,0.0,,
2016-07-06,0.006,14164987.0,,,,,,,,0.0062,0.0018,-0.0012,-0.0005,-0.0015,0.0,,
2016-07-07,0.021471,13428720.0,,,,,,,,0.0002,0.0032,-0.0018,0.0014,-0.0027,0.0,,
2016-07-08,0.026469,14141631.0,,,,,,,,0.0159,0.0097,0.0033,0.0002,0.0029,0.0,,
2016-07-11,0.003413,13212971.0,,,,,,,,0.0042,0.0068,0.0028,0.0032,-0.0011,0.0,,
2016-07-12,0.034392,15516934.0,,,,,,,,0.0075,0.0074,0.0098,-0.0058,0.0065,0.0,,
2016-07-13,-0.007673,12911881.0,,,,,,,,-0.0004,-0.0046,0.0048,0.0051,-0.0001,0.0,,
2016-07-14,0.030928,15436585.0,,,,,,,,0.0051,-0.0041,0.0046,-0.0001,0.0002,0.0,,
2016-07-15,0.000357,18519759.0,,,,,,,,-0.0005,0.0029,0.0001,-0.0029,-0.0001,0.0,,
2016-07-18,0.00714,14083887.0,,,,,,,,0.0024,0.0001,-0.0014,0.0004,-0.0022,0.0,,
2016-07-19,-0.000709,21511226.0,,,,,,,,-0.0022,-0.0064,0.0004,0.0045,-0.0024,0.0,,
2016-07-20,0.020929,28606072.0,,,,,,,,0.0048,0.0039,-0.0089,-0.0005,-0.0035,0.0,,
2016-07-21,0.003127,20364750.0,,,,,,,,-0.0038,-0.0006,-0.0003,0.0015,0.0004,0.0,,
2016-07-22,0.001732,12996662.0,,,,,,,,0.0048,0.0028,-0.0013,0.004,-0.0026,0.0,,
2016-07-25,0.007261,10622881.0,,,,,,,,-0.0027,-0.0005,-0.0023,0.0044,-0.0041,0.0,,
2016-07-26,0.003433,15019480.0,,,,,,,,0.0013,0.0061,0.0054,-0.0053,0.0075,0.0,,
2016-07-27,-0.000342,13672223.0,,,,,,,,-0.0014,0.005,-0.0043,-0.0014,-0.0056,0.0,,
2016-07-28,-0.005513,11528356.0,,,,,,,,0.0019,-0.0052,-0.0033,-0.0011,-0.0013,0.0,,
2016-07-29,-0.004505,10498503.0,,,,,,,,0.0017,-0.0005,0.0003,-0.0002,0.0035,0.0,,
2016-08-01,-0.008006,10395972.0,,,,,,,,-0.0016,0.0007,-0.009,0.0047,-0.0075,0.0,,
2016-08-02,-0.017544,16915456.0,,,,,,,,-0.007,-0.0061,0.0017,-0.0042,0.0013,0.0,,
2016-08-03,0.015,10561990.0,,,,,,,,0.0045,0.006,0.008,-0.007,0.0015,0.0,,
2016-08-04,-0.004926,12162934.0,,,,,,,,0.0005,0.0007,-0.0038,0.0017,0.0007,0.0,,
2016-08-05,0.025813,11881867.0,,,,,,,,0.0092,0.0055,0.01,-0.0057,-0.0033,0.0,,
2016-08-08,0.003792,9018550.0,,,,,,,,-0.0006,0.0011,0.005,0.0006,0.0044,0.0,,
2016-08-09,0.007555,11012614.0,,,,,,,,0.0005,-0.0007,-0.0028,-0.002,-0.0023,0.0,,
2016-08-10,-0.007839,8186668.0,,,,,,,,-0.0029,-0.0047,-0.0018,0.0062,0.0003,0.0,,
2016-08-11,0.009275,8741090.0,,,,,,,,0.0054,0.0015,0.0003,-0.0032,0.0021,0.0,,
2016-08-12,-0.007148,9749038.0,,,,,,,,-0.0006,0.0013,-0.0017,-0.0014,-0.0026,0.0,,
2016-08-15,0.016798,9410977.0,,,,,,,,0.0038,0.0081,0.0039,-0.0027,0.0039,0.0,,
2016-08-16,0.019892,22161925.0,,,,,,,,-0.0057,-0.0021,0.0058,-0.0012,0.0032,0.0,,
2016-08-17,0.003967,12326976.0,,,,,,,,0.0012,-0.0051,0.0024,0.0001,0.0007,0.0,,
2016-08-18,0.005927,13369434.0,,,,,,,,0.0032,0.0049,0.0034,-0.0046,0.0036,0.0,,
2016-08-19,0.0,8832109.0,,,,,,,,-0.0011,0.0007,-0.0013,0.0022,-0.0012,0.0,,
2016-08-22,0.001637,6613882.0,,,,,,,,-0.0002,0.0023,-0.004,0.0001,-0.0039,0.0,,
2016-08-23,0.003922,7907729.0,,,,,,,,0.0026,0.0055,-0.0001,-0.0002,0.0006,0.0,,
2016-08-24,0.006185,12453478.0,,,,,,,,-0.0055,-0.0045,0.0037,0.0042,-0.0008,0.0,,
2016-08-25,0.001941,7838740.0,,,,,,,,-0.0008,0.0021,0.0048,-0.0026,0.0029,0.0,,
2016-08-26,0.006135,10693437.0,,,,,,,,-0.0015,0.0011,-0.0008,-0.0039,-0.0021,0.0,,
2016-08-29,0.008023,9167771.0,,,,,,,,0.0053,0.0,0.0034,-0.0008,0.0019,0.0,,
2016-08-30,0.024833,13745602.0,,,,,,,,-0.0014,0.0022,0.0028,-0.0012,-0.0033,0.0,,
2016-08-31,-0.004039,15561210.0,,,,,,,,-0.0024,-0.0035,0.0015,0.0025,-0.0037,0.0,,
2016-09-01,-0.004679,11986456.0,,,,,,,,0.0003,0.0005,-0.0051,0.001,-0.0014,0.0,,
2016-09-02,-0.000627,12288199.0,,,,,,,,0.0053,0.0043,0.0036,-0.0015,0.0021,0.0,,
2016-09-06,-0.00439,14191389.0,,,,,,,,0.0027,0.0003,-0.0055,-0.006,-0.0004,0.0,,
2016-09-07,-0.00189,10845008.0,,,,,,,,0.0009,0.0061,0.0002,-0.0005,-0.0023,0.0,,
2016-09-08,0.011045,12696066.0,,,,,,,,-0.0018,0.0004,0.0059,-0.0084,0.0039,0.0,,
2016-09-09,-0.014045,16493884.0,,,,,,,,-0.0246,-0.0057,0.0043,0.0,-0.0044,0.0,,
2016-09-12,0.020576,13888148.0,,,,,,,,0.0144,-0.0004,-0.0044,-0.0015,-0.0019,0.0,,
2016-09-13,-0.024194,13954085.0,,,,,,,,-0.0148,-0.0031,-0.0043,0.0055,-0.0071,0.0,,
2016-09-14,0.003179,11687598.0,,,,,,,,-0.0008,0.0005,-0.0081,0.0009,-0.0048,0.0,,
2016-09-15,0.012357,10056469.0,,,,,,,,0.0107,0.003,-0.0032,0.0007,-0.0018,0.0,,
2016-09-16,-0.011268,14756151.0,,,,,,,,-0.0036,0.0029,-0.0044,0.0021,-0.0019,0.0,,
2016-09-19,0.000317,7806455.0,,,,,,,,0.0005,0.0051,0.0015,-0.0009,0.0035,0.0,,
2016-09-20,0.003165,8848978.0,,,,,,,,-0.0001,-0.0035,-0.004,-0.0055,-0.0011,0.0,,
2016-09-21,0.00694,10073632.0,,,,,,,,0.0112,0.0021,0.0033,-0.0037,0.0053,0.0,,
2016-09-22,0.010025,8185280.0,,,,,,,,0.007,0.0081,-0.0006,0.0008,0.0013,0.0,,
2016-09-23,-0.010236,9400557.0,,,,,,,,-0.0059,-0.0005,-0.002,0.0052,-0.0052,0.0,,
2016-09-26,-0.027578,10217675.0,,,,,,,,-0.0088,-0.003,-0.0036,-0.0015,0.0019,0.0,,
2016-09-27,0.010313,9753462.0,,,,,,,,0.0064,-0.0013,-0.0049,-0.0004,-0.0039,0.0,,
2016-09-28,0.013397,7425143.0,,,,,,,,0.0056,0.0023,0.011,-0.009,0.0114,0.0,,
2016-09-29,-0.022978,12529741.0,,,,,,,,-0.0098,-0.0039,0.005,0.0027,0.0068,0.0,,
2016-09-30,0.032861,16269726.0,,,,,,,,0.0088,0.0043,0.0034,-0.0019,0.0009,0.0,,
2016-10-03,-0.003431,10324254.0,,,,,,,,-0.0026,-0.0003,-0.0014,0.0005,0.0016,0.0,,
2016-10-04,0.002817,9525387.0,,,,,,,,-0.0045,0.0006,0.0014,0.0011,-0.0032,0.0,,
2016-10-05,0.01623,11157666.0,,,,,,,,0.0058,0.0042,0.008,-0.0049,0.0044,0.0,,
2016-10-06,-0.005221,11347166.0,,,,,,,,-0.0006,-0.0022,0.0028,0.0045,0.0024,0.0,,
2016-10-07,-0.00247,11406104.0,,,,,,,,-0.0038,-0.0054,0.002,-0.0028,-0.0036,0.0,,
2016-10-10,0.007738,6609180.0,,,,,,,,0.0052,0.0057,0.0005,-0.0053,-0.002,0.0,,
2016-10-11,-0.011671,6827702.0,,,,,,,,-0.013,-0.0056,0.0043,0.004,0.0008,0.0,,
2016-10-12,-0.00839,6743261.0,,,,,,,,0.0006,-0.0022,0.0034,0.0067,0.0013,0.0,,
2016-10-13,-0.005641,13893520.0,,,,,,,,-0.0041,-0.0075,-0.0062,0.0033,-0.0017,0.0,,
2016-10-14,0.010715,13734116.0,,,,,,,,0.0001,-0.0036,0.0058,0.0007,0.001,0.0,,
2016-10-17,-0.008731,10114266.0,,,,,,,,-0.0029,-0.0002,0.0015,0.001,0.0013,0.0,,
2016-10-18,0.016672,13091636.0,,,,,,,,0.006,-0.0017,0.0005,-0.003,-0.0031,0.0,,
2016-10-19,0.018874,18522741.0,,,,,,,,0.0024,0.0014,0.0093,-0.0011,0.005,0.0,,
2016-10-20,-0.000911,10650671.0,,,,,,,,-0.0016,-0.0004,-0.0011,-0.0048,-0.0005,0.0,,
2016-10-21,0.016413,13910338.0,,,,,,,,0.0002,-0.0018,-0.0033,0.0017,-0.0019,0.0,,
2016-10-24,-0.001794,9221301.0,,,,,,,,0.0054,0.0006,-0.0019,0.006,-0.0049,0.0,,
2016-10-25,-0.000899,7912666.0,,,,,,,,-0.0046,-0.006,0.0024,0.0,-0.0002,0.0,,
2016-10-26,0.007196,9112972.0,,,,,,,,-0.0023,-0.0073,0.0071,0.001,0.0054,0.0,,
2016-10-27,0.012801,12608435.0,,,,,,,,-0.0032,-0.0094,0.0056,-0.0013,-0.0001,0.0,,
2016-10-28,-0.00887,10183535.0,,,,,,,,-0.0029,-0.0012,0.0009,-0.0013,0.0036,0.0,,
2016-10-31,0.001492,8687190.0,,,,,,,,0.0002,0.0011,0.0009,0.0048,-0.0033,0.0,,
2016-11-01,-0.006256,8988743.0,,,,,,,,-0.0068,-0.0039,0.0023,-0.0049,-0.0006,0.0,,
2016-11-02,-0.013189,8900448.0,,,,,,,,-0.0073,-0.0055,0.0026,0.0096,0.0011,0.0,,
2016-11-03,-0.003341,8172454.0,,,,,,,,-0.004,-0.0036,0.0105,0.0012,0.0081,0.0,,
2016-11-04,-0.000914,7897846.0,,,,,,,,-0.0012,0.0084,-0.0042,-0.001,-0.001,0.0,,
2016-11-07,0.037218,11328047.0,,,,,,,,0.0224,0.0016,-0.0011,-0.0029,-0.002,0.0,,
2016-11-08,0.002941,7370494.0,,,,,,,,0.004,-0.0011,-0.0023,-0.0005,0.0029,0.0,,
2016-11-09,0.070968,28311033.0,,,,,,,,0.0145,0.0213,0.0107,-0.0079,0.0074,0.0,,
2016-11-10,0.041073,38587204.0,,,,,,,,0.0032,0.0146,0.0185,-0.0025,0.0036,0.0,,
2016-11-11,0.012362,22845455.0,,,,,,,,0.0018,0.0253,-0.0002,0.0003,-0.0029,0.0,,
2016-11-14,0.022344,25618994.0,,,,,,,,0.002,0.0092,0.0141,-0.0022,0.0038,0.0,,
2016-11-15,0.016518,18608046.0,,,,,,,,0.008,-0.0054,0.0015,-0.005,0.0018,0.0,,
2016-11-16,-0.02025,18234923.0,,,,,,,,-0.0012,0.0021,-0.0054,0.0075,-0.0016,0.0,,
2016-11-17,0.019903,12676901.0,,,,,,,,0.0056,0.0016,-0.0015,0.0017,-0.0043,0.0,,
2016-11-18,0.011509,16413329.0,,,,,,,,-0.0016,0.0057,0.0038,-0.002,0.001,0.0,,
2016-11-21,0.003215,10122257.0,,,,,,,,0.0077,-0.0026,0.0005,-0.0006,0.003,0.0,,
2016-11-22,-0.000493,12341112.0,,,,,,,,0.0031,0.0064,0.0053,0.0083,0.0032,0.0,,
2016-11-23,0.012334,9853631.0,,,,,,,,0.0015,0.0056,0.0019,-0.0025,0.0015,0.0,,
2016-11-25,0.001462,4027471.0,,,,,,,,0.004,-0.0005,-0.0029,0.0027,-0.0017,0.0,,
2016-11-28,-0.016058,10123600.0,,,,,,,,-0.0064,-0.0078,0.0008,0.0066,-0.0034,0.0,,
2016-11-29,0.003956,8602864.0,,,,,,,,0.0012,-0.0039,-0.0005,0.0042,-0.0052,0.0,,
2016-11-30,0.018719,14726566.0,,,,,,,,-0.0025,-0.0016,0.022,-0.0142,0.0197,0.0,,
2016-12-01,0.019342,14053940.0,,,,,,,,-0.0036,-0.0038,0.0203,0.003,0.0062,0.0,,
2016-12-02,-0.007827,11288363.0,,,,,,,,0.0,-0.0001,-0.0032,-0.0011,0.0006,0.0,,
2016-12-05,0.006216,12264184.0,,,,,,,,0.0075,0.0112,0.0027,-0.003,-0.0017,0.0,,
2016-12-06,0.009979,11769504.0,,,,,,,,0.0047,0.0063,0.0021,-0.0015,-0.0007,0.0,,
2016-12-07,0.003058,16213352.0,,,,,,,,0.0126,-0.0049,0.0048,0.0084,0.0,0.0,,
2016-12-08,0.022045,14972868.0,,,,,,,,0.0036,0.0124,0.006,-0.002,-0.0011,0.0,,
2016-12-09,0.003442,12115063.0,,,,,,,,0.0046,-0.0035,0.002,-0.0006,-0.0007,0.0,,
2016-12-12,-0.017151,12052024.0,,,,,,,,-0.003,-0.0097,-0.0014,0.0012,0.0003,0.0,,
2016-12-13,-0.009772,16674850.0,,,,,,,,0.006,-0.0058,-0.0025,0.0005,-0.0018,0.0,,
2016-12-14,0.007049,15136470.0,,,,,,,,-0.0082,-0.0039,-0.0028,0.0044,-0.005,0.0,,
2016-12-15,0.0035,15725728.0,,,,,,,,0.0046,0.0046,0.0029,0.0004,0.0003,0.0,,
2016-12-16,-0.006975,19076896.0,,,,,,,,-0.0022,-0.0002,-0.0041,-0.0015,-0.0003,0.0,,
2016-12-19,0.00281,12663474.0,,,,,,,,0.0022,0.0032,0.0006,0.0023,0.0003,0.0,,
2016-12-20,0.015643,8647434.0,,,,,,,,0.0044,0.005,0.0064,0.0011,0.0007,0.0,,
2016-12-21,-0.002989,6859264.0,,,,,,,,-0.0024,-0.0035,0.002,0.0014,0.0007,0.0,,
2016-12-22,-0.013373,8200299.0,,,,,,,,-0.003,-0.0077,0.0025,-0.0021,0.0006,0.0,,
2016-12-23,0.00631,6732960.0,,,,,,,,0.0019,0.0053,-0.005,-0.0035,-0.0014,0.0,,
2016-12-27,0.001393,5926956.0,,,,,,,,0.0027,0.0024,0.0013,0.0018,0.0006,0.0,,
2016-12-28,-0.011596,4854540.0,,,,,,,,-0.0087,-0.0029,0.0008,0.0017,-0.0016,0.0,,
2016-12-29,-0.011028,7180187.0,,,,,,,,-0.0004,0.001,-0.0033,0.0027,0.0003,0.0,,
2016-12-30,0.002372,6943549.0,,,,,,,,-0.0052,-0.0006,0.0021,-0.0012,0.0004,0.0,,
2017-01-03,0.018935,8316914.0,,,,,,,,0.0083,-0.0009,0.0006,-0.002,0.0025,0.0,,
2017-01-04,0.01324,7747375.0,,,,,,,,0.0079,0.0097,-0.0015,-0.0047,-0.0005,0.0,,
2017-01-05,-0.00917,9883202.0,,,,,,,,-0.0021,-0.0102,-0.0078,-0.0023,-0.0009,0.0,,
2017-01-06,0.014577,9152750.0,,,,,,,,0.0029,-0.0074,-0.0031,-0.0035,-0.003,0.0,,
2017-01-09,-0.025998,11104032.0,,,,,,,,-0.0037,-0.0034,-0.0103,0.0014,-0.005,0.0,,
2017-01-10,0.008195,9074252.0,,,,,,,,0.0016,0.0093,0.0043,0.0004,0.0005,0.0,,
2017-01-11,0.014166,8777107.0,,,,,,,,0.0031,-0.0015,0.0068,0.0006,0.0026,0.0,,
2017-01-12,-0.000916,8595607.0,,,,,,,,-0.003,-0.0065,-0.0086,0.0005,-0.0029,0.0,,
2017-01-13,0.004126,12904520.0,,,,,,,,0.0029,0.0059,-0.0009,-0.0027,-0.0016,0.0,,
2017-01-17,-0.037891,21840380.0,,,,,,,,-0.0049,-0.0096,-0.0064,0.0058,0.0039,0.0,,
2017-01-18,0.016845,15906928.0,,,,,,,,0.0024,0.002,0.0023,-0.001,-0.0008,0.0,,
2017-01-19,-0.009566,15040127.0,,,,,,,,-0.0038,-0.0055,-0.0006,-0.001,-0.0003,0.0,,
2017-01-20,0.003298,10779621.0,,,,,,,,0.0033,0.0008,0.0022,0.0013,0.0003,0.0,,
2017-01-23,-0.014792,12344651.0,,,,,,,,-0.0029,-0.0006,-0.0033,0.0042,-0.0036,0.0,,
2017-01-24,0.018351,12164231.0,,,,,,,,0.0082,0.008,0.0081,-0.0024,0.0049,0.0,,
2017-01-25,0.026445,13961040.0,,,,,,,,0.0084,0.0021,0.0043,-0.0024,-0.0015,0.0,,
2017-01-26,0.003648,10628851.0,,,,,,,,-0.001,-0.0058,0.004,-0.0008,-0.0015,0.0,,
2017-01-27,-0.003862,7635587.0,,,,,,,,-0.0012,-0.0007,-0.0068,0.0011,0.0006,0.0,,
2017-01-30,-0.012142,7216178.0,,,,,,,,-0.0068,-0.0074,-0.0046,0.006,-0.0015,0.0,,
2017-01-31,-0.01461,10811008.0,,,,,,,,0.0,0.0081,-0.0055,-0.0039,-0.0026,0.0,,
2017-02-01,0.004942,9731327.0,,,,,,,,0.0003,-0.0008,0.0004,0.0022,-0.0023,0.0,,
2017-02-02,-0.013349,11480959.0,,,,,,,,-0.0002,-0.0029,-0.0029,-0.0028,0.0015,0.0,,
2017-02-03,0.054593,16692151.0,,,,,,,,0.0082,0.0061,0.0074,-0.0049,0.0027,0.0,,
2017-02-06,0.004501,12577130.0,,,,,,,,-0.0027,-0.0065,-0.0016,0.0007,-0.0022,0.0,,
2017-02-07,0.005378,10055682.0,,,,,,,,0.0,-0.0038,-0.0051,0.0038,-0.0023,0.0,,
2017-02-08,-0.021395,10586468.0,,,,,,,,0.0007,-0.0028,-0.0059,0.003,-0.0009,0.0,,
2017-02-09,0.021407,13166699.0,,,,,,,,0.0071,0.007,0.0008,-0.0026,0.0007,0.0,,
2017-02-10,-0.003344,8909448.0,,,,,,,,0.0037,0.0039,0.0017,-0.0003,0.0014,0.0,,
2017-02-13,0.012528,13256300.0,,,,,,,,0.0049,-0.0027,0.0034,-0.0001,0.0004,0.0,,
2017-02-14,0.017234,12958706.0,,,,,,,,0.0045,-0.0017,0.0035,-0.0044,-0.0009,0.0,,
2017-02-15,0.009774,10115099.0,,,,,,,,0.0053,0.0014,-0.0042,0.002,-0.0005,0.0,,
2017-02-16,-0.008174,10752458.0,,,,,,,,-0.0016,-0.0022,0.0,0.0027,-0.0021,0.0,,
2017-02-17,0.000867,8310108.0,,,,,,,,0.002,-0.0007,-0.0054,0.0001,-0.004,0.0,,
2017-02-21,0.008884,7628447.0,,,,,,,,0.006,0.0006,0.0013,0.0032,0.0036,0.0,,
2017-02-22,-0.000859,7612788.0,,,,,,,,-0.0015,-0.0038,0.001,0.0048,-0.0032,0.0,,
2017-02-23,0.00129,11877616.0,,,,,,,,-0.0012,-0.0071,0.0024,-0.0026,-0.0045,0.0,,
2017-02-24,-0.022542,11837243.0,,,,,,,,0.0015,-0.0011,-0.0096,0.0031,-0.0021,0.0,,
2017-02-27,0.006809,7887039.0,,,,,,,,0.0021,0.0085,-0.0034,-0.0036,-0.0013,0.0,,
2017-02-28,-0.003709,13789408.0,,,,,,,,-0.0042,-0.0135,0.0014,-0.0002,-0.0019,0.0,,
2017-03-01,0.024962,14373722.0,,,,,,,,0.0147,0.0051,0.0077,-0.0053,0.0053,0.0,,
2017-03-02,-0.011322,8477019.0,,,,,,,,-0.0069,-0.0054,-0.009,0.0062,-0.0043,0.0,,
2017-03-03,0.011884,11405159.0,,,,,,,,0.0008,-0.0017,0.0014,-0.0006,-0.0009,0.0,,
2017-03-06,-0.005552,9332616.0,,,,,,,,-0.0037,-0.004,-0.0008,-0.0005,0.0,0.0,,
2017-03-07,-0.005154,9411016.0,,,,,,,,-0.0035,-0.0035,-0.0007,0.0009,-0.0025,0.0,,
2017-03-08,0.001295,11464727.0,,,,,,,,-0.0019,-0.0019,-0.0083,0.0044,-0.0075,0.0,,
2017-03-09,0.006251,11135441.0,,,,,,,,0.0005,-0.0052,-0.0023,-0.0058,-0.0016,0.0,,
2017-03-10,-0.00407,8579366.0,,,,,,,,0.0034,0.0006,-0.0047,0.0027,0.0003,0.0,,
2017-03-13,-0.004947,7160442.0,,,,,,,,0.0013,0.0031,-0.0008,-0.0011,0.0005,0.0,,
2017-03-14,-0.001513,6916173.0,,,,,,,,-0.0036,-0.0022,-0.0001,0.005,-0.0025,0.0,,
2017-03-15,-0.007361,10796050.0,,,,,,,,0.0086,0.0069,-0.0046,-0.0011,0.005,0.0,,
2017-03-16,0.010469,9284106.0,,,,,,,,-0.0007,0.0044,0.0023,-0.0016,-0.0037,0.0,,
2017-03-17,-0.028275,13474517.0,,,,,,,,-0.0008,0.0057,-0.0034,0.0015,0.0003,0.0,,
2017-03-20,-0.009551,9734236.0,,,,,,,,-0.0025,-0.002,-0.0071,-0.0015,-0.0007,0.0,,
2017-03-21,-0.043283,20018395.0,,,,,,,,-0.0149,-0.014,-0.0071,0.0084,0.0029,0.0,,
2017-03-22,-0.010549,19046586.0,,,,,,,,0.0016,-0.0033,-0.0057,0.0016,-0.0015,0.0,,
2017-03-23,0.009003,14888825.0,,,,,,,,-0.0003,0.0074,0.0049,-0.0003,0.0021,0.0,,
2017-03-24,-0.003052,10815346.0,,,,,,,,-0.0005,0.0011,-0.002,-0.0026,-0.0031,0.0,,
2017-03-27,-0.020725,21631062.0,,,,,,,,-0.0005,0.0046,-0.0049,-0.0021,-0.0026,0.0,,
2017-03-28,0.021886,12944939.0,,,,,,,,0.0073,-0.0004,0.0072,0.0005,0.0041,0.0,,
2017-03-29,0.007296,14543860.0,,,,,,,,0.0018,0.0033,-0.0009,-0.0025,0.0015,0.0,,
2017-03-30,0.01472,11264835.0,,,,,,,,0.0036,0.0042,0.0092,-0.0006,-0.0014,0.0,,
2017-03-31,-0.013585,11203334.0,,,,,,,,-0.0016,0.0054,-0.0032,0.0004,0.001,0.0,,
2017-04-03,-0.003035,12531806.0,,,,,,,,-0.0028,-0.0115,-0.0008,-0.0016,-0.0009,0.0,,
2017-04-04,-0.004683,7837106.0,,,,,,,,0.0005,-0.0024,0.0031,-0.0008,0.0019,0.0,,
2017-04-05,-0.018113,12455149.0,,,,,,,,-0.0044,-0.0082,-0.003,0.0045,-0.0008,0.0,,
2017-04-06,0.008385,9520900.0,,,,,,,,0.0031,0.0073,0.0048,-0.0013,0.0037,0.0,,
2017-04-07,-0.003326,9319573.0,,,,,,,,-0.0008,0.0008,-0.0026,0.0001,-0.0005,0.0,,
2017-04-10,-0.000954,8677226.0,,,,,,,,0.0008,0.0014,0.0007,0.0019,0.0046,0.0,,
2017-04-11,-0.007874,10318445.0,,,,,,,,-0.0005,0.008,0.0023,0.002,0.0018,0.0,,
2017-04-12,-0.012266,10440641.0,,,,,,,,-0.0049,-0.0094,-0.0054,-0.0004,-0.0055,0.0,,
2017-04-13,-0.009253,10516537.0,,,,,,,,-0.0075,-0.0035,-0.0081,-0.0003,-0.0038,0.0,,
2017-04-17,0.019661,7959724.0,,,,,,,,0.0089,0.0029,0.0024,0.0003,-0.0014,0.0,,
2017-04-18,-0.006749,13872360.0,,,,,,,,-0.0025,0.0031,-0.0019,0.0031,0.0012,0.0,,
2017-04-19,0.020141,19850262.0,,,,,,,,-0.0008,0.0056,-0.0044,0.0043,-0.0084,0.0,,
2017-04-20,0.010942,13816214.0,,,,,,,,0.0083,0.0059,0.0026,0.002,-0.0019,0.0,,
2017-04-21,-0.016471,12951314.0,,,,,,,,-0.0028,0.0006,-0.0015,0.0035,-0.002,0.0,,
2017-04-24,0.042105,16188120.0,,,,,,,,0.0118,0.0026,0.005,-0.0008,0.0014,0.0,,
2017-04-25,0.016299,13857588.0,,,,,,,,0.0066,0.004,-0.0007,-0.0037,0.0031,0.0,,
2017-04-26,0.002259,12938395.0,,,,,,,,0.0004,0.0075,0.0032,0.0023,-0.0001,0.0,,
2017-04-27,-0.014199,9041320.0,,,,,,,,0.0005,-0.002,-0.0097,0.002,-0.0056,0.0,,
2017-04-28,-0.003904,9049132.0,,,,,,,,-0.003,-0.0076,-0.006,0.0009,-0.0021,0.0,,
2017-05-01,0.008531,7552203.0,,,,,,,,0.0021,0.0023,-0.0011,-0.002,-0.0052,0.0,,
2017-05-02,-0.008916,8126417.0,,,,,,,,0.0003,-0.0045,-0.0023,0.0042,-0.0029,0.0,,
2017-05-03,0.002999,5578267.0,,,,,,,,-0.0019,-0.0051,0.0023,-0.0005,0.001,0.0,,
2017-05-04,-0.0046,7367767.0,,,,,,,,0.0002,-0.0014,-0.0033,0.0032,-0.0073,0.0,,
2017-05-05,-0.004621,6893434.0,,,,,,,,0.0046,0.0009,0.0,-0.0023,0.0064,0.0,,
2017-05-08,-0.001393,7172056.0,,,,,,,,-0.0004,-0.002,0.0025,0.0013,0.0007,0.0,,
2017-05-09,-0.004417,6068704.0,,,,,,,,-0.0005,0.004,-0.008,0.0034,-0.0034,0.0,,
2017-05-10,0.006304,7368296.0,,,,,,,,0.002,0.0025,0.0003,-0.0031,0.0038,0.0,,
2017-05-11,-0.005336,6339987.0,,,,,,,,-0.0025,-0.0043,-0.0016,-0.0025,-0.0003,0.0,,
2017-05-12,-0.003266,5836319.0,,,,,,,,-0.0018,-0.0038,-0.0061,-0.0027,-0.0032,0.0,,
2017-05-15,0.016382,9941130.0,,,,,,,,0.0053,0.0025,0.002,-0.003,0.0003,0.0,,
2017-05-16,-0.001151,6888917.0,,,,,,,,-0.0003,0.001,-0.0009,-0.0024,-0.0012,0.0,,
2017-05-17,-0.055556,22899920.0,,,,,,,,-0.0197,-0.0095,-0.006,0.0053,0.0028,0.0,,
2017-05-18,0.008299,14498372.0,,,,,,,,0.004,0.0,-0.0038,-0.0035,-0.0059,0.0,,
2017-05-19,0.011862,10486745.0,,,,,,,,0.007,-0.0033,0.004,-0.0009,0.008,0.0,,
2017-05-22,-0.003349,6752554.0,,,,,,,,0.0056,0.0025,-0.003,-0.0005,-0.003,0.0,,
2017-05-23,0.018243,10761346.0,,,,,,,,0.0018,-0.0002,0.0064,-0.0023,0.0006,0.0,,
2017-05-24,0.004951,6583898.0,,,,,,,,0.0024,-0.002,-0.0046,0.0015,-0.0029,0.0,,
2017-05-25,0.0,5062794.0,,,,,,,,0.0042,-0.0035,-0.0074,0.0055,-0.0062,0.0,,
2017-05-26,0.004926,5346476.0,,,,,,,,0.0006,-0.0002,0.001,0.0018,0.0021,0.0,,
2017-05-30,-0.013072,6377888.0,,,,,,,,-0.0019,-0.0054,-0.0035,0.0063,-0.0001,0.0,,
2017-05-31,-0.012772,13637891.0,,,,,,,,-0.0002,-0.0004,-0.0053,0.0027,-0.0007,0.0,,
2017-06-01,0.020843,9654328.0,,,,,,,,0.0094,0.0101,0.0004,-0.0022,0.0008,0.0,,
2017-06-02,-0.002112,10016390.0,,,,,,,,0.0035,0.0043,-0.0076,0.0017,-0.0046,0.0,,
2017-06-05,0.008702,6892826.0,,,,,,,,-0.0017,-0.0045,-0.0004,-0.0017,0.0005,0.0,,
2017-06-06,0.001166,7863199.0,,,,,,,,-0.0028,0.001,-0.0003,-0.0047,0.0035,0.0,,
2017-06-07,0.007918,6378539.0,,,,,,,,0.0015,-0.0012,-0.0004,0.0053,-0.0066,0.0,,
2017-06-08,0.018946,11032458.0,,,,,,,,0.0018,0.0119,0.0093,-0.0069,-0.0005,0.0,,
2017-06-09,0.018367,13489901.0,,,,,,,,-0.0012,0.0031,0.0244,-0.0016,0.0109,0.0,,
2017-06-12,-0.001336,10384231.0,,,,,,,,-0.0012,-0.0016,0.0034,0.0008,0.0058,0.0,,
2017-06-13,0.006689,9857826.0,,,,,,,,0.0055,0.0005,-0.0014,-0.003,-0.0007,0.0,,
2017-06-14,-0.005316,11796250.0,,,,,,,,-0.0017,-0.0055,-0.0052,0.0011,-0.0053,0.0,,
2017-06-15,-0.004899,6905109.0,,,,,,,,-0.003,-0.003,-0.0011,0.0008,-0.0009,0.0,,
2017-06-16,-0.004699,9483171.0,,,,,,,,-0.0004,-0.0023,-0.0019,-0.0043,0.0013,0.0,,
2017-06-19,0.027878,9153921.0,,,,,,,,0.0086,0.0009,-0.0073,-0.0013,-0.0009,0.0,,
2017-06-20,-0.004812,6680509.0,,,,,,,,-0.0073,-0.0044,-0.0048,-0.0022,-0.0025,0.0,,
2017-06-21,-0.012967,7257621.0,,,,,,,,-0.0007,-0.0023,-0.0167,-0.0023,-0.0114,0.0,,
2017-06-22,-0.00668,7750503.0,,,,,,,,0.0002,0.0046,-0.0041,-0.0016,-0.0004,0.0,,
2017-06-23,-0.020623,15915082.0,,,,,,,,0.0024,0.0074,-0.0048,-0.0037,0.0007,0.0,,
2017-06-26,0.007095,5780382.0,,,,,,,,0.0004,0.0008,0.007,0.0022,0.0019,0.0,,
2017-06-27,0.005,8318762.0,,,,,,,,-0.0085,-0.0021,0.0134,0.0033,0.0035,0.0,,
2017-06-28,0.002261,15848563.0,,,,,,,,0.0101,0.008,0.0021,-0.0019,-0.0008,0.0,,
2017-06-29,0.009702,15728164.0,,,,,,,,-0.0083,0.0006,0.0137,-0.0024,0.0035,0.0,,
2017-06-30,-0.004246,8379357.0,,,,,,,,0.0014,-0.001,-0.003,0.0021,0.0029,0.0,,
2017-07-03,0.023564,7486908.0,,,,,,,,0.0023,0.0045,0.0121,-0.0057,0.0066,0.0,,
2017-07-05,0.012059,9843234.0,,,,,,,,0.0012,-0.0068,-0.0058,0.0016,-0.007,0.0,,
2017-07-06,-0.00065,10417339.0,,,,,,,,-0.0095,-0.0044,0.0012,0.0023,-0.0001,0.0,,
2017-07-07,-0.001734,6441951.0,,,,,,,,0.0069,0.004,-0.0041,0.002,-0.0052,0.0,,
2017-07-10,-0.001303,5321495.0,,,,,,,,0.0005,-0.0045,-0.0007,-0.0011,-0.0009,0.0,,
2017-07-11,-0.011089,8454689.0,,,,,,,,0.0,0.0029,-0.0055,-0.0034,0.0016,0.0,,
2017-07-12,-0.011434,10234418.0,,,,,,,,0.0072,0.0006,-0.0052,0.0011,-0.002,0.0,,
2017-07-13,0.012456,6204171.0,,,,,,,,0.0017,-0.0002,0.0039,-0.0005,0.0022,0.0,,
2017-07-14,-0.00703,8220642.0,,,,,,,,0.0042,-0.0022,-0.0052,0.0018,0.0001,0.0,,
2017-07-17,0.002876,5141581.0,,,,,,,,0.0,0.0022,0.001,0.0016,0.0009,0.0,,
2017-07-18,-0.004191,9594086.0,,,,,,,,0.0004,-0.0036,-0.003,-0.0008,-0.0041,0.0,,
2017-07-19,0.032787,17586286.0,,,,,,,,0.0059,0.0047,0.0003,-0.0025,0.0015,0.0,,
2017-07-20,-0.00236,10652359.0,,,,,,,,-0.0001,0.0005,-0.0005,0.0011,-0.0028,0.0,,
2017-07-21,0.00172,9021263.0,,,,,,,,-0.0008,-0.0043,-0.0024,0.0002,-0.0031,0.0,,
2017-07-24,0.002576,7443591.0,,,,,,,,-0.0003,0.001,-0.0018,-0.0025,-0.0038,0.0,,
2017-07-25,0.019268,11885032.0,,,,,,,,0.0038,0.0043,0.0096,-0.0019,0.0073,0.0,,
2017-07-26,-0.008402,9034543.0,,,,,,,,-0.0006,-0.0047,-0.0076,-0.0018,0.0007,0.0,,
2017-07-27,0.002754,9439318.0,,,,,,,,-0.0014,-0.0067,0.0044,0.0032,0.0039,0.0,,
2017-07-28,-0.009131,7959560.0,,,,,,,,-0.0017,-0.0006,0.0027,-0.002,0.0019,0.0,,
2017-07-31,0.005144,6764635.0,,,,,,,,-0.0011,-0.0025,0.0046,-0.0001,0.0011,0.0,,
2017-08-01,0.00661,6329976.0,,,,,,,,0.0024,-0.0014,0.0014,0.0026,-0.0048,0.0,,
2017-08-02,0.002542,6020026.0,,,,,,,,-0.0008,-0.0116,0.0015,0.0004,-0.0036,0.0,,
2017-08-03,-0.001479,6479288.0,,,,,,,,-0.0021,-0.0035,-0.0033,0.0028,-0.0029,0.0,,
2017-08-04,0.017351,8906804.0,,,,,,,,0.0025,0.0037,0.004,-0.0009,0.0004,0.0,,
2017-08-07,0.004784,7761584.0,,,,,,,,0.0016,-0.0011,-0.0058,0.0024,-0.0036,0.0,,
2017-08-08,-0.007866,7771790.0,,,,,,,,-0.0023,-0.0008,0.0023,-0.0028,-0.0016,0.0,,
2017-08-09,-0.005842,8282866.0,,,,,,,,-0.0014,-0.008,-0.0008,0.0019,0.0007,0.0,,
2017-08-10,-0.028332,10099843.0,,,,,,,,-0.0149,-0.0031,0.0026,0.0032,0.0013,0.0,,
2017-08-11,-0.014039,13505797.0,,,,,,,,0.0019,0.0017,-0.0087,0.0036,-0.0009,0.0,,
2017-08-14,0.018839,7136346.0,,,,,,,,0.0103,0.0032,0.0012,-0.0002,-0.0046,0.0,,
2017-08-15,-0.00172,7663010.0,,,,,,,,-0.0011,-0.0087,-0.0003,-0.0018,-0.0026,0.0,,
2017-08-16,-0.009046,8350802.0,,,,,,,,0.0018,-0.0014,-0.0044,0.0035,-0.0013,0.0,,
2017-08-17,-0.019996,9426821.0,,,,,,,,-0.016,-0.0018,-0.0017,-0.0004,0.0013,0.0,,
2017-08-18,0.006653,7284026.0,,,,,,,,-0.0015,0.0011,0.0024,-0.003,-0.0002,0.0,,
2017-08-21,-0.015642,8501908.0,,,,,,,,0.0006,-0.0027,-0.0022,0.0021,-0.0011,0.0,,
2017-08-22,0.019919,7130726.0,,,,,,,,0.0107,-0.0002,-0.0024,-0.0019,0.0013,0.0,,
2017-08-23,0.005047,5464753.0,,,,,,,,-0.0032,0.0011,0.0041,-0.0053,0.0009,0.0,,
2017-08-24,0.004367,6640733.0,,,,,,,,-0.0015,0.0058,0.0016,-0.0052,0.0011,0.0,,
2017-08-25,-0.001304,5659431.0,,,,,,,,0.0018,0.0016,0.0056,0.0012,0.0023,0.0,,
2017-08-28,-0.010013,6526699.0,,,,,,,,0.0008,0.0031,-0.0074,0.0019,-0.0019,0.0,,
2017-08-29,-0.002858,8776148.0,,,,,,,,0.001,0.0009,-0.0038,0.0001,0.0009,0.0,,
2017-08-30,0.006836,5672867.0,,,,,,,,0.0053,0.0,-0.0032,0.0008,-0.0041,0.0,,
2017-08-31,-0.003504,7890839.0,,,,,,,,0.0062,0.0041,-0.0043,-0.0034,-0.0008,0.0,,
2017-09-01,0.015165,7024739.0,,,,,,,,0.0028,0.0042,0.004,-0.001,0.0035,0.0,,
2017-09-05,-0.027712,9777593.0,,,,,,,,-0.008,-0.0004,-0.0099,-0.0006,0.0054,0.0,,
2017-09-06,0.003563,6313230.0,,,,,,,,0.0028,-0.0005,0.0012,-0.0037,0.0013,0.0,,
2017-09-07,-0.022188,11538295.0,,,,,,,,-0.0007,0.0001,-0.0091,0.0001,0.0008,0.0,,
2017-09-08,-0.001361,8739832.0,,,,,,,,-0.0017,0.0013,0.0038,0.0022,-0.0013,0.0,,
2017-09-11,0.02613,8017000.0,,,,,,,,0.0107,-0.0007,0.0064,-0.0037,-0.001,0.0,,
2017-09-12,0.013065,8010993.0,,,,,,,,0.0042,0.0034,0.0072,0.0009,0.0019,0.0,,
2017-09-13,0.010273,6637917.0,,,,,,,,0.001,0.0027,0.0032,-0.0033,0.0012,0.0,,
2017-09-14,0.004327,7414125.0,,,,,,,,-0.0013,-0.0006,-0.0006,-0.0036,0.0021,0.0,,
2017-09-15,0.003878,9113079.0,,,,,,,,0.0019,0.0025,0.0014,0.0027,-0.0002,0.0,,
2017-09-18,0.015451,7938043.0,,,,,,,,0.0024,0.0041,0.0021,-0.0049,0.0022,0.0,,
2017-09-19,0.007396,7999620.0,,,,,,,,0.0015,-0.0021,0.004,0.0002,0.0006,0.0,,
2017-09-20,0.004615,8673623.0,,,,,,,,0.0015,0.0027,0.0049,-0.0019,0.0031,0.0,,
2017-09-21,0.007726,9503556.0,,,,,,,,-0.0028,0.0015,0.0037,-0.0006,-0.0007,0.0,,
2017-09-22,-0.000829,6050036.0,,,,,,,,0.0013,0.0044,0.0012,0.0039,0.0029,0.0,,
2017-09-25,-0.009954,7205180.0,,,,,,,,-0.0026,0.0035,0.0059,-0.0022,0.0063,0.0,,
2017-09-26,-0.005865,7146052.0,,,,,,,,0.0006,0.0046,0.0017,0.0058,-0.0014,0.0,,
2017-09-27,0.012853,10314611.0,,,,,,,,0.0063,0.0143,0.0023,-0.0028,-0.0051,0.0,,
2017-09-28,0.001664,5960675.0,,,,,,,,0.0013,0.0017,-0.0005,-0.0009,-0.0018,0.0,,
2017-09-29,0.000415,5200481.0,,,,,,,,0.0035,-0.0014,-0.0026,-0.0011,-0.0038,0.0,,
2017-10-02,0.01557,6096923.0,,,,,,,,0.005,0.0088,0.0013,-0.0021,0.0026,0.0,,
2017-10-03,0.007359,6432421.0,,,,,,,,0.0026,-0.0003,-0.0005,-0.0001,-0.0008,0.0,,
2017-10-04,-0.005479,5372935.0,,,,,,,,0.0005,-0.0034,-0.0045,-0.001,0.0001,0.0,,
2017-10-05,0.012651,11491132.0,,,,,,,,0.0055,-0.0031,0.0039,-0.0033,-0.0018,0.0,,
2017-10-06,0.002619,5159442.0,,,,,,,,-0.0008,-0.0008,-0.0025,0.0016,-0.0034,0.0,,
2017-10-09,-0.007637,6333758.0,,,,,,,,-0.0023,-0.0029,0.0,0.0009,-0.0014,0.0,,
2017-10-10,0.002228,5903475.0,,,,,,,,0.0024,0.0002,0.0043,0.0012,0.0007,0.0,,
2017-10-11,-0.006264,5364636.0,,,,,,,,0.0016,-0.0025,-0.0019,-0.0004,-0.0007,0.0,,
2017-10-12,-0.011997,6915080.0,,,,,,,,-0.0018,-0.001,-0.0052,0.0016,0.0013,0.0,,
2017-10-13,-0.005968,7224467.0,,,,,,,,0.0004,-0.0027,0.0012,0.0015,0.0002,0.0,,
2017-10-16,0.013251,8178930.0,,,,,,,,0.0017,-0.0026,0.0036,0.0003,-0.0009,0.0,,
2017-10-17,0.003678,15535036.0,,,,,,,,0.0001,-0.0035,-0.0031,0.0041,-0.0019,0.0,,
2017-10-18,0.020969,12094942.0,,,,,,,,0.0014,0.0035,0.0023,0.0029,-0.0013,0.0,,
2017-10-19,-0.007178,10053117.0,,,,,,,,0.0002,-0.0035,0.0016,0.0014,0.0009,0.0,,
2017-10-20,0.017875,8454470.0,,,,,,,,0.0057,0.0,0.0027,0.0007,0.0004,0.0,,
2017-10-23,-0.001381,6265815.0,,,,,,,,-0.0045,-0.0038,0.0017,0.0027,-0.0027,0.0,,
2017-10-24,0.009089,7849701.0,,,,,,,,0.002,-0.001,0.0049,-0.0001,-0.0013,0.0,,
2017-10-25,-0.010574,9645824.0,,,,,,,,-0.005,0.0003,0.0015,0.0027,-0.0044,0.0,,
2017-10-26,0.00475,9715670.0,,,,,,,,0.002,0.0005,0.0028,0.001,-0.0019,0.0,,
2017-10-27,0.007682,9261076.0,,,,,,,,0.0082,-0.0008,-0.0098,0.0009,-0.0129,0.0,,
2017-10-30,-0.008796,9020853.0,,,,,,,,-0.0046,-0.0078,-0.0005,-0.0059,-0.004,0.0,,
2017-10-31,-0.009116,9282996.0,,,,,,,,0.0023,0.0077,-0.0025,-0.0013,0.0021,0.0,,
2017-11-01,-0.0074,7842936.0,,,,,,,,0.0005,-0.008,0.0008,0.0,-0.0005,0.0,,
2017-11-02,0.015918,7902296.0,,,,,,,,0.0006,0.0001,0.0051,-0.0024,0.0034,0.0,,
2017-11-03,-0.007933,5916824.0,,,,,,,,0.003,-0.0054,-0.0072,-0.0017,-0.0012,0.0,,
2017-11-06,0.002399,4844249.0,,,,,,,,0.0006,0.0016,0.0019,-0.0065,0.0007,0.0,,
2017-11-07,-0.014958,8823821.0,,,,,,,,-0.002,-0.0142,-0.004,0.0047,-0.0008,0.0,,
2017-11-08,-0.007086,8435662.0,,,,,,,,0.0012,-0.0005,-0.006,0.0055,-0.0003,0.0,,
2017-11-09,-0.004486,6189498.0,,,,,,,,-0.0041,-0.0001,0.0022,0.0001,0.0006,0.0,,
2017-11-10,-0.001229,5436518.0,,,,,,,,0.0001,0.0006,-0.0043,0.0023,0.0013,0.0,,
2017-11-13,-0.002666,5730407.0,,,,,,,,0.0009,-0.0029,0.0009,0.0006,-0.0076,0.0,,
2017-11-14,-0.005141,5968532.0,,,,,,,,-0.0022,-0.0006,0.0,0.0097,-0.0043,0.0,,
2017-11-15,-0.005788,9749632.0,,,,,,,,-0.0052,0.0005,0.0023,-0.0006,0.0013,0.0,,
2017-11-16,0.010395,7788965.0,,,,,,,,0.0101,0.0081,-0.0053,0.0057,0.0033,0.0,,
2017-11-17,0.002058,4992616.0,,,,,,,,-0.0014,0.0072,0.0027,-0.0016,0.0035,0.0,,
2017-11-20,0.008419,4574628.0,,,,,,,,0.0021,0.0062,0.0003,0.0024,-0.0001,0.0,,
2017-11-21,0.005498,6036970.0,,,,,,,,0.0067,0.0036,-0.0033,0.0003,-0.0063,0.0,,
2017-11-22,-0.005873,3785942.0,,,,,,,,-0.0005,0.0008,-0.0008,-0.0026,0.0019,0.0,,
2017-11-24,-0.000611,2692946.0,,,,,,,,0.0021,0.0,-0.0043,0.0002,-0.0009,0.0,,
2017-11-27,-0.001223,5025564.0,,,,,,,,-0.0006,-0.0031,0.0001,0.0061,-0.0012,0.0,,
2017-11-28,0.028571,9001202.0,,,,,,,,0.0106,0.0057,0.0086,0.0032,-0.0001,0.0,,
2017-11-29,0.018254,9441147.0,,,,,,,,0.0002,0.0034,0.0148,0.0084,0.0059,0.0,,
2017-11-30,0.005651,12158198.0,,,,,,,,0.0082,-0.006,-0.0052,-0.0028,0.0006,0.0,,
2017-12-01,0.006588,10014020.0,,,,,,,,-0.0022,-0.0032,0.0038,-0.0039,0.0033,0.0,,
2017-12-04,0.014052,10640132.0,,,,,,,,-0.0011,-0.0014,0.0122,0.0101,0.0056,0.0,,
2017-12-05,-0.012718,7959697.0,,,,,,,,-0.0042,-0.0047,-0.0022,0.002,-0.0012,0.0,,
2017-12-06,-0.006153,7701648.0,,,,,,,,-0.0009,-0.0051,-0.0052,0.004,-0.0048,0.0,,
2017-12-07,0.012768,8765625.0,,,,,,,,0.0042,0.0029,-0.002,-0.0025,0.001,0.0,,
2017-12-08,0.010315,6488884.0,,,,,,,,0.0051,-0.0044,-0.0013,-0.0009,0.0008,0.0,,
2017-12-11,-0.002269,6316908.0,,,,,,,,0.0027,-0.0043,-0.0018,-0.0004,0.0007,0.0,,
2017-12-12,0.020466,8151959.0,,,,,,,,0.0007,-0.0044,0.005,0.0004,0.001,0.0,,
2017-12-13,-0.012442,10568359.0,,,,,,,,0.0002,0.0062,-0.0089,0.0026,-0.0007,0.0,,
2017-12-14,-0.010154,8190057.0,,,,,,,,-0.0047,-0.0076,-0.0022,-0.0019,-0.0013,0.0,,
2017-12-15,0.008739,12708046.0,,,,,,,,0.0092,0.0068,0.0004,0.0031,-0.0048,0.0,,
2017-12-18,0.002637,8442956.0,,,,,,,,0.0066,0.0082,0.0027,0.002,0.0016,0.0,,
2017-12-19,-0.005823,7630623.0,,,,,,,,-0.003,-0.0034,-0.0024,0.0024,0.0041,0.0,,
2017-12-20,-0.007935,6435059.0,,,,,,,,0.0001,0.0037,0.0006,-0.0018,0.0028,0.0,,
2017-12-21,0.007046,11350613.0,,,,,,,,0.0024,0.0031,0.0063,-0.007,0.0031,0.0,,
2017-12-22,-0.003026,6153843.0,,,,,,,,-0.0007,-0.0019,-0.0021,-0.001,0.0021,0.0,,
2017-12-26,-0.004742,3313782.0,,,,,,,,-0.0007,0.0031,-0.0007,-0.0013,0.0061,0.0,,
2017-12-27,0.001906,5786825.0,,,,,,,,0.0005,-0.0016,-0.002,0.0007,-0.0012,0.0,,
2017-12-28,0.001522,3736679.0,,,,,,,,0.0022,0.001,0.0005,-0.0013,-0.0019,0.0,,
2017-12-29,-0.003419,5804576.0,,,,,,,,-0.0057,-0.0031,0.0001,0.0016,0.0013,0.0,,
2018-01-02,-0.005336,6644643.0,,,,,,,,0.0085,0.0032,-0.0021,-0.0051,0.0022,0.0001,,
2018-01-03,0.002683,6955511.0,,,,,,,,0.0059,-0.0047,-0.0019,-0.0071,-0.0007,0.0001,,
2018-01-04,0.015288,8678825.0,,,,,,,,0.0042,-0.0022,0.0024,-0.0002,0.003,0.0001,,
2018-01-05,-0.000376,6475968.0,,,,,,,,0.0066,-0.0037,-0.0025,0.0039,-0.0038,0.0001,,
2018-01-08,-0.004142,6681357.0,,,,,,,,0.0019,-0.002,0.0004,-0.0006,0.0004,0.0001,,
2018-01-09,0.007752,6622697.0,,,,,,,,0.0015,-0.0037,-0.0004,-0.0013,-0.0006,0.0001,,
2018-01-10,0.01182,11028798.0,,,,,,,,-0.0007,0.0013,0.0057,-0.0037,-0.0002,0.0001,,
2018-01-11,0.005006,8309963.0,,,,,,,,0.0086,0.0113,0.003,-0.0022,0.0048,0.0001,,
2018-01-12,0.016974,8998030.0,,,,,,,,0.0066,-0.0032,0.0016,-0.001,0.0013,0.0001,,
2018-01-16,-0.009434,11168460.0,,,,,,,,-0.0049,-0.01,0.0001,0.0049,-0.0035,0.0001,,
2018-01-17,0.013736,11905249.0,,,,,,,,0.0095,-0.0005,-0.0009,-0.0008,-0.0004,0.0001,,
2018-01-18,0.008853,13953899.0,,,,,,,,-0.0018,-0.0044,-0.0025,0.0031,-0.003,0.0001,,
2018-01-19,0.029012,15124237.0,,,,,,,,0.0057,0.0093,-0.0005,0.0009,0.0012,0.0001,,
2018-01-22,-0.00174,16858348.0,,,,,,,,0.0077,-0.0035,-0.0016,-0.0058,0.0019,0.0001,,
2018-01-23,-0.007845,9372205.0,,,,,,,,0.0022,0.0007,-0.0036,-0.004,-0.0028,0.0001,,
2018-01-24,0.005799,8403558.0,,,,,,,,-0.0013,-0.0075,0.0044,0.0002,0.0013,0.0001,,
2018-01-25,-0.007512,9463755.0,,,,,,,,0.0007,0.001,-0.0054,0.0019,-0.0018,0.0001,,
2018-01-26,0.013906,8382183.0,,,,,,,,0.0111,-0.0061,-0.0051,0.0029,-0.0018,0.0001,,
2018-01-29,-0.002604,7493478.0,,,,,,,,-0.0062,-0.0003,-0.0028,0.0015,-0.0031,0.0001,,
2018-01-30,-0.010444,7321223.0,,,,,,,,-0.0106,0.0013,-0.0021,0.0041,-0.0036,0.0001,,
2018-01-31,-0.000883,7193112.0,,,,,,,,-0.0007,-0.0067,0.0011,0.0009,-0.0006,0.0001,,
2018-02-01,0.015915,7474445.0,,,,,,,,0.0003,0.0012,0.0053,-0.0055,-0.0001,0.0001,,
2018-02-02,-0.034291,9783679.0,,,,,,,,-0.0213,0.0001,-0.0029,0.0072,-0.0042,0.0001,,
2018-02-05,-0.052812,13439030.0,,,,,,,,-0.0403,0.0066,-0.0059,0.0019,-0.0014,0.0001,,
2018-02-06,0.033873,17628718.0,,,,,,,,0.0167,-0.0048,-0.0019,0.0003,-0.0015,0.0001,,
2018-02-07,0.004049,11541733.0,,,,,,,,-0.0038,0.0059,0.0021,0.0032,0.003,0.0001,,
2018-02-08,-0.050596,14073142.0,,,,,,,,-0.0367,0.008,0.0052,0.0041,0.0004,0.0001,,
2018-02-09,0.006758,15736388.0,,,,,,,,0.0137,-0.0054,0.0015,0.0017,-0.0044,0.0001,,
2018-02-12,0.024741,11712927.0,,,,,,,,0.0136,-0.0046,-0.003,-0.0024,-0.0018,0.0001,,
2018-02-13,-0.000749,8659493.0,,,,,,,,0.0031,0.0011,-0.0024,0.0019,-0.0004,0.0001,,
2018-02-14,0.031092,10536334.0,,,,,,,,0.0152,0.0029,0.0048,-0.0068,-0.0009,0.0001,,
2018-02-15,0.006358,7769938.0,,,,,,,,0.0122,-0.0017,-0.0063,0.0021,-0.0033,0.0001,,
2018-02-16,-0.004693,7448195.0,,,,,,,,0.0003,0.0036,0.0015,0.0004,0.0008,0.0001,,
2018-02-20,-0.001451,7709439.0,,,,,,,,-0.0062,-0.003,-0.0024,-0.0027,-0.0053,0.0001,,
2018-02-21,0.000726,8363036.0,,,,,,,,-0.0044,0.0082,0.0023,0.001,-0.0028,0.0001,,
2018-02-22,-0.004356,6111623.0,,,,,,,,0.0001,-0.0005,-0.0041,0.001,0.0048,0.0001,,
2018-02-23,0.022056,6687091.0,,,,,,,,0.0154,-0.0037,-0.0014,-0.0017,-0.0014,0.0001,,
2018-02-26,0.016765,7795845.0,,,,,,,,0.0112,-0.0047,-0.0006,-0.0018,-0.0025,0.0001,,
2018-02-27,-0.005087,11757739.0,,,,,,,,-0.0125,-0.0019,0.0003,-0.001,-0.0009,0.0001,,
2018-02-28,-0.012341,9599123.0,,,,,,,,-0.0111,-0.0043,-0.0031,0.0021,-0.0027,0.0001,,
2018-03-01,-0.027312,12093882.0,,,,,,,,-0.0119,0.0095,-0.0003,-0.0025,0.0004,0.0001,,
2018-03-02,0.004588,12154118.0,,,,,,,,0.007,0.0111,-0.0048,-0.0045,-0.0039,0.0001,,
2018-03-05,0.013701,7598455.0,,,,,,,,0.0107,-0.0041,0.0022,-0.0056,0.0007,0.0001,,
2018-03-06,0.019283,9762349.0,,,,,,,,0.0036,0.0069,0.0013,0.0021,-0.0006,0.0001,,
2018-03-07,0.005658,8180976.0,,,,,,,,0.0005,0.0076,-0.0044,-0.0007,-0.0041,0.0001,,
2018-03-08,0.001406,7553503.0,,,,,,,,0.0037,-0.0058,-0.0035,0.0003,-0.0017,0.0001,,
2018-03-09,0.030021,10535968.0,,,,,,,,0.0171,-0.0018,0.0027,-0.0024,-0.0003,0.0001,,
2018-03-12,0.004091,8123163.0,,,,,,,,-0.0009,0.0044,-0.0008,-0.0031,-0.0024,0.0001,,
2018-03-13,-0.014938,6031091.0,,,,,,,,-0.0067,0.0009,0.0003,0.0046,0.0005,0.0001,,
2018-03-14,-0.017922,8384255.0,,,,,,,,-0.0053,0.0014,-0.0057,-0.0013,-0.0043,0.0001,,
2018-03-15,0.004036,5648690.0,,,,,,,,-0.0017,-0.0039,0.0031,0.0012,-0.0013,0.0001,,
2018-03-16,0.005068,9144762.0,,,,,,,,0.0025,0.0047,0.0017,0.0007,0.0032,0.0001,,
2018-03-19,-0.009737,8117845.0,,,,,,,,-0.0137,0.0042,0.0041,0.003,0.001,0.0001,,
2018-03-20,0.009131,8426712.0,,,,,,,,0.0014,-0.0012,-0.0036,-0.0004,-0.0012,0.0001,,
2018-03-21,-0.006264,8676024.0,,,,,,,,-0.0007,0.0069,0.0044,-0.0112,0.0082,0.0001,,
2018-03-22,-0.04325,14900506.0,,,,,,,,-0.0254,0.004,-0.0049,0.0022,0.0004,0.0001,,
2018-03-23,-0.047035,16707825.0,,,,,,,,-0.021,0.001,-0.0023,0.0009,0.0075,0.0001,,
2018-03-26,0.042827,11913652.0,,,,,,,,0.0267,-0.0063,0.0003,-0.0002,-0.006,0.0001,,
2018-03-27,-0.021179,12389403.0,,,,,,,,-0.0187,-0.0022,0.0037,0.0081,0.0055,0.0001,,
2018-03-28,-0.004516,11262348.0,,,,,,,,-0.0035,0.0019,0.0064,0.0077,0.0005,0.0001,,
2018-03-29,0.019845,7349163.0,,,,,,,,0.0141,-0.0031,-0.0022,-0.0036,-0.0015,0.0001,,
2018-04-02,-0.02298,9311031.0,,,,,,,,-0.023,-0.0007,0.0038,0.0014,-0.001,0.0001,,
2018-04-03,0.008536,10335772.0,,,,,,,,0.0125,-0.0002,0.0018,0.0025,0.0016,0.0001,,
2018-04-04,0.009404,6692109.0,,,,,,,,0.0117,0.0034,-0.0032,0.0007,-0.0014,0.0001,,
2018-04-05,0.022173,9968216.0,,,,,,,,0.0075,0.0005,0.0046,0.0011,0.0026,0.0001,,
2018-04-06,-0.033175,9578541.0,,,,,,,,-0.0219,0.0037,-0.0006,0.0013,0.0001,0.0001,,
2018-04-09,0.005845,8111578.0,,,,,,,,0.003,-0.0023,-0.0051,-0.0075,-0.0029,0.0001,,
2018-04-10,0.014808,9286609.0,,,,,,,,0.0177,0.0033,-0.0012,-0.0092,0.004,0.0001,,
2018-04-11,-0.025859,12121199.0,,,,,,,,-0.0049,0.0079,-0.003,-0.0065,0.0028,0.0001,,
2018-04-12,0.021047,9315161.0,,,,,,,,0.0084,-0.0016,0.0019,-0.0022,0.0002,0.0001,,
2018-04-13,-0.016156,12364035.0,,,,,,,,-0.0037,-0.0011,-0.0025,-0.0008,0.0018,0.0001,,
2018-04-16,0.007928,7282233.0,,,,,,,,0.0082,0.0014,-0.0002,0.0082,0.0003,0.0001,,
2018-04-17,-0.002996,14505328.0,,,,,,,,0.0109,0.0,-0.0118,-0.0031,-0.0047,0.0001,,
2018-04-18,0.000376,17524005.0,,,,,,,,0.0013,0.0021,0.0002,-0.0028,0.0042,0.0001,,
2018-04-19,0.027037,13873694.0,,,,,,,,-0.0049,-0.003,0.0108,-0.0048,0.001,0.0001,,
2018-04-20,-0.004388,10183582.0,,,,,,,,-0.0081,0.0011,0.0058,-0.0055,0.003,0.0001,,
2018-04-23,-0.015057,8523564.0,,,,,,,,-0.0005,-0.0006,0.0019,0.003,0.0007,0.0001,,
2018-04-24,-0.010626,10742663.0,,,,,,,,-0.013,0.0064,0.0102,0.0004,0.002,0.0001,,
2018-04-25,-0.019408,12622985.0,,,,,,,,0.0011,-0.0028,0.0006,0.0041,0.0021,0.0001,,
2018-04-26,0.003075,14668929.0,,,,,,,,0.0095,-0.0056,-0.0085,-0.0058,-0.0051,0.0001,,
2018-04-27,-0.001724,7784472.0,,,,,,,,0.0001,-0.0026,0.0004,0.0053,0.0011,0.0001,,
2018-04-30,-0.004628,8209733.0,,,,,,,,-0.0081,-0.0007,-0.0009,-0.004,-0.0003,0.0001,,
2018-05-01,0.003681,8498274.0,,,,,,,,0.0025,0.0025,-0.0053,-0.0002,-0.0102,0.0001,,
2018-05-02,-0.002123,8930984.0,,,,,,,,-0.0062,0.0125,-0.0035,0.0004,-0.0004,0.0001,,
2018-05-03,-0.011992,11437990.0,,,,,,,,-0.0025,-0.0061,-0.0015,0.0004,-0.0012,0.0001,,
2018-05-04,0.006265,10368650.0,,,,,,,,0.013,-0.0003,-0.002,-0.004,0.0007,0.0001,,
2018-05-07,0.019261,6576064.0,,,,,,,,0.0041,0.0038,-0.0033,-0.0055,-0.0032,0.0001,,
2018-05-08,0.018897,11578140.0,,,,,,,,0.0007,0.005,0.0023,-0.0029,0.0008,0.0001,,
2018-05-09,0.014238,7114842.0,,,,,,,,0.009,-0.0026,0.0025,-0.0092,-0.0003,0.0001,,
2018-05-10,0.016624,8208570.0,,,,,,,,0.0085,-0.0038,-0.0004,0.0024,-0.0031,0.0001,,
2018-05-11,0.002907,6063094.0,,,,,,,,0.0019,0.0013,-0.0038,0.0026,0.0012,0.0001,,
2018-05-14,0.000362,5815967.0,,,,,,,,0.0005,-0.003,0.0011,-0.0021,0.0052,0.0001,,
2018-05-15,-0.0067,7523359.0,,,,,,,,-0.0055,0.007,0.004,-0.0007,0.0042,0.0001,,
2018-05-16,0.002188,4517653.0,,,,,,,,0.005,0.0069,-0.0025,0.0036,0.001,0.0001,,
2018-05-17,-0.001819,4576778.0,,,,,,,,0.0001,0.0087,0.0029,-0.0037,0.003,0.0001,,
2018-05-18,-0.017314,6702437.0,,,,,,,,-0.0023,0.0046,-0.0062,0.0014,-0.0022,0.0001,,
2018-05-21,0.00816,5901704.0,,,,,,,,0.0072,-0.0018,0.0044,0.0015,0.0011,0.0001,,
2018-05-22,0.009566,5930382.0,,,,,,,,-0.0042,-0.0065,0.0061,-0.0029,-0.0037,0.0001,,
2018-05-23,-0.009657,6529702.0,,,,,,,,0.0029,-0.0006,-0.0069,0.0,-0.0033,0.0001,,
2018-05-24,-0.00644,6637304.0,,,,,,,,-0.0016,0.0034,-0.0035,0.005,0.0009,0.0001,,
2018-05-25,-0.018333,10152793.0,,,,,,,,-0.0022,0.0024,-0.0039,0.0059,-0.0053,0.0001,,
2018-05-29,-0.057536,26605112.0,,,,,,,,-0.0103,0.0111,-0.0102,0.0017,-0.0002,0.0001,,
2018-05-30,0.020216,11542623.0,,,,,,,,0.0131,0.0003,0.0036,-0.0074,0.0019,0.0001,,
2018-05-31,-0.016284,15150422.0,,,,,,,,-0.007,0.0005,-0.0043,-0.005,-0.0017,0.0001,,
2018-06-01,0.02134,10003862.0,,,,,,,,0.0106,-0.0021,-0.001,-0.0007,-0.002,0.0001,,
2018-06-04,0.006639,5523757.0,,,,,,,,0.0048,0.0017,-0.0045,0.0108,-0.0032,0.0001,,
2018-06-05,-0.014937,9135955.0,,,,,,,,0.0016,0.0078,-0.0044,0.002,0.0008,0.0001,,
2018-06-06,0.022253,7945828.0,,,,,,,,0.0086,-0.0027,0.0021,0.0001,0.0016,0.0001,,
2018-06-07,0.004431,8477617.0,,,,,,,,-0.0014,-0.0025,0.0093,0.0017,0.0062,0.0001,,
2018-06-08,-0.004411,6412908.0,,,,,,,,0.0031,0.0004,-0.004,0.0024,-0.002,0.0001,,
2018-06-11,-0.002504,6810384.0,,,,,,,,0.0012,0.0015,-0.0016,0.0022,0.0023,0.0001,,
2018-06-12,-0.008884,8953288.0,,,,,,,,0.0023,0.0019,-0.0063,0.001,-0.0017,0.0001,,
2018-06-13,0.005456,7981400.0,,,,,,,,-0.0033,0.0002,-0.002,-0.0058,-0.0018,0.0001,,
2018-06-14,-0.00562,8620694.0,,,,,,,,0.0028,0.002,-0.0101,-0.0002,-0.0061,0.0001,,
2018-06-15,-0.002923,11505664.0,,,,,,,,-0.0007,0.0011,-0.0025,0.0069,-0.0016,0.0001,,
2018-06-18,-0.007623,7493912.0,,,,,,,,-0.0009,0.0074,0.0008,-0.0044,0.0004,0.0001,,
2018-06-19,-0.016742,12490091.0,,,,,,,,-0.0038,0.0052,-0.0014,-0.0024,-0.0037,0.0001,,
2018-06-20,-0.000601,6570767.0,,,,,,,,0.0023,0.0065,-0.0051,-0.0017,0.0009,0.0001,,
2018-06-21,-0.002004,11018359.0,,,,,,,,-0.0073,-0.0056,0.0033,0.005,0.0009,0.0001,,
2018-06-22,-0.018076,18478059.0,,,,,,,,0.0011,-0.0007,0.0046,-0.0052,0.0091,0.0001,,
2018-06-25,-0.019636,14684249.0,,,,,,,,-0.0148,-0.0046,0.0057,0.0065,0.0017,0.0001,,
2018-06-26,-0.002921,12097849.0,,,,,,,,0.0027,0.0051,-0.0024,-0.0051,0.0006,0.0001,,
2018-06-27,-0.012555,11635916.0,,,,,,,,-0.0102,-0.0101,0.0036,-0.0007,0.0052,0.0001,,
2018-06-28,0.02331,14183344.0,,,,,,,,0.0058,-0.002,-0.0051,-0.002,-0.0058,0.0001,,
2018-06-29,-0.01843,13592225.0,,,,,,,,0.0006,-0.0024,-0.0024,-0.0025,0.0001,0.0001,,
2018-07-02,0.006751,8655098.0,,,,,,,,0.0036,0.0045,-0.0025,-0.0008,-0.0054,0.0001,,
2018-07-03,-0.014669,5037768.0,,,,,,,,-0.0044,0.0076,-0.0002,-0.0028,0.0045,0.0001,,
2018-07-05,-0.006806,10577345.0,,,,,,,,0.0087,0.0039,-0.0043,0.0033,-0.0017,0.0001,,
2018-07-06,0.008351,7269740.0,,,,,,,,0.0088,-0.0002,-0.003,-0.0026,-0.0015,0.0001,,
2018-07-09,0.028031,9412496.0,,,,,,,,0.0093,-0.0029,0.0086,0.0001,-0.0021,0.0001,,
2018-07-10,-0.006404,9238826.0,,,,,,,,0.0021,-0.0083,-0.0016,0.0011,0.0029,0.0001,,
2018-07-11,-0.007277,6089496.0,,,,,,,,-0.007,-0.0006,-0.0046,-0.0012,-0.0033,0.0001,,
2018-07-12,0.005654,7774660.0,,,,,,,,0.0085,-0.0044,-0.0116,-0.0004,-0.0048,0.0001,,
2018-07-13,0.001249,9772493.0,,,,,,,,0.0008,-0.0018,-0.0029,0.0033,0.0018,0.0001,,
2018-07-16,0.017055,8723993.0,,,,,,,,-0.0016,-0.0061,0.0097,-0.0021,-0.0014,0.0001,,
2018-07-17,0.005726,11138345.0,,,,,,,,0.0048,0.0017,-0.0074,0.0012,-0.0023,0.0001,,
2018-07-18,0.02806,18407322.0,,,,,,,,0.0026,-0.0015,0.0068,-0.0017,-0.0015,0.0001,,
2018-07-19,-0.014043,11363567.0,,,,,,,,-0.0034,0.0092,-0.0036,0.0022,0.0004,0.0001,,
2018-07-20,0.008425,8909994.0,,,,,,,,-0.001,-0.0017,0.0011,0.0009,-0.0022,0.0001,,
2018-07-23,0.00935,7728944.0,,,,,,,,0.0016,-0.0019,0.0054,-0.0021,-0.002,0.0001,,
2018-07-24,0.00473,7254883.0,,,,,,,,0.0022,-0.0133,0.0039,0.0049,0.0008,0.0001,,
2018-07-25,0.001177,7466198.0,,,,,,,,0.0083,-0.0059,-0.0106,0.0007,-0.0033,0.0001,,
2018-07-26,-0.00098,5525022.0,,,,,,,,-0.0021,0.0076,0.0058,-0.0004,0.0059,0.0001,,
2018-07-27,0.001177,7253602.0,,,,,,,,-0.0082,-0.0121,0.0106,0.0051,0.005,0.0001,,
2018-07-30,0.002938,10123712.0,,,,,,,,-0.007,0.0002,0.0159,0.0031,0.0103,0.0001,,
2018-07-31,-0.00668,9714906.0,,,,,,,,0.0051,0.0072,-0.011,0.0027,0.0024,0.0001,,
2018-08-01,-0.007516,9194876.0,,,,,,,,-0.0013,-0.0001,-0.0022,-0.0016,-0.0079,0.0001,,
2018-08-02,-0.007373,7882660.0,,,,,,,,0.0067,0.0019,-0.0065,-0.0003,-0.0055,0.0001,,
2018-08-03,0.002008,5426539.0,,,,,,,,0.0031,-0.0093,0.0051,0.0063,0.0038,0.0001,,
2018-08-06,0.001603,5086939.0,,,,,,,,0.0046,0.0023,-0.0033,-0.0031,-0.0021,0.0001,,
2018-08-07,0.002801,5632265.0,,,,,,,,0.0029,-0.0002,-0.0015,-0.0031,-0.0015,0.0001,,
2018-08-08,-0.000199,5884075.0,,,,,,,,-0.0004,-0.0012,0.0026,-0.0003,-0.0007,0.0001,,
2018-08-09,-0.013567,7583434.0,,,,,,,,-0.0005,0.0035,-0.0035,0.0002,-0.0023,0.0001,,
2018-08-10,-0.021238,14321552.0,,,,,,,,-0.006,0.0031,-0.0021,-0.0027,0.0024,0.0001,,
2018-08-13,-0.021492,11447455.0,,,,,,,,-0.0046,-0.0021,-0.0029,0.0031,0.0003,0.0001,,
2018-08-14,0.010771,8695834.0,,,,,,,,0.0069,0.0032,0.0022,0.0035,0.002,0.0001,,
2018-08-15,-0.008567,9496125.0,,,,,,,,-0.0091,-0.0052,-0.0014,0.0064,-0.0011,0.0001,,
2018-08-16,0.017914,8264597.0,,,,,,,,0.0086,-0.0003,0.0026,-0.0008,0.004,0.0001,,
2018-08-17,0.001449,5854527.0,,,,,,,,0.003,0.0013,0.0001,0.0022,0.0016,0.0001,,
2018-08-20,-0.001654,7898209.0,,,,,,,,0.0025,0.0015,0.0014,0.001,0.0014,0.0001,,
2018-08-21,0.005177,9632036.0,,,,,,,,0.0033,0.0092,0.0014,-0.0025,-0.0027,0.0001,,
2018-08-22,0.001236,4951975.0,,,,,,,,0.0005,0.0029,-0.0035,-0.0051,-0.0028,0.0001,,
2018-08-23,-0.009671,7699280.0,,,,,,,,-0.0019,-0.001,-0.0033,-0.0001,-0.0018,0.0001,,
2018-08-24,0.000208,5620737.0,,,,,,,,0.0062,-0.0008,-0.0058,-0.0031,-0.0019,0.0001,,
2018-08-27,0.036352,13317463.0,,,,,,,,0.0074,-0.0061,-0.0015,-0.002,-0.0038,0.0001,,
2018-08-28,0.002205,7419103.0,,,,,,,,-0.0001,-0.0012,-0.0023,0.0011,-0.0005,0.0001,,
2018-08-29,-0.001,7856650.0,,,,,,,,0.0056,-0.0014,-0.0057,-0.0015,-0.0028,0.0001,,
2018-08-30,-0.013013,11399899.0,,,,,,,,-0.0041,0.0023,-0.0042,-0.0022,-0.0012,0.0001,,
2018-08-31,-0.009533,7698386.0,,,,,,,,0.0008,0.0046,-0.0038,0.0017,-0.0014,0.0001,,
2018-09-04,-0.002458,8548661.0,,,,,,,,-0.0011,-0.0033,0.0001,-0.0005,-0.0014,0.0001,,
2018-09-05,0.000205,5527517.0,,,,,,,,-0.0041,-0.0004,0.0067,0.0047,0.006,0.0001,,
2018-09-06,-0.016215,7990648.0,,,,,,,,-0.0044,-0.0036,-0.0025,0.0043,0.0034,0.0001,,
2018-09-07,0.00605,7285237.0,,,,,,,,-0.0018,0.0008,-0.0022,0.0003,0.0003,0.0001,,
2018-09-10,-0.005807,4924961.0,,,,,,,,0.0023,0.0008,-0.0036,0.0007,-0.0021,0.0001,,
2018-09-11,-0.001669,5011708.0,,,,,,,,0.0037,-0.0034,-0.0024,-0.0013,-0.0042,0.0001,,
2018-09-12,-0.00794,6231787.0,,,,,,,,0.0003,-0.0012,-0.0023,0.0005,0.0055,0.0001,,
2018-09-13,0.005055,8380123.0,,,,,,,,0.0045,-0.0049,-0.0039,0.0005,-0.0005,0.0001,,
2018-09-14,0.009849,6955800.0,,,,,,,,0.0012,0.0031,0.0025,-0.0013,-0.0004,0.0001,,
2018-09-17,-0.010583,6726514.0,,,,,,,,-0.0072,-0.0035,0.0085,0.0032,0.0075,0.0001,,
2018-09-18,0.003565,7082739.0,,,,,,,,0.0057,0.0003,-0.0048,-0.0022,-0.0023,0.0001,,
2018-09-19,0.026123,12489109.0,,,,,,,,0.0005,-0.0051,0.0128,-0.0045,-0.0003,0.0001,,
2018-09-20,0.015886,11810016.0,,,,,,,,0.0077,0.0029,-0.0023,0.0005,-0.0008,0.0001,,
2018-09-21,-0.009423,21450371.0,,,,,,,,-0.0013,-0.0043,0.0031,0.0022,0.0066,0.0001,,
2018-09-24,-0.017203,7917636.0,,,,,,,,-0.0031,-0.0004,-0.0089,-0.0047,-0.0028,0.0001,,
2018-09-25,-0.005766,9007555.0,,,,,,,,-0.0005,0.002,-0.0038,-0.0034,-0.0006,0.0001,,
2018-09-26,-0.012013,8443136.0,,,,,,,,-0.004,-0.0047,-0.0062,0.0051,0.0012,0.0001,,
2018-09-27,0.001468,12204923.0,,,,,,,,0.0027,-0.0034,-0.0054,0.001,-0.0032,0.0001,,
2018-09-28,-0.02512,14187318.0,,,,,,,,-0.0003,0.0034,-0.0019,0.0012,0.0018,0.0001,,
2018-10-01,0.001288,9710524.0,,,,,,,,0.0016,-0.0163,0.0036,-0.0011,0.0003,0.0001,,
2018-10-02,0.0,9589150.0,,,,,,,,-0.0021,-0.0094,0.0057,0.0012,0.0035,0.0001,,
2018-10-03,0.010294,8985334.0,,,,,,,,0.002,0.0089,0.005,-0.0038,-0.0022,0.0001,,
2018-10-04,0.003396,7722601.0,,,,,,,,-0.0093,-0.008,0.0158,0.0013,0.0078,0.0001,,
2018-10-05,-0.011001,7939075.0,,,,,,,,-0.0064,-0.004,0.0037,-0.0038,0.0043,0.0001,,
2018-10-08,0.005775,7054493.0,,,,,,,,-0.0018,-0.0024,0.0124,0.0051,0.0065,0.0001,,
2018-10-09,-0.01829,9999920.0,,,,,,,,-0.0018,-0.0041,0.0028,-0.005,0.0021,0.0001,,
2018-10-10,-0.033362,14143842.0,,,,,,,,-0.0333,0.0041,0.0109,0.0022,0.0082,0.0001,,
2018-10-11,-0.025325,21746894.0,,,,,,,,-0.0196,0.0038,-0.0092,0.0042,-0.0057,0.0001,,
2018-10-12,-0.00138,16049323.0,,,,,,,,0.0139,-0.0111,-0.0175,0.0007,-0.0044,0.0001,,
2018-10-15,0.000921,11986809.0,,,,,,,,-0.0048,0.0099,0.0052,0.0037,0.0051,0.0001,,
2018-10-16,0.056821,24174876.0,,,,,,,,0.0225,0.0057,-0.0145,-0.0023,-0.0068,0.0001,,
2018-10-17,0.027209,22122135.0,,,,,,,,-0.0009,-0.0061,0.0023,-0.0024,0.0016,0.0001,,
2018-10-18,-0.024582,14873921.0,,,,,,,,-0.0154,-0.0053,0.0042,-0.0036,0.0037,0.0001,,
2018-10-19,0.008473,14931528.0,,,,,,,,-0.0024,-0.0127,0.007,0.0044,0.0059,0.0001,,
2018-10-22,-0.028221,11166709.0,,,,,,,,-0.0038,0.0035,-0.0126,0.0111,-0.0015,0.0001,,
2018-10-23,-0.013079,15095320.0,,,,,,,,-0.0062,-0.0017,-0.0042,0.0017,-0.0008,0.0001,,
2018-10-24,-0.023136,15067401.0,,,,,,,,-0.0333,-0.0083,0.0076,0.0036,0.0128,0.0001,,
2018-10-25,0.024373,13838470.0,,,,,,,,0.0193,0.0031,-0.006,-0.0017,-0.0109,0.0001,,
2018-10-26,-0.013019,12997093.0,,,,,,,,-0.0165,0.0059,0.0035,-0.0034,0.005,0.0001,,
2018-10-29,-0.000455,12869775.0,,,,,,,,-0.0076,-0.001,0.0161,0.0,0.01,0.0001,,
2018-10-30,0.01934,14780330.0,,,,,,,,0.0166,0.0045,0.0009,0.0036,0.0033,0.0001,,
2018-10-31,0.026067,16928328.0,,,,,,,,0.0121,-0.007,-0.0074,-0.0041,-0.0099,0.0001,,
2018-11-01,0.005037,8679872.0,,,,,,,,0.0129,0.0121,-0.0112,-0.0026,-0.0052,0.0001,,
2018-11-02,0.001307,10478833.0,,,,,,,,-0.0053,0.0085,0.0067,-0.0047,0.002,0.0001,,
2018-11-05,-0.002829,12318900.0,,,,,,,,0.004,-0.0089,0.0157,-0.005,0.0079,0.0001,,
2018-11-06,-0.002182,10737349.0,,,,,,,,0.0057,-0.0015,0.0002,0.0028,0.0021,0.0001,,
2018-11-07,0.019466,9951156.0,,,,,,,,0.0212,-0.0051,-0.0105,-0.0039,-0.008,0.0001,,
2018-11-08,-0.003862,9484122.0,,,,,,,,-0.0028,-0.0017,0.0025,0.0042,0.0033,0.0001,,
2018-11-09,-0.015077,10017903.0,,,,,,,,-0.0104,-0.0084,0.0041,0.0064,0.0069,0.0001,,
2018-11-12,-0.034988,14302034.0,,,,,,,,-0.0206,0.001,0.0084,0.0053,0.0093,0.0001,,
2018-11-13,0.012463,12346067.0,,,,,,,,-0.0013,-0.0005,0.0016,0.0021,-0.003,0.0001,,
2018-11-14,-0.018577,13265247.0,,,,,,,,-0.0078,0.0004,-0.0027,0.006,0.0013,0.0001,,
2018-11-15,0.010262,14057610.0,,,,,,,,0.0118,0.0031,-0.0039,-0.0085,-0.0072,0.0001,,
2018-11-16,-0.003837,9775079.0,,,,,,,,0.0015,-0.0002,-0.0006,-0.0077,0.0019,0.0001,,
2018-11-19,0.006345,9856718.0,,,,,,,,-0.0188,-0.0039,0.0232,0.0021,0.0124,0.0001,,
2018-11-20,-0.029498,16035711.0,,,,,,,,-0.0185,0.0004,-0.0054,-0.0032,-0.0027,0.0001,,
2018-11-21,0.014617,7961914.0,,,,,,,,0.0051,0.0095,-0.0033,-0.0034,0.0,0.0001,,
2018-11-23,-0.014864,4822440.0,,,,,,,,-0.0055,0.0076,-0.0061,0.003,-0.0004,0.0001,,
2018-11-26,0.027855,8862886.0,,,,,,,,0.0162,-0.0069,-0.002,-0.0041,-0.0076,0.0001,,
2018-11-27,-0.005194,8035949.0,,,,,,,,0.0011,-0.0105,0.0025,0.006,0.0012,0.0001,,
2018-11-28,0.028604,12380774.0,,,,,,,,0.0242,0.003,-0.0116,0.0007,-0.0096,0.0001,,
2018-11-29,-0.017656,9203174.0,,,,,,,,-0.0022,-0.002,-0.0009,-0.0048,0.0002,0.0001,,
2018-11-30,-0.002696,11282504.0,,,,,,,,0.0079,-0.0037,-0.0044,0.0024,-0.0022,0.0001,,
2018-12-03,0.022978,15436970.0,,,,,,,,0.0113,-0.0011,-0.0078,-0.0028,-0.0059,0.0001,,
2018-12-04,-0.050429,18401387.0,,,,,,,,-0.0346,-0.0103,-0.0022,-0.0011,0.0097,0.0001,,
2018-12-06,-0.011828,17552418.0,,,,,,,,-0.0016,-0.0006,-0.0106,0.0014,-0.0031,0.0001,,
2018-12-07,-0.030275,15499771.0,,,,,,,,-0.0236,0.0027,0.0133,-0.0049,0.0063,0.0001,,
2018-12-10,-0.014763,16323168.0,,,,,,,,0.001,-0.0036,-0.0164,0.0028,-0.0029,0.0001,,
2018-12-11,-0.002211,13619401.0,,,,,,,,-0.0008,-0.0015,-0.0042,0.0017,-0.0006,0.0001,,
2018-12-12,0.004678,14207559.0,,,,,,,,0.0068,0.0051,-0.0017,-0.0023,-0.001,0.0001,,
2018-12-13,-0.005146,15964625.0,,,,,,,,-0.0026,-0.0155,-0.002,0.0021,0.0008,0.0001,,
2018-12-14,-0.023645,17332199.0,,,,,,,,-0.0189,0.0009,0.0049,-0.0021,0.0062,0.0001,,
2018-12-17,-0.001009,15786277.0,,,,,,,,-0.0213,-0.0011,0.0108,0.0027,0.002,0.0001,,
2018-12-18,0.007323,14538285.0,,,,,,,,-0.0003,-0.0003,-0.006,0.0093,-0.0046,0.0001,,
2018-12-19,-0.014791,19412265.0,,,,,,,,-0.0158,-0.0059,0.0002,-0.0038,0.0042,0.0001,,
2018-12-20,-0.009924,27520303.0,,,,,,,,-0.0162,-0.0011,0.0097,0.0062,-0.0006,0.0001,,
2018-12-21,-0.031611,21528542.0,,,,,,,,-0.0216,-0.0054,0.0077,0.0014,0.0065,0.0001,,
2018-12-24,-0.017781,11444426.0,,,,,,,,-0.0255,0.0093,-0.0051,-0.0035,-0.0035,0.0001,,
2018-12-26,0.061875,16814171.0,,,,,,,,0.0507,-0.0019,-0.01,-0.0021,-0.0112,0.0001,,
2018-12-27,0.00916,13897851.0,,,,,,,,0.0078,-0.0071,-0.0013,-0.0013,0.001,0.0001,,
2018-12-28,-0.007312,12854257.0,,,,,,,,-0.0003,0.0075,0.0025,-0.0037,-0.0006,0.0001,,
2018-12-31,0.007112,9518406.0,,,,,,,,0.009,-0.0014,-0.0045,-0.0009,-0.0013,0.0001,,
2019-01-02,0.018916,10648013.0,,,,,,,,0.0022,0.0073,0.0114,-0.0016,0.0025,0.0001,,
2019-01-03,-0.017822,13034509.0,,,,,,,,-0.0245,0.0048,0.0118,-0.0022,0.0091,0.0001,,
2019-01-04,0.040827,14371614.0,,,,,,,,0.0355,0.0035,-0.0069,-0.0011,-0.0062,0.0001,,
2019-01-07,0.009927,11812629.0,,,,,,,,0.0094,0.0087,-0.0075,-0.0074,-0.0045,0.0001,,
2019-01-08,-0.006234,11398177.0,,,,,,,,0.0101,0.0044,-0.0063,0.0034,-0.0012,0.0001,,
2019-01-09,0.006996,9223047.0,,,,,,,,0.0052,0.005,0.0011,0.0009,-0.002,0.0001,,
2019-01-10,-0.001917,7560784.0,,,,,,,,0.004,-0.0001,-0.0045,-0.0006,-0.0007,0.0001,,
2019-01-11,0.00192,8191878.0,,,,,,,,0.0,0.002,0.0022,0.0023,0.0022,0.0001,,
2019-01-14,0.017729,12336263.0,,,,,,,,-0.006,-0.0046,0.0095,0.0024,0.0,0.0001,,
2019-01-15,0.009416,11737024.0,,,,,,,,0.0105,-0.0014,-0.009,-0.003,-0.0059,0.0001,,
2019-01-16,0.037547,30530372.0,,,,,,,,0.0028,0.0026,0.0092,-0.0011,-0.0028,0.0001,,
2019-01-17,-0.044055,47037208.0,,,,,,,,0.0078,0.0009,-0.0024,0.0006,-0.0002,0.0001,,
2019-01-18,0.027275,20614355.0,,,,,,,,0.013,-0.0029,0.0012,0.0019,-0.0024,0.0001,,
2019-01-22,-0.029297,20202401.0,,,,,,,,-0.0152,-0.0035,0.003,0.0026,0.0036,0.0001,,
2019-01-23,-0.006131,15583917.0,,,,,,,,0.0016,-0.0041,-0.0015,0.0035,0.0027,0.0001,,
2019-01-24,-0.002372,13421572.0,,,,,,,,0.0023,0.0048,0.0,-0.0015,-0.0023,0.0001,,
2019-01-25,0.022117,13422970.0,,,,,,,,0.009,0.0041,-0.0034,-0.0036,-0.0057,0.0001,,
2019-01-28,-0.007678,10396739.0,,,,,,,,-0.008,-0.0007,0.0063,0.0029,0.0017,0.0001,,
2019-01-29,-0.003751,9916424.0,,,,,,,,-0.0019,0.0003,0.0019,0.0003,0.0049,0.0001,,
2019-01-30,0.014121,12348090.0,,,,,,,,0.0151,-0.0035,-0.0094,-0.0023,-0.009,0.0001,,
2019-01-31,-0.011451,11163543.0,,,,,,,,0.0091,-0.0007,-0.0111,-0.0035,-0.0002,0.0001,,
2019-02-01,-0.011348,13322116.0,,,,,,,,0.0013,-0.0015,0.0043,-0.0078,0.0029,0.0001,,
2019-02-04,0.015304,8715318.0,,,,,,,,0.0073,0.0041,-0.0047,0.0019,-0.0021,0.0001,,
2019-02-05,-0.000236,9971528.0,,,,,,,,0.0043,-0.0012,-0.0061,0.0061,-0.0033,0.0001,,
2019-02-06,-0.001649,9744196.0,,,,,,,,-0.0021,-0.0003,0.0006,-0.0011,0.0006,0.0001,,
2019-02-07,-0.021236,12745444.0,,,,,,,,-0.0093,-0.0013,0.0038,0.0055,0.0032,0.0001,,
2019-02-08,-0.016152,13993932.0,,,,,,,,0.001,-0.0007,-0.0068,-0.0034,-0.0011,0.0001,,
2019-02-11,-0.014702,17058346.0,,,,,,,,0.0014,0.0067,0.0023,-0.0009,-0.0002,0.0001,,
2019-02-12,0.023377,12400817.0,,,,,,,,0.0136,0.0004,-0.0016,-0.0012,-0.0029,0.0001,,
2019-02-13,0.000972,9528340.0,,,,,,,,0.0028,0.0005,0.0007,0.001,0.0021,0.0001,,
2019-02-14,-0.011411,10414619.0,,,,,,,,-0.002,0.0052,-0.0059,0.0042,-0.0019,0.0001,,
2019-02-15,0.031189,13289736.0,,,,,,,,0.0113,0.0037,0.0048,-0.0022,0.0,0.0001,,
2019-02-19,0.004049,9401735.0,,,,,,,,0.0019,0.0032,0.0031,0.0003,0.0021,0.0001,,
2019-02-20,0.006167,10031557.0,,,,,,,,0.0019,0.0029,0.0056,0.0001,-0.0029,0.0001,,
2019-02-21,-0.010844,9603574.0,,,,,,,,-0.0037,-0.0003,-0.0023,0.0058,0.0013,0.0001,,
2019-02-22,-0.004051,10132145.0,,,,,,,,0.0065,0.0039,-0.0147,0.0031,-0.0061,0.0001,,
2019-02-25,0.009572,10804675.0,,,,,,,,0.0015,-0.0027,-0.0018,-0.0076,-0.0055,0.0001,,
2019-02-26,0.005215,10404423.0,,,,,,,,-0.0016,-0.0068,-0.0033,0.001,-0.0016,0.0001,,
2019-02-27,0.003537,6916606.0,,,,,,,,0.001,0.0015,-0.0012,-0.0066,-0.0013,0.0001,,
2019-02-28,-0.013628,12299943.0,,,,,,,,-0.0031,-0.0001,-0.0027,0.0029,0.0017,0.0001,,
2019-03-01,0.012387,12336072.0,,,,,,,,0.0072,0.0025,-0.0041,-0.0036,-0.0019,0.0001,,
2019-03-04,-0.011765,12115076.0,,,,,,,,-0.0052,-0.004,0.0038,0.0013,-0.0007,0.0001,,
2019-03-05,-0.002381,10449055.0,,,,,,,,-0.0017,-0.0032,-0.0022,0.0029,-0.0001,0.0001,,
2019-03-06,-0.006683,7062738.0,,,,,,,,-0.0084,-0.0123,0.0005,0.0057,0.0012,0.0001,,
2019-03-07,-0.010812,12502143.0,,,,,,,,-0.0082,-0.0005,-0.0034,-0.0037,0.0012,0.0001,,
2019-03-08,0.004615,11748387.0,,,,,,,,-0.0022,0.0007,-0.0017,-0.0011,-0.0026,0.0001,,
2019-03-11,0.011847,7191561.0,,,,,,,,0.0149,0.0027,-0.0053,-0.0028,-0.0046,0.0001,,
2019-03-12,0.004301,7204448.0,,,,,,,,0.0025,-0.0031,-0.0007,-0.0043,0.0002,0.0001,,
2019-03-13,0.009041,9269046.0,,,,,,,,0.0067,-0.0032,0.0008,-0.0017,0.0017,0.0001,,
2019-03-14,0.006602,8351177.0,,,,,,,,-0.001,-0.0038,0.003,-0.0015,-0.0011,0.0001,,
2019-03-15,0.014992,18992637.0,,,,,,,,0.0048,-0.0024,-0.0025,-0.0005,-0.0019,0.0001,,
2019-03-18,0.016155,10305938.0,,,,,,,,0.0046,0.0022,0.0044,-0.0009,-0.0008,0.0001,,
2019-03-19,-0.001817,12548514.0,,,,,,,,-0.0009,-0.0047,-0.0092,0.0002,-0.0008,0.0001,,
2019-03-20,-0.020933,15078498.0,,,,,,,,-0.0037,-0.0023,-0.0106,-0.0015,-0.0026,0.0001,,
2019-03-21,0.002324,14576214.0,,,,,,,,0.011,0.0017,-0.0123,0.0031,-0.0034,0.0001,,
2019-03-22,-0.032692,25416776.0,,,,,,,,-0.0217,-0.0156,-0.0008,0.0057,0.0061,0.0001,,
2019-03-25,-0.011266,14504118.0,,,,,,,,-0.0005,0.0061,-0.0026,0.0021,0.0004,0.0001,,
2019-03-26,0.015273,9615437.0,,,,,,,,0.0076,0.0023,0.0046,0.0005,0.0017,0.0001,,
2019-03-27,-0.012178,11251640.0,,,,,,,,-0.005,0.0016,0.0051,0.0075,0.0011,0.0001,,
2019-03-28,0.013536,8397024.0,,,,,,,,0.004,0.0034,0.0002,-0.0013,-0.0005,0.0001,,
2019-03-29,0.006439,11811368.0,,,,,,,,0.0066,-0.0028,-0.0092,0.0022,-0.0017,0.0001,,
2019-04-01,0.031517,25813282.0,,,,,,,,0.0119,-0.0019,0.0099,-0.0009,-0.003,0.0001,,
2019-04-02,0.003905,13101204.0,,,,,,,,-0.0005,-0.0018,-0.0044,-0.0039,-0.0049,0.0001,,
2019-04-03,0.015561,11712103.0,,,,,,,,0.0027,0.0022,-0.0039,0.0013,-0.0039,0.0001,,
2019-04-04,0.012393,9120028.0,,,,,,,,0.0019,0.0035,0.0094,0.0063,0.0026,0.0001,,
2019-04-05,-0.000668,8633865.0,,,,,,,,0.0053,0.0049,-0.0007,-0.0029,0.0011,0.0001,,
2019-04-08,0.001782,10898882.0,,,,,,,,0.0008,-0.0031,0.001,0.0027,-0.0003,0.0001,,
2019-04-09,-0.016007,7436163.0,,,,,,,,-0.0065,-0.006,-0.0015,0.0014,-0.0004,0.0001,,
2019-04-10,0.004293,6703363.0,,,,,,,,0.0048,0.0095,-0.0011,0.0008,-0.0013,0.0001,,
2019-04-11,0.007874,7872707.0,,,,,,,,0.0,-0.0027,0.004,0.0005,0.0012,0.0001,,
2019-04-12,0.042188,21641901.0,,,,,,,,0.0064,-0.0036,0.0066,0.0052,-0.0025,0.0001,,
2019-04-15,-0.013065,11668987.0,,,,,,,,-0.0009,-0.0026,-0.0055,0.0036,0.0007,0.0001,,
2019-04-16,0.020399,13358583.0,,,,,,,,0.0013,0.0023,0.0071,-0.0012,-0.0014,0.0001,,
2019-04-17,0.026372,19609975.0,,,,,,,,-0.0032,-0.0053,0.0084,0.011,-0.0028,0.0001,,
2019-04-18,-0.014712,19906525.0,,,,,,,,0.0011,-0.0028,-0.005,0.0016,-0.002,0.0001,,
2019-04-22,-0.005468,7042052.0,,,,,,,,0.0011,-0.0049,-0.0057,-0.0052,-0.0019,0.0001,,
2019-04-23,0.001269,8163655.0,,,,,,,,0.0097,0.0066,-0.0049,-0.0012,-0.0042,0.0001,,
2019-04-24,0.000634,9042508.0,,,,,,,,-0.0022,0.0032,-0.0008,0.0064,0.0007,0.0001,,
2019-04-25,-0.0019,5585897.0,,,,,,,,-0.0014,-0.0079,-0.0021,-0.0063,-0.0027,0.0001,,
2019-04-26,0.012688,7661270.0,,,,,,,,0.0053,0.0047,0.0006,-0.0008,-0.0018,0.0001,,
2019-04-29,0.018167,9702221.0,,,,,,,,0.0018,0.0015,0.0065,-0.0039,-0.0016,0.0001,,
2019-04-30,-0.004333,8104851.0,,,,,,,,-0.0004,-0.0068,0.0027,0.0011,0.0069,0.0001,,
2019-05-01,-0.014093,9056312.0,,,,,,,,-0.0083,-0.0007,-0.0002,0.0036,-0.0005,0.0001,,
2019-05-02,0.005045,7680525.0,,,,,,,,-0.0016,0.0046,-0.0028,0.0003,0.0006,0.0001,,
2019-05-03,0.005229,5829739.0,,,,,,,,0.0113,0.0093,-0.0027,-0.0001,-0.0037,0.0001,,
2019-05-06,-0.007283,6310038.0,,,,,,,,-0.0039,0.0058,-0.0042,0.0002,0.0006,0.0001,,
2019-05-07,-0.02096,10365064.0,,,,,,,,-0.0169,-0.0027,0.0049,0.0003,0.003,0.0001,,
2019-05-08,-0.003854,7340460.0,,,,,,,,-0.0021,-0.0021,-0.0031,-0.0001,0.0017,0.0001,,
2019-05-09,-0.001719,8102264.0,,,,,,,,-0.0028,0.0006,0.0009,-0.0036,0.0001,0.0001,,
2019-05-10,-0.002368,9749244.0,,,,,,,,0.0035,-0.0033,0.0006,-0.0011,0.0026,0.0001,,
2019-05-13,-0.046612,16506404.0,,,,,,,,-0.0265,-0.0068,0.0028,0.0024,0.0084,0.0001,,
2019-05-14,-0.003848,17302187.0,,,,,,,,0.0091,0.0034,-0.0002,-0.0056,-0.0002,0.0001,,
2019-05-15,-0.002499,10703080.0,,,,,,,,0.0058,-0.0009,-0.0096,0.0012,-0.003,0.0001,,
2019-05-16,0.008656,9305005.0,,,,,,,,0.0091,-0.0045,-0.0033,-0.0014,-0.0023,0.0001,,
2019-05-17,-0.009033,8411718.0,,,,,,,,-0.0071,-0.0076,0.0028,0.0006,0.0033,0.0001,,
2019-05-20,-0.000228,8951644.0,,,,,,,,-0.0065,-0.0011,0.0073,0.0006,0.0045,0.0001,,
2019-05-21,0.011853,5936391.0,,,,,,,,0.009,0.0043,-0.0034,-0.0015,-0.0018,0.0001,,
2019-05-22,-0.020275,10109593.0,,,,,,,,-0.004,-0.0064,-0.0062,-0.0012,0.002,0.0001,,
2019-05-23,-0.017935,13128975.0,,,,,,,,-0.0137,-0.0072,-0.0027,0.0033,0.0026,0.0001,,
2019-05-24,0.005853,6172306.0,,,,,,,,0.0023,0.0051,0.003,-0.005,-0.0004,0.0001,,
2019-05-28,-0.018389,10539520.0,,,,,,,,-0.0078,0.0021,-0.0063,0.0,-0.0029,0.0001,,
2019-05-29,0.000474,9808742.0,,,,,,,,-0.0071,-0.0024,0.0041,-0.0018,0.0001,0.0001,,
2019-05-30,-0.008533,7797240.0,,,,,,,,0.0014,-0.0037,-0.0077,0.0029,-0.0004,0.0001,,
2019-05-31,-0.027253,11328629.0,,,,,,,,-0.0137,-0.0023,-0.0011,0.0005,0.0039,0.0001,,
2019-06-03,0.000983,10133244.0,,,,,,,,-0.0034,0.0039,0.0168,-0.0017,0.0132,0.0001,,
2019-06-04,0.042966,11860935.0,,,,,,,,0.0232,0.005,-0.0003,0.0028,-0.0047,0.0001,,
2019-06-05,-0.001177,6421315.0,,,,,,,,0.007,-0.0106,-0.0097,0.0007,-0.0022,0.0001,,
2019-06-06,0.008956,5741545.0,,,,,,,,0.0055,-0.0108,0.0002,0.0007,-0.0008,0.0001,,
2019-06-07,-0.002569,7546203.0,,,,,,,,0.0104,-0.0014,-0.0119,0.0036,-0.0067,0.0001,,
2019-06-10,0.013817,8693295.0,,,,,,,,0.0054,0.0001,0.0007,0.0038,-0.0036,0.0001,,
2019-06-11,0.008778,10654592.0,,,,,,,,-0.0012,-0.0021,0.0057,0.0047,0.002,0.0001,,
2019-06-12,-0.024044,8073786.0,,,,,,,,-0.002,0.003,-0.01,0.0008,0.0009,0.0001,,
2019-06-13,0.007743,7530917.0,,,,,,,,0.0052,0.0068,-0.0004,-0.0013,-0.0006,0.0001,,
2019-06-14,-0.003027,7102628.0,,,,,,,,-0.0027,-0.0073,0.003,0.0025,0.0014,0.0001,,
2019-06-17,-0.00724,5658706.0,,,,,,,,0.0015,0.0048,-0.0113,-0.0067,-0.0043,0.0001,,
2019-06-18,0.019525,10094493.0,,,,,,,,0.0104,0.002,0.0035,-0.0024,-0.0019,0.0001,,
2019-06-19,-0.004615,8034252.0,,,,,,,,0.0032,0.0002,-0.006,-0.0019,0.0016,0.0001,,
2019-06-20,0.007418,9922837.0,,,,,,,,0.009,-0.004,-0.0022,-0.0012,-0.0012,0.0001,,
2019-06-21,0.002761,18451155.0,,,,,,,,-0.0021,-0.0046,-0.0003,-0.0009,0.0002,0.0001,,
2019-06-24,-0.011703,8141400.0,,,,,,,,-0.0035,-0.009,0.0008,0.0063,-0.0002,0.0001,,
2019-06-25,-0.009519,10232874.0,,,,,,,,-0.0098,0.0042,0.0072,-0.001,0.0061,0.0001,,
2019-06-26,0.007736,7826369.0,,,,,,,,-0.0007,0.0002,0.0027,0.0035,-0.004,0.0001,,
2019-06-27,0.011631,7459832.0,,,,,,,,0.0059,0.0143,-0.001,-0.0035,-0.0022,0.0001,,
2019-06-28,0.007358,15445649.0,,,,,,,,0.0068,0.0076,0.0062,-0.0047,0.0013,0.0001,,
2019-07-01,0.003196,12225118.0,,,,,,,,0.0075,-0.0058,-0.0013,-0.0014,0.0003,0.0001,,
2019-07-02,-0.00273,8234802.0,,,,,,,,0.0014,-0.0097,-0.0081,-0.0001,0.0,0.0001,,
2019-07-03,0.00365,4470788.0,,,,,,,,0.0079,-0.0014,-0.0032,-0.0035,-0.0005,0.0001,,
2019-07-05,0.005001,6276024.0,,,,,,,,-0.001,0.0033,0.0091,0.0013,-0.0005,0.0001,,
2019-07-08,-0.016286,7060245.0,,,,,,,,-0.0058,-0.0043,0.0006,0.0004,-0.0022,0.0001,,
2019-07-09,0.006668,5942327.0,,,,,,,,0.0019,-0.0024,-0.0043,-0.0064,-0.0025,0.0001,,
2019-07-10,-0.010736,5310978.0,,,,,,,,0.004,-0.0026,-0.0036,0.0012,-0.0004,0.0001,,
2019-07-11,0.020088,8799426.0,,,,,,,,0.0019,-0.0077,0.0004,-0.0024,-0.0054,0.0001,,
2019-07-12,0.015618,9565715.0,,,,,,,,0.0053,0.0032,0.0041,0.0059,-0.0007,0.0001,,
2019-07-15,-0.009806,7870655.0,,,,,,,,-0.0005,-0.0048,-0.0106,0.0013,0.0023,0.0001,,
2019-07-16,0.0,10171236.0,,,,,,,,-0.0032,0.004,0.0011,0.0044,-0.0004,0.0001,,
2019-07-17,-0.014855,9131788.0,,,,,,,,-0.0064,-0.0026,-0.0065,-0.0048,-0.0023,0.0001,,
2019-07-18,0.015079,11187450.0,,,,,,,,0.0035,-0.0026,0.0001,-0.0035,0.0038,0.0001,,
2019-07-19,-0.0009,10083648.0,,,,,,,,-0.0057,0.003,0.0086,0.0037,0.0014,0.0001,,
2019-07-22,0.002478,7091856.0,,,,,,,,0.0025,-0.0056,-0.0048,-0.0019,0.0003,0.0001,,
2019-07-23,0.013483,9859575.0,,,,,,,,0.0064,-0.0006,0.008,0.0066,0.0037,0.0001,,
2019-07-24,0.008869,8092568.0,,,,,,,,0.0066,0.0092,0.0086,-0.0007,-0.0008,0.0001,,
2019-07-25,-0.013846,8733840.0,,,,,,,,-0.0063,-0.0068,-0.0011,0.0015,0.0013,0.0001,,
2019-07-26,0.019389,8320981.0,,,,,,,,0.0082,0.0032,-0.0019,-0.0063,-0.0033,0.0001,,
2019-07-29,-0.01115,8666967.0,,,,,,,,-0.0032,-0.0034,-0.0046,0.0032,0.0041,0.0001,,
2019-07-30,-0.004643,7339121.0,,,,,,,,-0.0017,0.0143,0.0088,-0.0017,0.0007,0.0001,,
2019-07-31,-0.002463,8317093.0,,,,,,,,-0.011,0.0025,0.0062,0.0018,0.005,0.0001,,
2019-08-01,-0.03658,12963863.0,,,,,,,,-0.0104,-0.0076,-0.019,-0.0054,-0.0023,0.0001,,
2019-08-02,-0.018868,16089937.0,,,,,,,,-0.0087,-0.0025,0.0007,0.0015,0.0023,0.0001,,
2019-08-05,-0.038699,15311134.0,,,,,,,,-0.0307,0.0006,0.0001,-0.0005,0.0031,0.0001,,
2019-08-06,0.018029,10481193.0,,,,,,,,0.0129,-0.0054,-0.0059,-0.0027,-0.002,0.0001,,
2019-08-07,-0.016012,14108530.0,,,,,,,,0.0007,-0.0011,-0.009,0.0019,-0.0017,0.0001,,
2019-08-08,0.017505,9884353.0,,,,,,,,0.0197,-0.0004,-0.0025,0.0028,-0.0031,0.0001,,
2019-08-09,0.005573,11011436.0,,,,,,,,-0.0078,-0.005,-0.0022,-0.0048,-0.0001,0.0001,,
2019-08-12,-0.02747,8775107.0,,,,,,,,-0.0131,0.0021,-0.0026,0.0013,0.0026,0.0001,,
2019-08-13,0.008176,10942303.0,,,,,,,,0.0147,-0.0035,-0.0053,0.0034,0.0,0.0001,,
2019-08-14,-0.033423,17133401.0,,,,,,,,-0.0295,0.0003,-0.0051,-0.0036,0.0002,0.0001,,
2019-08-15,-0.005848,10818552.0,,,,,,,,0.0017,-0.007,-0.0052,-0.0007,-0.0048,0.0001,,
2019-08-16,0.021483,9742767.0,,,,,,,,0.0155,0.0064,0.006,0.0013,-0.0006,0.0001,,
2019-08-19,0.010766,7803131.0,,,,,,,,0.0114,0.0004,0.0021,0.0035,0.0003,0.0001,,
2019-08-20,-0.011642,11352657.0,,,,,,,,-0.0075,0.0018,-0.0049,0.0012,-0.0021,0.0001,,
2019-08-21,0.001003,9878357.0,,,,,,,,0.0085,-0.0003,-0.003,-0.0003,-0.0001,0.0001,,
2019-08-22,0.008262,8126381.0,,,,,,,,-0.001,-0.0035,0.0049,0.0021,0.0029,0.0001,,
2019-08-23,-0.023342,12310842.0,,,,,,,,-0.0266,-0.0061,-0.0018,-0.0061,-0.0026,0.0001,,
2019-08-26,0.021104,10409414.0,,,,,,,,0.0108,-0.0004,-0.0018,0.0019,-0.0011,0.0001,,
2019-08-27,-0.009213,8745299.0,,,,,,,,-0.0046,-0.01,-0.0066,0.0027,0.0009,0.0001,,
2019-08-28,0.014828,9881886.0,,,,,,,,0.0068,0.0063,0.0061,0.0035,0.0018,0.0001,,
2019-08-29,0.022536,12191901.0,,,,,,,,0.0135,0.0041,0.0033,0.0015,-0.0012,0.0001,,
2019-08-30,0.004844,7426965.0,,,,,,,,0.0003,-0.0024,0.0023,0.001,0.001,0.0001,,
2019-09-03,-0.012051,8675908.0,,,,,,,,-0.0086,-0.0094,0.0012,-0.0019,0.0046,0.0001,,
2019-09-04,0.013174,6843792.0,,,,,,,,0.0108,-0.0014,0.0043,0.0025,-0.0006,0.0001,,
2019-09-05,0.022634,8104020.0,,,,,,,,0.0142,0.0054,0.007,0.004,0.0,0.0001,,
2019-09-06,-0.006828,7012752.0,,,,,,,,-0.0002,-0.0036,0.0005,0.0015,0.0042,0.0001,,
2019-09-09,0.022048,11888753.0,,,,,,,,0.0007,0.0138,0.0305,0.0086,0.0038,0.0001,,
2019-09-10,0.010902,12292914.0,,,,,,,,0.0016,0.0143,0.0111,-0.0003,0.0052,0.0001,,
2019-09-11,0.008261,9877893.0,,,,,,,,0.0087,0.0137,-0.0004,-0.0023,0.0029,0.0001,,
2019-09-12,0.008648,13254316.0,,,,,,,,0.0022,-0.0039,-0.0012,-0.0022,-0.0012,0.0001,,
2019-09-13,0.018953,11364491.0,,,,,,,,-0.0002,0.0019,0.0074,-0.0003,-0.0008,0.0001,,
2019-09-16,-0.009079,6289751.0,,,,,,,,-0.0023,0.0089,0.0053,-0.0033,-0.0003,0.0001,,
2019-09-17,-0.012067,9843665.0,,,,,,,,0.0017,-0.008,-0.0119,-0.0018,-0.0033,0.0001,,
2019-09-18,0.003393,8327576.0,,,,,,,,-0.0004,-0.0077,0.0006,-0.0013,0.0009,0.0001,,
2019-09-19,-0.007665,6483567.0,,,,,,,,-0.0005,-0.0049,-0.0046,0.0005,-0.0011,0.0001,,
2019-09-20,-0.007951,22497623.0,,,,,,,,-0.0048,0.0029,0.0015,-0.0059,0.0002,0.0001,,
2019-09-23,-0.002519,7357132.0,,,,,,,,-0.0002,-0.0012,0.005,0.0027,0.0034,0.0001,,
2019-09-24,-0.023416,11367248.0,,,,,,,,-0.01,-0.0074,0.0001,0.0018,0.0053,0.0001,,
2019-09-25,0.011754,6943261.0,,,,,,,,0.0069,0.0041,0.0052,0.0041,0.0003,0.0001,,
2019-09-26,-0.009758,5381131.0,,,,,,,,-0.004,-0.0098,0.0013,0.0036,0.0037,0.0001,,
2019-09-27,0.005162,8005192.0,,,,,,,,-0.0062,-0.0016,0.0088,0.0024,0.0059,0.0001,,
2019-09-30,-0.003968,6245321.0,,,,,,,,0.005,-0.0027,-0.0048,0.0061,0.0001,0.0001,,
2019-10-01,-0.030232,13583305.0,,,,,,,,-0.0131,-0.0066,-0.0059,0.001,-0.0017,0.0001,,
2019-10-02,-0.027791,12145026.0,,,,,,,,-0.0173,0.0077,-0.0036,-0.0046,-0.0026,0.0001,,
2019-10-03,0.000497,12221742.0,,,,,,,,0.008,-0.0039,-0.0089,-0.0019,-0.0023,0.0001,,
2019-10-04,0.013168,6085180.0,,,,,,,,0.0139,-0.0051,-0.0007,-0.0003,0.0004,0.0001,,
2019-10-07,-0.002452,6394719.0,,,,,,,,-0.0041,0.0013,-0.0003,-0.0006,-0.0032,0.0001,,
2019-10-08,-0.021141,8453598.0,,,,,,,,-0.0161,-0.0015,-0.0013,0.0044,0.0006,0.0001,,
2019-10-09,0.01557,8999811.0,,,,,,,,0.0092,-0.0058,-0.0009,0.0012,-0.0012,0.0001,,
2019-10-10,0.015084,8337146.0,,,,,,,,0.006,-0.0025,0.0025,0.0012,-0.0008,0.0001,,
2019-10-11,0.021437,14990407.0,,,,,,,,0.0123,0.006,0.0018,0.0047,0.0022,0.0001,,
2019-10-14,0.007632,6717592.0,,,,,,,,-0.0018,-0.0035,-0.0003,-0.0017,-0.0009,0.0001,,
2019-10-15,0.006627,10293487.0,,,,,,,,0.0103,0.0025,-0.0025,-0.0023,-0.0073,0.0001,,
2019-10-16,0.006113,10157239.0,,,,,,,,-0.0024,0.0048,0.0022,0.0038,0.0026,0.0001,,
2019-10-17,0.015191,18020935.0,,,,,,,,0.0037,0.0079,-0.0029,0.0011,-0.001,0.0001,,
2019-10-18,0.005064,10494743.0,,,,,,,,-0.0049,-0.0013,0.0087,-0.0008,0.0039,0.0001,,
2019-10-21,0.030234,14384851.0,,,,,,,,0.0071,0.003,0.0034,0.0,0.0001,0.0001,,
2019-10-22,0.008893,12488325.0,,,,,,,,-0.0034,0.0051,0.0084,0.0042,0.0034,0.0001,,
2019-10-23,0.011679,8441685.0,,,,,,,,0.0025,-0.001,0.0027,-0.0001,0.0009,0.0001,,
2019-10-24,-0.003267,7493880.0,,,,,,,,0.0025,-0.005,-0.0089,-0.0005,-0.0061,0.0001,,
2019-10-25,0.01333,9576369.0,,,,,,,,0.005,0.004,0.0007,0.0034,0.0,0.0001,,
2019-10-28,0.010136,10276046.0,,,,,,,,0.0062,0.0028,-0.0025,0.0001,0.0001,0.0001,,
2019-10-29,-0.000213,7773625.0,,,,,,,,-0.0013,0.0039,0.005,-0.0006,0.001,0.0001,,
2019-10-30,-0.004698,7101420.0,,,,,,,,0.0028,-0.0064,-0.0115,-0.0048,0.0005,0.0001,,
2019-10-31,-0.00454,9414106.0,,,,,,,,-0.0038,-0.0034,-0.0043,-0.0027,0.0012,0.0001,,
2019-11-01,0.027796,9765948.0,,,,,,,,0.0107,0.0065,0.0082,-0.0018,0.0007,0.0001,,
2019-11-04,0.031692,15965869.0,,,,,,,,0.0039,0.0032,0.0135,0.006,0.0011,0.0001,,
2019-11-05,-0.001638,13894126.0,,,,,,,,-0.0003,0.0038,0.0046,-0.0002,0.0001,0.0001,,
2019-11-06,-0.003897,7872371.0,,,,,,,,-0.0005,-0.008,0.0024,-0.0017,0.0032,0.0001,,
2019-11-07,0.002059,14501500.0,,,,,,,,0.0038,-0.0001,0.005,0.0009,-0.002,0.0001,,
2019-11-08,0.01007,7966635.0,,,,,,,,0.0031,-0.0001,-0.0037,-0.0013,0.0006,0.0001,,
2019-11-11,-0.001221,7107518.0,,,,,,,,-0.0019,-0.0007,-0.0019,-0.0007,-0.0004,0.0001,,
2019-11-12,-0.00163,6400983.0,,,,,,,,0.0016,-0.0018,-0.0014,-0.0017,-0.002,0.0001,,
2019-11-13,-0.012651,7093249.0,,,,,,,,0.0001,-0.0041,-0.0082,-0.0028,-0.0003,0.0001,,
2019-11-14,0.004546,5836618.0,,,,,,,,0.0007,-0.0015,-0.0025,0.0013,-0.0033,0.0001,,
2019-11-15,0.007817,6439116.0,,,,,,,,0.0074,-0.0029,-0.0033,-0.0002,0.0005,0.0001,,
2019-11-18,0.000816,6447878.0,,,,,,,,0.0003,-0.0038,-0.0051,-0.0004,-0.0022,0.0001,,
2019-11-19,0.006119,6980321.0,,,,,,,,0.0002,0.0034,-0.0094,-0.0087,-0.0018,0.0001,,
2019-11-20,-0.004662,9138743.0,,,,,,,,-0.0033,-0.0013,-0.0044,-0.0056,-0.0032,0.0001,,
2019-11-21,-0.005295,8353623.0,,,,,,,,-0.0015,-0.003,0.001,0.0008,-0.0014,0.0001,,
2019-11-22,0.008395,6609776.0,,,,,,,,0.0024,0.0016,0.0021,0.0017,0.0004,0.0001,,
2019-11-25,0.014416,8463572.0,,,,,,,,0.0092,0.0127,-0.0038,0.001,0.0004,0.0001,,
2019-11-26,-0.011009,10369313.0,,,,,,,,0.0019,-0.0009,-0.0089,0.002,-0.0016,0.0001,,
2019-11-27,0.007488,8614071.0,,,,,,,,0.0044,0.0022,-0.0002,0.0003,0.0,0.0001,,
2019-11-29,-0.006027,4138428.0,,,,,,,,-0.0042,-0.0011,-0.0031,-0.0047,0.0001,0.0001,,
2019-12-02,-0.008084,8117599.0,,,,,,,,-0.0087,-0.0013,0.0048,0.001,0.0018,0.0001,,
2019-12-03,-0.019764,12608613.0,,,,,,,,-0.0066,0.0042,-0.0083,-0.005,-0.0053,0.0001,,
2019-12-04,0.015174,8608998.0,,,,,,,,0.006,0.0023,0.0025,0.0016,0.0006,0.0001,,
2019-12-05,0.004709,6680673.0,,,,,,,,0.0013,-0.0014,0.0046,0.0027,0.0034,0.0001,,
2019-12-06,0.014877,9487810.0,,,,,,,,0.0091,0.0038,0.0036,0.0033,0.0026,0.0001,,
2019-12-09,-0.004016,6409856.0,,,,,,,,-0.0033,0.0031,0.0012,-0.0013,-0.0026,0.0001,,
2019-12-10,0.001411,10009607.0,,,,,,,,-0.0008,0.0029,-0.0009,-0.0019,0.0007,0.0001,,
2019-12-11,-0.004429,6296326.0,,,,,,,,0.0028,-0.0009,0.0013,0.0034,0.0013,0.0001,,
2019-12-12,0.025076,11553705.0,,,,,,,,0.009,0.0014,0.0113,0.0013,0.0021,0.0001,,
2019-12-13,-0.008877,10191244.0,,,,,,,,-0.0003,-0.0045,-0.0054,-0.0028,-0.0022,0.0001,,
2019-12-16,0.009554,11007602.0,,,,,,,,0.0074,-0.0004,-0.0005,-0.004,0.0014,0.0001,,
2019-12-17,0.003549,10447045.0,,,,,,,,0.001,0.0048,0.0066,0.0011,-0.0004,0.0001,,
2019-12-18,-0.004715,9513060.0,,,,,,,,-0.0005,0.0029,0.0009,0.0028,-0.0003,0.0001,,
2019-12-19,0.003948,9222000.0,,,,,,,,0.0043,-0.0015,-0.0042,-0.0025,-0.0002,0.0001,,
2019-12-20,-0.003343,18743335.0,,,,,,,,0.0048,-0.0028,-0.0031,-0.0001,-0.0004,0.0001,,
2019-12-23,0.000592,6547641.0,,,,,,,,0.001,0.0017,-0.0034,-0.0011,0.0028,0.0001,,
2019-12-24,-0.000591,2087767.0,,,,,,,,0.0001,0.0037,-0.0001,-0.0028,0.0005,0.0001,,
2019-12-26,0.008286,5517449.0,,,,,,,,0.0049,-0.0057,0.0,0.0025,-0.0018,0.0001,,
2019-12-27,-0.000391,4117109.0,,,,,,,,-0.0009,-0.0055,-0.0007,0.0025,0.0015,0.0001,,
2019-12-30,-0.002545,4532760.0,,,,,,,,-0.0057,0.0029,0.0056,0.0012,0.0042,0.0001,,
2019-12-31,0.00314,5132637.0,,,,,,,,0.0028,0.0002,0.0011,-0.0012,0.0021,0.0001,,
2020-01-02,0.017997,7440294.0,,,,,,,,0.0086,-0.0097,-0.0034,0.0023,-0.0022,0.0001,,
2020-01-03,-0.016141,6706712.0,,,,,,,,-0.0067,0.0029,0.0001,-0.0014,-0.0017,0.0001,,
2020-01-06,-0.003516,7478540.0,,,,,,,,0.0036,-0.0022,-0.0055,-0.0016,-0.0031,0.0001,,
2020-01-07,-0.00196,4572114.0,,,,,,,,-0.0019,-0.0004,-0.0026,-0.0013,-0.0031,0.0001,,
2020-01-08,0.012765,6185249.0,,,,,,,,0.0047,-0.0018,-0.0064,-0.0021,-0.0015,0.0001,,
2020-01-09,0.009502,7310275.0,,,,,,,,0.0065,-0.0071,-0.0048,-0.0015,0.0007,0.0001,,
2020-01-10,0.002881,7690485.0,,,,,,,,-0.0034,-0.0027,-0.0034,0.0005,-0.0007,0.0001,,
2020-01-13,0.010917,8335362.0,,,,,,,,0.0073,-0.001,-0.0009,0.0034,0.003,0.0001,,
2020-01-14,0.001516,9605014.0,,,,,,,,-0.0006,0.0048,-0.0018,-0.0032,-0.0007,0.0001,,
2020-01-15,0.001513,11342486.0,,,,,,,,0.0016,0.0026,-0.0082,-0.0007,-0.002,0.0001,,
2020-01-16,0.066113,34590664.0,,,,,,,,0.0088,0.0051,-0.0011,0.0004,-0.0007,0.0001,,
2020-01-17,0.018958,15403886.0,,,,,,,,0.0028,-0.0063,-0.0012,0.0022,0.0002,0.0001,,
2020-01-21,-0.027647,20833888.0,,,,,,,,-0.0032,-0.0068,-0.0062,-0.0011,-0.0031,0.0001,,
2020-01-22,-0.001073,10276830.0,,,,,,,,0.0008,-0.0024,0.0,-0.0027,-0.0001,0.0001,,
2020-01-23,-0.005908,10064905.0,,,,,,,,0.0008,-0.0006,-0.0014,0.0028,-0.0006,0.0001,,
2020-01-24,-0.017648,9752123.0,,,,,,,,-0.0097,-0.005,-0.0028,0.0017,-0.0003,0.0001,,
2020-01-27,-0.026398,10649107.0,,,,,,,,-0.0156,0.0026,-0.0041,-0.0052,0.0007,0.0001,,
2020-01-28,0.017134,9232924.0,,,,,,,,0.0102,-0.0013,-0.0043,0.0017,-0.0008,0.0001,,
2020-01-29,-0.006294,9027852.0,,,,,,,,-0.0011,-0.0043,-0.0097,0.0026,0.0017,0.0001,,
2020-01-30,0.009128,8685860.0,,,,,,,,0.0034,-0.0063,0.0068,-0.0045,-0.0011,0.0001,,
2020-01-31,-0.028986,11286887.0,,,,,,,,-0.0174,-0.0052,-0.0035,-0.0043,-0.007,0.0001,,
2020-02-03,0.006506,8375623.0,,,,,,,,0.0084,0.0037,-0.0067,-0.0068,-0.0035,0.0001,,
2020-02-04,0.026996,9375133.0,,,,,,,,0.0157,-0.0013,-0.007,0.0036,-0.0013,0.0001,,
2020-02-05,0.017956,8237518.0,,,,,,,,0.0097,0.0076,0.0148,0.0095,0.0063,0.0001,,
2020-02-06,0.000364,6976882.0,,,,,,,,0.0027,-0.006,-0.0084,-0.0004,-0.0035,0.0001,,
2020-02-07,0.000364,7587971.0,,,,,,,,-0.0055,-0.0084,-0.0002,-0.0023,-0.0054,0.0001,,
2020-02-10,0.005815,5115052.0,,,,,,,,0.0073,-0.0018,-0.009,-0.0011,-0.004,0.0001,,
2020-02-11,0.007769,7120808.0,,,,,,,,0.0027,0.0034,0.0104,0.0024,0.0017,0.0001,,
2020-02-12,0.007171,7130011.0,,,,,,,,0.0066,0.0015,-0.0036,0.002,-0.0002,0.0001,,
2020-02-13,-0.00445,5718394.0,,,,,,,,-0.0009,0.0016,0.0001,-0.0011,-0.0044,0.0001,,
2020-02-14,-0.001609,4579308.0,,,,,,,,0.0014,-0.0056,-0.0066,-0.0023,-0.0029,0.0001,,
2020-02-18,-0.005731,6898811.0,,,,,,,,-0.0019,-0.0001,-0.0064,-0.0041,-0.0064,0.0001,,
2020-02-19,0.014229,6075295.0,,,,,,,,0.006,0.002,0.0003,0.0019,-0.0032,0.0001,,
2020-02-20,-0.045463,58533497.0,,,,,,,,-0.0035,0.0064,0.0067,0.0019,-0.0011,0.0001,,
2020-02-21,-0.024744,29541326.0,,,,,,,,-0.0112,-0.0005,0.0002,-0.0021,0.0034,0.0001,,
2020-02-24,-0.05227,28670358.0,,,,,,,,-0.0339,0.0016,0.0001,-0.0032,0.0024,0.0001,,
2020-02-25,-0.033213,25568358.0,,,,,,,,-0.0309,-0.0036,-0.0068,-0.0062,0.0004,0.0001,,
2020-02-26,-0.016448,22286787.0,,,,,,,,-0.0052,-0.0075,-0.012,-0.0047,-0.0008,0.0001,,
2020-02-27,-0.038738,26815173.0,,,,,,,,-0.0422,0.0071,0.0006,-0.0042,-0.0013,0.0001,,
2020-02-28,-0.008368,36983543.0,,,,,,,,-0.0078,0.0007,-0.008,0.0023,-0.0039,0.0001,,
2020-03-02,0.032201,23234145.0,,,,,,,,0.0431,-0.0189,-0.0042,-0.0052,0.0052,0.0001,,
2020-03-03,-0.04475,30206617.0,,,,,,,,-0.028,0.0068,-0.0063,-0.004,0.0025,0.0001,,
2020-03-04,0.018919,21938107.0,,,,,,,,0.0403,-0.0124,-0.0117,0.0007,0.0022,0.0001,,
2020-03-05,-0.058577,23950190.0,,,,,,,,-0.0338,-0.0015,-0.014,-0.0085,0.0011,0.0001,,
2020-03-06,-0.01761,30898354.0,,,,,,,,-0.0178,-0.0021,-0.0148,0.0071,0.0037,0.0001,,
2020-03-09,-0.103728,28177463.0,,,,,,,,-0.0779,-0.0137,-0.0475,0.0008,0.0052,0.0001,,
2020-03-10,0.053333,27110969.0,,,,,,,,0.0474,-0.0238,0.0078,0.005,0.0012,0.0001,,
2020-03-11,-0.066582,27383553.0,,,,,,,,-0.0506,-0.0104,-0.0081,0.0004,0.0015,0.0001,,
2020-03-12,-0.1508,27964640.0,,,,,,,,-0.0963,-0.0109,-0.0114,-0.0033,-0.0024,0.0001,,
2020-03-13,0.1977,33305139.0,,,,,,,,0.0898,-0.0203,0.0294,0.0112,0.0078,0.0001,,
2020-03-16,-0.156,26789927.0,,,,,,,,-0.1201,-0.0081,-0.0075,0.0053,0.0114,0.0001,,
2020-03-17,0.067615,27047360.0,,,,,,,,0.0588,0.0047,-0.0067,-0.0047,-0.0002,0.0001,,
2020-03-18,-0.089967,27603006.0,,,,,,,,-0.0556,-0.0458,-0.0474,0.0011,0.0018,0.0001,,
2020-03-19,0.005528,23929644.0,,,,,,,,0.0131,0.0571,0.0095,-0.0141,-0.0164,0.0001,,
2020-03-20,-0.040427,27472498.0,,,,,,,,-0.0415,0.0021,-0.009,-0.0099,-0.0114,0.0001,,
2020-03-23,-0.06269,26400955.0,,,,,,,,-0.0256,0.0166,-0.0326,0.0034,-0.0118,0.0001,,
2020-03-24,0.194534,25905496.0,,,,,,,,0.0934,-0.0024,0.0238,0.0053,0.0024,0.0001,,
2020-03-25,0.023179,27198494.0,,,,,,,,0.0117,-0.0018,0.0187,-0.0007,0.0008,0.0001,,
2020-03-26,0.050603,26425797.0,,,,,,,,0.0603,-0.005,0.0108,-0.0065,-0.0002,0.0001,,
2020-03-27,-0.047606,33375420.0,,,,,,,,-0.0348,-0.0111,-0.0076,-0.0111,0.008,0.0001,,
2020-03-30,0.024405,18046780.0,,,,,,,,0.0317,-0.0078,-0.0211,-0.0029,0.0013,0.0001,,
2020-03-31,-0.02411,17122553.0,,,,,,,,-0.0144,0.0151,-0.0038,0.004,-0.0009,0.0001,,
2020-04-01,-0.07,23755111.0,,,,,,,,-0.045,-0.0202,-0.0131,0.0029,0.0027,0.0,,
2020-04-02,0.072106,21656043.0,,,,,,,,0.021,-0.0093,-0.0028,-0.0025,0.0094,0.0,,
2020-04-03,-0.001475,16926486.0,,,,,,,,-0.0164,-0.0137,-0.0115,-0.0024,0.0041,0.0,,
2020-04-06,0.093353,18788712.0,,,,,,,,0.071,0.0117,0.0028,0.013,-0.0079,0.0,,
2020-04-07,-0.001891,19536694.0,,,,,,,,-0.0011,0.0011,0.021,0.009,-0.0037,0.0,,
2020-04-08,0.065782,15376701.0,,,,,,,,0.0342,0.0086,0.0127,0.0043,-0.0026,0.0,,
2020-04-09,0.043434,21904393.0,,,,,,,,0.0159,0.0247,0.0319,-0.0079,-0.001,0.0,,
2020-04-13,-0.036514,13369867.0,,,,,,,,-0.0092,-0.0148,-0.024,-0.0045,0.0,0.0,,
2020-04-14,0.007074,14471851.0,,,,,,,,0.0303,-0.0074,-0.0315,0.0023,-0.003,0.0,,
2020-04-15,-0.036628,15590055.0,,,,,,,,-0.0215,-0.0199,-0.0255,-0.004,-0.003,0.0,,
2020-04-16,-0.001042,27913002.0,,,,,,,,0.0062,-0.0084,-0.0298,-0.0028,-0.0026,0.0,,
2020-04-17,0.01903,25074468.0,,,,,,,,0.0273,0.0155,0.0277,-0.0018,-0.0003,0.0,,
2020-04-20,-0.018675,16573774.0,,,,,,,,-0.0157,0.0037,-0.0091,-0.0174,-0.005,0.0,,
2020-04-21,-0.036757,14134853.0,,,,,,,,-0.0309,0.0094,0.0016,0.0029,0.0042,0.0,,
2020-04-22,0.023275,10455168.0,,,,,,,,0.0231,-0.0087,-0.0166,0.0011,0.0004,0.0,,
2020-04-23,-0.008992,8694790.0,,,,,,,,0.0012,0.0125,0.0055,0.0053,-0.0035,0.0,,
2020-04-24,0.013344,8571340.0,,,,,,,,0.0143,0.0025,-0.0012,-0.0019,0.0019,0.0,,
2020-04-27,0.035291,11619370.0,,,,,,,,0.0173,0.0216,0.0268,-0.0014,0.0011,0.0,,
2020-04-28,0.02086,12778364.0,,,,,,,,-0.0045,0.0175,0.0286,0.0136,0.0069,0.0,,
2020-04-29,0.025168,15880383.0,,,,,,,,0.0292,0.023,0.0198,0.0122,-0.0085,0.0,,
2020-04-30,-0.033342,13431739.0,,,,,,,,-0.0118,-0.0209,-0.0171,0.0062,-0.0008,0.0,,
2020-05-01,-0.026122,12806181.0,,,,,,,,-0.0291,-0.0089,-0.0096,-0.0031,0.004,0.0,,
2020-05-04,-0.008073,13985071.0,,,,,,,,0.0054,-0.0013,-0.0129,-0.0074,-0.0039,0.0,,
2020-05-05,-0.002888,8951215.0,,,,,,,,0.0095,-0.0029,-0.0201,-0.0048,-0.0054,0.0,,
2020-05-06,-0.017904,7817785.0,,,,,,,,-0.0052,0.0008,-0.0272,0.0019,-0.0056,0.0,,
2020-05-07,0.040483,9352100.0,,,,,,,,0.0133,0.0016,0.0041,-0.001,-0.0071,0.0,,
2020-05-08,0.032724,12097712.0,,,,,,,,0.019,0.019,0.0246,0.0083,0.0039,0.0,,
2020-05-11,-0.006238,10106435.0,,,,,,,,0.0006,-0.0025,-0.0379,-0.0086,-0.001,0.0,,
2020-05-12,-0.035401,13605558.0,,,,,,,,-0.0207,-0.0112,-0.0136,-0.0063,-0.0001,0.0,,
2020-05-13,-0.03722,11565874.0,,,,,,,,-0.0189,-0.0143,-0.0208,-0.0005,-0.0023,0.0,,
2020-05-14,0.022168,14986649.0,,,,,,,,0.0115,-0.0107,0.0092,0.0064,0.0012,0.0,,
2020-05-15,-0.013753,9176032.0,,,,,,,,0.0057,0.0133,-0.0115,0.0002,-0.0076,0.0,,
2020-05-18,0.080182,14727110.0,,,,,,,,0.0324,0.0268,0.0461,0.0164,0.0029,0.0,,
2020-05-19,-0.023585,8895495.0,,,,,,,,-0.0101,-0.0078,-0.0151,0.0053,-0.0071,0.0,,
2020-05-20,0.043987,12031995.0,,,,,,,,0.018,0.0122,0.0131,-0.0028,-0.0033,0.0,,
2020-05-21,-0.01851,9654223.0,,,,,,,,-0.0071,0.0074,0.0042,0.0013,0.0003,0.0,,
2020-05-22,-0.004218,6468870.0,,,,,,,,0.0027,0.0025,-0.0085,-0.0056,-0.0038,0.0,,
2020-05-26,0.088712,19709852.0,,,,,,,,0.0123,0.0127,0.0454,0.0099,0.0053,0.0,,
2020-05-27,0.072557,25892352.0,,,,,,,,0.0154,0.0146,0.0359,0.0074,0.0044,0.0,,
2020-05-28,-0.052497,17617296.0,,,,,,,,-0.0041,-0.0209,-0.0241,-0.0025,0.0004,0.0,,
2020-05-29,-0.004505,13102217.0,,,,,,,,0.0059,-0.0081,-0.0198,-0.0032,-0.0047,0.0,,
2020-06-01,0.011312,8651542.0,,,,,,,,0.0051,0.0026,0.0043,0.0001,-0.0022,0.0,,
2020-06-02,0.019687,11179214.0,,,,,,,,0.0081,0.0006,0.0055,0.0011,0.0029,0.0,,
2020-06-03,0.02918,11253469.0,,,,,,,,0.0141,0.0078,0.0262,0.0071,0.0022,0.0,,
2020-06-04,0.037945,15279620.0,,,,,,,,-0.0034,0.0053,0.029,0.0099,0.0063,0.0,,
2020-06-05,0.017252,17976074.0,,,,,,,,0.025,0.0108,0.0275,0.007,0.0008,0.0,,
2020-06-08,0.012518,12150265.0,,,,,,,,0.0135,0.0069,0.0207,-0.0048,0.0058,0.0,,
2020-06-09,0.004985,15090449.0,,,,,,,,-0.0086,-0.008,-0.0192,-0.0002,-0.0047,0.0,,
2020-06-10,-0.033929,14770858.0,,,,,,,,-0.0055,-0.0182,-0.041,-0.0031,-0.0033,0.0,,
2020-06-11,-0.084617,17961917.0,,,,,,,,-0.0591,-0.0149,-0.0303,-0.002,-0.0024,0.0,,
2020-06-12,0.038367,14093076.0,,,,,,,,0.0129,0.008,0.0182,0.0013,0.0002,0.0,,
2020-06-15,0.024201,14761443.0,,,,,,,,0.0108,0.0143,-0.0038,-0.0077,-0.0029,0.0,,
2020-06-16,0.024473,13554814.0,,,,,,,,0.0188,0.0061,0.0049,0.0063,0.002,0.0,,
2020-06-17,-0.016475,8674443.0,,,,,,,,-0.0041,-0.0135,-0.0197,-0.0056,-0.0024,0.0,,
2020-06-18,-0.003769,9825246.0,,,,,,,,0.0018,0.0001,-0.0053,-0.004,-0.0023,0.0,,
2020-06-19,-0.013661,20962699.0,,,,,,,,-0.0045,-0.0015,-0.0067,-0.0071,-0.0029,0.0,,
2020-06-22,0.009589,11657353.0,,,,,,,,0.0071,0.0047,-0.0136,-0.0038,-0.0036,0.0,,
2020-06-23,0.010764,9672599.0,,,,,,,,0.0041,0.0021,-0.006,0.0059,-0.0012,0.0,,
2020-06-24,-0.019628,12806219.0,,,,,,,,-0.0262,-0.007,-0.0136,-0.0006,0.0031,0.0,,
2020-06-25,0.039191,15014346.0,,,,,,,,0.0113,0.0034,0.005,-0.0082,0.0017,0.0,,
2020-06-26,-0.035663,20082528.0,,,,,,,,-0.0243,-0.0019,-0.0139,0.0002,0.0072,0.0,,
2020-06-29,0.004038,9380766.0,,,,,,,,0.015,0.0148,0.0186,0.0149,0.0039,0.0,,
2020-06-30,0.022439,11894391.0,,,,,,,,0.0158,-0.0001,-0.0001,-0.0039,-0.0027,0.0,,
2020-07-01,-0.014286,11363839.0,,,,,,,,0.0041,-0.0169,-0.0257,-0.0041,-0.0122,0.0,,
2020-07-02,0.003781,7488814.0,,,,,,,,0.0051,0.0001,-0.0014,0.0042,0.0014,0.0,,
2020-07-06,0.021553,10649573.0,,,,,,,,0.0166,-0.0067,0.0035,0.0027,0.0004,0.0,,
2020-07-07,-0.027243,8750686.0,,,,,,,,-0.0101,-0.0098,-0.015,-0.0111,-0.0008,0.0,,
2020-07-08,0.029901,12322190.0,,,,,,,,0.0089,0.0008,-0.0046,-0.0042,-0.0029,0.0,,
2020-07-09,-0.028624,9119909.0,,,,,,,,-0.0054,-0.0157,-0.0261,-0.0033,-0.0055,0.0,,
2020-07-10,0.0482,13386042.0,,,,,,,,0.0111,0.0067,0.0306,0.0086,0.0019,0.0,,
2020-07-13,0.008434,14903987.0,,,,,,,,-0.0119,-0.0027,0.0204,0.0106,0.0114,0.0,,
2020-07-14,0.005575,16075621.0,,,,,,,,0.0136,0.0039,-0.0029,-0.0002,0.0047,0.0,,
2020-07-15,0.016832,17424159.0,,,,,,,,0.0114,0.0273,0.0126,0.0018,0.0007,0.0,,
2020-07-16,0.025122,25026766.0,,,,,,,,-0.0038,-0.0016,0.0081,0.0024,0.0034,0.0,,
2020-07-17,-0.004369,16274884.0,,,,,,,,0.003,-0.0016,-0.0143,-0.0109,0.0001,0.0,,
2020-07-20,-0.010494,10423556.0,,,,,,,,0.0103,-0.0111,-0.0238,-0.0083,-0.0125,0.0,,
2020-07-21,0.010027,11956468.0,,,,,,,,0.0015,0.0147,0.0328,0.0053,0.0089,0.0,,
2020-07-22,-0.026346,13603995.0,,,,,,,,0.005,-0.0064,-0.0037,0.0049,0.0002,0.0,,
2020-07-23,-0.008627,13526984.0,,,,,,,,-0.012,0.0122,0.0198,-0.0021,0.0017,0.0,,
2020-07-24,-0.007516,6860824.0,,,,,,,,-0.0074,-0.008,0.0045,0.0027,0.0002,0.0,,
2020-07-27,0.022718,12087057.0,,,,,,,,0.0088,0.0029,-0.0202,-0.0019,0.001,0.0,,
2020-07-28,-0.020655,7287935.0,,,,,,,,-0.0081,-0.0046,0.0101,0.0029,0.0011,0.0,,
2020-07-29,0.006566,8074269.0,,,,,,,,0.0136,0.0064,0.009,0.0024,0.0016,0.0,,
2020-07-30,-0.025499,9410093.0,,,,,,,,-0.0029,-0.0001,-0.0184,-0.0057,-0.0016,0.0,,
2020-07-31,-0.00143,9664610.0,,,,,,,,0.0062,-0.0183,-0.0066,0.0077,0.0065,0.0,,
2020-08-03,0.011866,9913058.0,,,,,,,,0.0097,0.0109,-0.0083,-0.0027,0.0036,0.0,,
2020-08-04,-0.004044,6351292.0,,,,,,,,0.0037,0.0044,0.0006,0.0012,0.0009,0.0,,
2020-08-05,0.010353,6701327.0,,,,,,,,0.0078,0.0124,0.0082,0.0019,-0.0013,0.0,,
2020-08-06,-0.00643,5701120.0,,,,,,,,0.0053,-0.0059,-0.0085,0.0057,0.0005,0.0,,
2020-08-07,0.0182,6225854.0,,,,,,,,0.0002,0.0158,0.024,0.0052,0.002,0.0,,
2020-08-10,0.004568,6518312.0,,,,,,,,0.0023,0.0132,0.0173,0.0084,0.0123,0.0,,
2020-08-11,0.023725,11792644.0,,,,,,,,-0.0083,0.002,0.0161,0.009,0.0003,0.0,,
2020-08-12,0.011588,8950091.0,,,,,,,,0.014,-0.0083,-0.0133,0.0093,-0.0013,0.0,,
2020-08-13,-0.003818,5728684.0,,,,,,,,-0.0002,-0.0015,-0.0132,-0.0063,-0.0053,0.0,,
2020-08-14,0.0023,5782322.0,,,,,,,,-0.0004,0.0006,0.0108,0.0042,0.0018,0.0,,
2020-08-17,-0.019503,7332966.0,,,,,,,,0.0045,0.0004,-0.0194,-0.008,-0.005,0.0,,
2020-08-18,-0.00702,6449980.0,,,,,,,,0.0023,-0.0133,-0.0142,0.0002,-0.0056,0.0,,
2020-08-19,0.008837,5957612.0,,,,,,,,-0.0038,0.0049,0.0009,-0.0004,-0.0014,0.0,,
2020-08-20,-0.011096,5186346.0,,,,,,,,0.0031,-0.0097,-0.0155,0.001,-0.005,0.0,,
2020-08-21,0.005906,6408525.0,,,,,,,,0.0026,-0.0124,-0.0044,0.006,0.0068,0.0,,
2020-08-24,0.024853,7728471.0,,,,,,,,0.0092,0.0021,0.0259,0.0112,0.0057,0.0,,
2020-08-25,-0.00611,8425547.0,,,,,,,,0.0035,0.0,-0.0064,-0.0046,-0.0069,0.0,,
2020-08-26,-0.006532,5920758.0,,,,,,,,0.01,-0.0172,-0.0175,-0.0013,-0.0087,0.0,,
2020-08-27,0.017405,8910127.0,,,,,,,,0.0018,0.0,0.0095,0.0057,-0.005,0.0,,
2020-08-28,0.005322,8743821.0,,,,,,,,0.007,0.0036,-0.0022,0.0014,-0.0008,0.0,,
2020-08-31,-0.011912,8026556.0,,,,,,,,-0.0004,-0.0094,-0.0175,-0.007,-0.0016,0.0,,
2020-09-01,0.006123,5568878.0,,,,,,,,0.0092,0.0021,-0.0032,0.0061,0.0009,0.0,,
2020-09-02,0.012743,7547103.0,,,,,,,,0.0127,-0.0026,-0.0045,0.0077,-0.0038,0.0,,
2020-09-03,-0.00939,11029568.0,,,,,,,,-0.037,0.0044,0.026,-0.001,-0.0004,0.0,,
2020-09-04,-0.000758,9413215.0,,,,,,,,-0.0087,0.0036,0.0207,0.0078,0.0088,0.0,,
2020-09-08,-0.048188,10946564.0,,,,,,,,-0.0293,0.009,-0.0029,-0.0072,-0.0059,0.0,,
2020-09-09,0.01774,8808475.0,,,,,,,,0.0207,-0.0061,-0.0199,-0.0017,-0.0022,0.0,,
2020-09-10,-0.01508,8609094.0,,,,,,,,-0.0164,0.0038,-0.0006,-0.0039,-0.0036,0.0,,
2020-09-11,0.001193,8969704.0,,,,,,,,-0.0005,-0.0062,0.009,0.0023,0.0047,0.0,,
2020-09-14,0.015889,8812184.0,,,,,,,,0.0158,0.0101,-0.008,-0.0082,0.0001,0.0,,
2020-09-15,-0.014858,7660121.0,,,,,,,,0.0057,-0.0063,-0.0146,0.0013,-0.0041,0.0,,
2020-09-16,0.015082,8699746.0,,,,,,,,-0.004,0.0122,0.0132,-0.0093,0.0024,0.0,,
2020-09-17,-0.017595,7533674.0,,,,,,,,-0.0085,0.0047,0.002,0.0006,0.0061,0.0,,
2020-09-18,-0.003383,10743889.0,,,,,,,,-0.0089,0.0078,-0.0021,-0.0111,-0.0045,0.0,,
2020-09-21,-0.034345,12909933.0,,,,,,,,-0.0107,-0.0269,-0.019,-0.0047,-0.0031,0.0,,
2020-09-22,-0.015095,11164792.0,,,,,,,,0.0101,-0.0049,-0.016,0.0059,-0.0052,0.0,,
2020-09-23,-0.025404,8248128.0,,,,,,,,-0.0247,-0.0066,0.0016,0.0019,-0.0018,0.0,,
2020-09-24,0.004093,9832684.0,,,,,,,,0.0026,-0.0019,0.0038,0.0051,0.0014,0.0,,
2020-09-25,0.009225,9815974.0,,,,,,,,0.0171,-0.0017,-0.0134,-0.0049,-0.007,0.0,,
2020-09-28,0.028486,9466192.0,,,,,,,,0.0165,0.0087,0.0105,0.0041,0.0021,0.0,,
2020-09-29,-0.023564,11360594.0,,,,,,,,-0.0042,0.004,-0.0132,-0.0078,-0.0059,0.0,,
2020-09-30,0.023497,15047271.0,,,,,,,,0.0079,-0.0068,0.0016,0.0034,0.0011,0.0,,
2020-10-01,-0.022544,25275383.0,,,,,,,,0.0078,0.008,-0.0054,-0.0002,-0.0056,0.0,,
2020-10-02,0.015023,12681791.0,,,,,,,,-0.0097,0.0169,0.0243,0.0058,0.0034,0.0,,
2020-10-05,0.013133,19140147.0,,,,,,,,0.0194,0.009,-0.0009,-0.0047,0.0009,0.0,,
2020-10-06,-0.017696,22980198.0,,,,,,,,-0.0128,0.0083,0.0025,-0.0052,-0.0006,0.0,,
2020-10-07,0.020318,12019111.0,,,,,,,,0.0184,0.0053,0.0016,-0.0031,0.0009,0.0,,
2020-10-08,0.005954,23836623.0,,,,,,,,0.008,0.0025,0.0107,0.0027,0.0031,0.0,,
2020-10-09,-0.003469,11381797.0,,,,,,,,0.0093,-0.0032,-0.0142,-0.0015,-0.003,0.0,,
2020-10-12,0.039115,17615010.0,,,,,,,,0.0154,-0.0101,-0.0009,0.0079,0.0036,0.0,,
2020-10-13,-0.005913,17448025.0,,,,,,,,-0.0042,-0.0019,-0.0174,-0.0086,-0.0094,0.0,,
2020-10-14,0.004163,20377839.0,,,,,,,,-0.0065,0.0001,0.0003,0.0034,0.0068,0.0,,
2020-10-15,0.013426,21059655.0,,,,,,,,-0.0008,0.0117,0.0114,0.0015,0.0016,0.0,,
2020-10-16,0.010131,16923295.0,,,,,,,,-0.0006,-0.0013,0.0005,-0.0005,-0.0011,0.0,,
2020-10-19,-0.017358,12677005.0,,,,,,,,-0.0153,0.0035,0.0032,-0.0033,-0.002,0.0,,
2020-10-20,0.010206,11177607.0,,,,,,,,0.0035,-0.0008,0.0126,0.0054,0.0018,0.0,,
2020-10-21,-0.021177,18583166.0,,,,,,,,-0.0035,-0.0048,0.0041,0.0051,0.0001,0.0,,
2020-10-22,0.02759,13266863.0,,,,,,,,0.0066,0.0095,0.0103,-0.0059,-0.0008,0.0,,
2020-10-23,0.001932,11538513.0,,,,,,,,0.0038,0.0038,0.0004,-0.0015,-0.0035,0.0,,
2020-10-26,-0.029882,15561375.0,,,,,,,,-0.0185,-0.0048,-0.0039,-0.0015,-0.0001,0.0,,
2020-10-27,-0.03438,11593349.0,,,,,,,,-0.0023,-0.0062,-0.0233,-0.0039,-0.0071,0.0,,
2020-10-28,-0.020992,13622836.0,,,,,,,,-0.0342,0.0018,0.0057,-0.0046,0.0,0.0,,
2020-10-29,0.01892,10887776.0,,,,,,,,0.0113,0.0015,0.0027,0.0028,0.0057,0.0,,
2020-10-30,0.000623,14909309.0,,,,,,,,-0.0145,-0.0023,0.0185,0.0027,-0.0005,0.0,,
2020-11-02,0.025545,16337826.0,,,,,,,,0.0117,0.0087,0.01,0.0041,0.0041,0.0,,
2020-11-03,0.036452,13142230.0,,,,,,,,0.0193,0.0101,-0.0019,-0.002,0.0002,0.0,,
2020-11-04,0.004885,17377963.0,,,,,,,,0.0225,-0.0256,-0.0503,-0.0069,-0.0177,0.0,,
2020-11-05,0.014972,9444282.0,,,,,,,,0.0212,0.0104,0.0054,0.0036,0.005,0.0,,
2020-11-06,-0.009579,6453859.0,,,,,,,,0.0001,-0.0109,-0.0092,-0.0024,-0.0009,0.0,,
2020-11-09,0.083559,24243330.0,,,,,,,,0.0083,0.0281,0.0673,0.0076,0.0086,0.0,,
2020-11-10,-0.00482,15502868.0,,,,,,,,-0.0016,0.0209,0.0215,0.003,0.0131,0.0,,
2020-11-11,0.010583,9731560.0,,,,,,,,0.0088,-0.0108,-0.0178,-0.0063,-0.0019,0.0,,
2020-11-12,-0.014022,9890063.0,,,,,,,,-0.0094,-0.0056,-0.0119,-0.0067,-0.0024,0.0,,
2020-11-13,0.019082,9920121.0,,,,,,,,0.0131,0.0092,0.0115,0.0057,0.0041,0.0,,
2020-11-16,0.026497,12201431.0,,,,,,,,0.0122,0.0127,0.0198,0.0069,0.0086,0.0,,
2020-11-17,0.012046,9599328.0,,,,,,,,-0.002,0.0061,-0.0001,-0.0041,-0.0043,0.0,,
2020-11-18,0.0,11536660.0,,,,,,,,-0.0094,-0.0005,0.0003,0.0006,-0.0039,0.0,,
2020-11-19,-0.003061,7220169.0,,,,,,,,0.0058,0.0028,-0.0077,-0.0066,-0.0022,0.0,,
2020-11-20,-0.013986,7740426.0,,,,,,,,-0.0051,0.0059,-0.006,-0.0074,-0.001,0.0,,
2020-11-23,0.042553,12651787.0,,,,,,,,0.0082,0.0141,0.0155,0.0033,0.0003,0.0,,
2020-11-24,0.055251,22361328.0,,,,,,,,0.0156,0.0049,0.0278,0.0052,0.0051,0.0,,
2020-11-25,-0.001887,11509714.0,,,,,,,,0.0002,-0.0027,-0.0132,-0.0039,-0.0054,0.0,,
2020-11-27,0.005671,5581487.0,,,,,,,,0.0042,0.0014,-0.0162,-0.0076,-0.0032,0.0,,
2020-11-30,-0.031485,15610709.0,,,,,,,,-0.0052,-0.0155,-0.0207,-0.0049,0.0046,0.0,,
2020-12-01,0.023451,15857747.0,,,,,,,,0.0099,-0.0006,0.0052,0.0104,0.0053,0.0,,
2020-12-02,0.011694,10790797.0,,,,,,,,0.0011,0.0021,0.0107,0.0037,0.0055,0.0,,
2020-12-03,0.000625,11757871.0,,,,,,,,0.0017,0.0056,-0.001,-0.0027,0.002,0.0,,
2020-12-04,0.014674,10169667.0,,,,,,,,0.0101,0.0161,0.0083,-0.0034,0.006,0.0,,
2020-12-07,-0.011385,10402058.0,,,,,,,,0.0002,-0.0006,-0.0102,-0.0057,-0.0049,0.0,,
2020-12-08,-0.005447,6386224.0,,,,,,,,0.0047,0.0088,-0.0069,-0.0071,-0.0005,0.0,,
2020-12-09,0.007198,10145535.0,,,,,,,,-0.0103,0.0032,0.0128,0.0085,0.0035,0.0,,
2020-12-10,0.001087,8888349.0,,,,,,,,0.0024,0.0094,-0.0046,-0.0151,-0.0024,0.0,,
2020-12-11,-0.017381,9034197.0,,,,,,,,-0.0018,-0.0057,-0.0073,-0.0058,-0.0056,0.0,,
2020-12-14,-0.022742,10236584.0,,,,,,,,-0.0026,0.0021,-0.0151,-0.0039,-0.0083,0.0,,
2020-12-15,0.033452,9746935.0,,,,,,,,0.0129,0.0114,0.0038,0.0045,0.0054,0.0,,
2020-12-16,0.004378,8806355.0,,,,,,,,0.0016,-0.0056,-0.0039,0.0003,-0.0017,0.0,,
2020-12-17,0.00685,7197498.0,,,,,,,,0.0078,0.005,-0.007,-0.0058,-0.0019,0.0,,
2020-12-18,-0.007577,15499829.0,,,,,,,,-0.0014,-0.0019,-0.0117,-0.0038,-0.0073,0.0,,
2020-12-21,0.056871,14787830.0,,,,,,,,-0.0024,0.0024,-0.0006,-0.01,0.003,0.0,,
2020-12-22,-0.017544,9809755.0,,,,,,,,0.0005,0.0085,-0.0163,-0.0084,-0.001,0.0,,
2020-12-23,0.023559,8772476.0,,,,,,,,0.0011,0.0087,0.0203,0.0027,0.0041,0.0,,
2020-12-24,-0.001759,3126691.0,,,,,,,,0.0023,-0.0044,-0.0019,0.0024,-0.0008,0.0,,
2020-12-28,-0.000587,7417070.0,,,,,,,,0.0049,-0.0067,0.0036,0.0138,0.0048,0.0,,
2020-12-29,-0.004996,4701262.0,,,,,,,,-0.0039,-0.0142,0.0024,0.0078,-0.0027,0.0,,
2020-12-30,0.00192,5283216.0,,,,,,,,0.0027,0.0107,0.0006,-0.0066,-0.0004,0.0,,
2020-12-31,0.010171,5297387.0,,,,,,,,0.004,-0.0069,0.0044,0.0056,-0.0022,0.0,,
2021-01-04,-0.002918,14014631.0,,,,,,,,-0.0141,0.0014,0.0057,-0.0064,0.001,0.0,,
2021-01-05,0.016976,11120399.0,,,,,,,,0.0086,0.0132,0.005,0.0036,0.0056,0.0,,
2021-01-06,0.060296,18334255.0,,,,,,,,0.0079,0.0316,0.0394,0.0005,0.0052,0.0,,
2021-01-07,0.017101,13530361.0,,,,,,,,0.0176,0.0002,-0.0081,-0.0148,-0.0023,0.0,,
2021-01-08,0.004137,12896730.0,,,,,,,,0.0051,-0.0101,-0.0138,-0.0042,-0.0036,0.0,,
2021-01-11,0.010764,9081177.0,,,,,,,,-0.0052,0.0054,0.0126,-0.0016,0.0041,0.0,,
2021-01-12,-0.003418,11831096.0,,,,,,,,0.0037,0.0148,0.0124,-0.0044,0.004,0.0,,
2021-01-13,-0.003166,9852176.0,,,,,,,,0.0006,-0.0104,-0.0045,-0.0019,-0.0005,0.0,,
2021-01-14,0.012043,9854347.0,,,,,,,,-0.0012,0.0236,0.0113,-0.0099,0.0043,0.0,,
2021-01-15,-0.016085,12882601.0,,,,,,,,-0.0086,-0.0075,-0.0074,0.0029,-0.0045,0.0,,
2021-01-19,-0.003323,14897745.0,,,,,,,,0.0092,0.0075,-0.0079,-0.0069,0.0009,0.0,,
2021-01-20,-0.002,16132961.0,,,,,,,,0.0127,-0.0074,-0.011,0.0064,-0.0041,0.0,,
2021-01-21,-0.001871,13591901.0,,,,,,,,-0.0004,-0.0076,-0.0096,0.0083,0.0036,0.0,,
2021-01-22,-0.007631,15459988.0,,,,,,,,-0.0007,0.0164,-0.0011,-0.0068,0.0061,0.0,,
2021-01-25,-0.023607,15933115.0,,,,,,,,0.0029,-0.0027,-0.0043,0.0021,0.0095,0.0,,
2021-01-26,-0.016165,10899728.0,,,,,,,,-0.0033,-0.0003,0.0004,0.0104,0.0113,0.0,,
2021-01-27,-0.03918,17002601.0,,,,,,,,-0.0253,0.012,0.0155,0.0056,0.0247,0.0,,
2021-01-28,0.01827,14986197.0,,,,,,,,0.0093,-0.0169,-0.0093,-0.0105,-0.0228,0.0,,
2021-01-29,-0.032747,17566053.0,,,,,,,,-0.0184,0.0041,0.0059,-0.0076,0.004,0.0,,
2021-02-01,0.009247,11961557.0,,,,,,,,0.0172,0.0075,-0.0147,-0.0023,-0.0124,0.0,,
2021-02-02,0.048471,13893927.0,,,,,,,,0.0148,-0.0081,-0.0103,-0.0097,-0.021,0.0,,
2021-02-03,-0.004933,8014333.0,,,,,,,,0.0014,0.0068,0.0073,-0.0009,0.0018,0.0,,
2021-02-04,0.023938,8889354.0,,,,,,,,0.0122,0.006,0.0038,-0.0009,-0.0024,0.0,,
2021-02-05,0.012865,8832176.0,,,,,,,,0.0057,0.0095,-0.0049,-0.0071,0.0042,0.0,,
2021-02-08,0.013794,9018095.0,,,,,,,,0.0096,0.0224,0.0039,-0.0095,0.0073,0.0,,
2021-02-09,0.000135,7429868.0,,,,,,,,0.0005,0.0064,-0.0006,-0.0067,-0.0041,0.0,,
2021-02-10,0.001212,7465888.0,,,,,,,,-0.0008,-0.0053,0.0079,0.003,0.0007,0.0,,
2021-02-11,-0.008207,6972883.0,,,,,,,,0.002,-0.0021,-0.007,-0.0046,-0.0029,0.0,,
2021-02-12,0.012073,7281192.0,,,,,,,,0.0049,-0.001,0.0046,-0.0039,-0.0007,0.0,,
2021-02-16,0.0193,8550568.0,,,,,,,,-0.0014,-0.0026,0.0193,0.0017,0.0005,0.0,,
2021-02-17,-0.00789,7807802.0,,,,,,,,-0.002,-0.0067,0.006,0.0026,-0.0015,0.0,,
2021-02-18,-0.008217,7156641.0,,,,,,,,-0.0062,-0.0147,-0.0021,0.0088,-0.0043,0.0,,
2021-02-19,0.015635,7685387.0,,,,,,,,0.0016,0.0202,0.0073,-0.0043,0.0053,0.0,,
2021-02-22,0.018421,11193715.0,,,,,,,,-0.0111,0.0073,0.0313,0.0167,0.0086,0.0,,
2021-02-23,0.001292,12174910.0,,,,,,,,-0.0011,-0.0101,0.0089,0.0113,-0.0021,0.0,,
2021-02-24,0.03071,12681538.0,,,,,,,,0.0115,0.0147,0.0144,-0.0028,0.0033,0.0,,
2021-02-25,-0.018152,11674604.0,,,,,,,,-0.0272,-0.0091,0.0088,0.0097,0.0045,0.0,,
2021-02-26,-0.01989,30392199.0,,,,,,,,-0.0028,0.0035,-0.016,-0.0004,-0.004,0.0,,
2021-03-01,0.029791,11453114.0,,,,,,,,0.0262,0.0111,0.0023,-0.004,0.0021,0.0,,
2021-03-02,0.020591,11955485.0,,,,,,,,-0.0105,-0.0077,0.0125,0.0062,0.0023,0.0,,
2021-03-03,0.01572,13053028.0,,,,,,,,-0.0155,0.0065,0.0356,0.0164,0.0107,0.0,,
2021-03-04,-0.011577,15809887.0,,,,,,,,-0.0167,-0.011,0.017,0.0127,0.0049,0.0,,
2021-03-05,-0.002959,16362514.0,,,,,,,,0.0187,0.0038,0.0062,0.0096,0.0052,0.0,,
2021-03-08,0.002844,10151916.0,,,,,,,,-0.0067,0.0146,0.0371,0.0163,0.0092,0.0,,
2021-03-09,-0.003083,11588679.0,,,,,,,,0.0177,0.0043,-0.0323,-0.0184,-0.0048,0.0,,
2021-03-10,0.027706,10775841.0,,,,,,,,0.0067,0.012,0.0182,-0.0007,0.0015,0.0,,
2021-03-11,0.001926,8951493.0,,,,,,,,0.0141,0.0107,-0.02,-0.0139,-0.0081,0.0,,
2021-03-12,0.013093,8691318.0,,,,,,,,0.0011,0.0053,0.0129,0.0063,0.0058,0.0,,
2021-03-15,-0.005691,9019234.0,,,,,,,,0.0069,-0.0035,-0.0127,0.0025,0.0009,0.0,,
2021-03-16,-0.015741,9471980.0,,,,,,,,-0.0041,-0.0135,-0.0085,0.0028,-0.0002,0.0,,
2021-03-17,0.015992,8049279.0,,,,,,,,0.0034,0.0065,0.0034,-0.0004,0.001,0.0,,
2021-03-18,0.000954,10230087.0,,,,,,,,-0.0186,-0.0121,0.0216,0.0093,0.0046,0.0,,
2021-03-19,-0.011913,11557556.0,,,,,,,,0.0023,0.0094,-0.0099,-0.0079,-0.0054,0.0,,
2021-03-22,-0.012298,7169919.0,,,,,,,,0.0056,-0.0169,-0.0223,-0.0025,-0.001,0.0,,
2021-03-23,-0.03418,10235491.0,,,,,,,,-0.0116,-0.0295,-0.0104,0.0058,-0.0074,0.0,,
2021-03-24,0.002654,8458959.0,,,,,,,,-0.0097,-0.0158,0.0146,0.0138,0.0013,0.0,,
2021-03-25,0.010085,11363846.0,,,,,,,,0.0067,0.0202,0.014,0.0045,0.0111,0.0,,
2021-03-26,-0.001872,11107395.0,,,,,,,,0.0156,0.002,0.0068,0.0078,0.006,0.0,,
2021-03-29,-0.026257,21931739.0,,,,,,,,-0.0048,-0.0249,-0.0023,0.009,0.0002,0.0,,
2021-03-30,0.015537,12062974.0,,,,,,,,-0.0003,0.0184,0.0101,-0.0026,-0.0023,0.0,,
2021-03-31,-0.018081,12085487.0,,,,,,,,0.0063,0.0058,-0.0234,-0.0117,-0.0028,0.0,,
2021-04-01,0.007211,13195642.0,,,,,,,,0.0127,0.0021,-0.0002,-0.0069,-0.0051,0.0,,
2021-04-05,-0.002813,10458839.0,,,,,,,,0.0128,-0.0071,-0.0071,0.01,0.0009,0.0,,
2021-04-06,0.013974,9444957.0,,,,,,,,0.0,-0.0031,0.0009,-0.0012,-0.0028,0.0,,
2021-04-07,-0.000632,8329267.0,,,,,,,,-0.0011,-0.0153,0.003,0.0068,-0.0012,0.0,,
2021-04-08,0.014676,9352681.0,,,,,,,,0.0062,0.0027,-0.0117,-0.0052,-0.0038,0.0,,
2021-04-09,0.006484,10693486.0,,,,,,,,0.0065,-0.0061,0.0015,0.0079,0.0009,0.0,,
2021-04-12,-0.00669,8939702.0,,,,,,,,-0.0004,-0.0046,0.0056,0.0073,-0.0036,0.0,,
2021-04-13,-0.008107,7085182.0,,,,,,,,0.0041,-0.0077,-0.016,-0.0107,-0.0037,0.0,,
2021-04-14,0.015843,10585518.0,,,,,,,,-0.0034,0.0118,0.0141,0.0001,0.0067,0.0,,
2021-04-15,0.000371,9930807.0,,,,,,,,0.0106,-0.008,-0.0119,0.001,-0.0054,0.0,,
2021-04-16,-0.027592,29086410.0,,,,,,,,0.0027,-0.0019,0.0065,0.0083,0.0018,0.0,,
2021-04-19,0.018323,15151022.0,,,,,,,,-0.0072,-0.0066,0.0079,0.0072,0.0043,0.0,,
2021-04-20,-0.034237,13052808.0,,,,,,,,-0.0093,-0.0138,-0.0157,0.0038,-0.0046,0.0,,
2021-04-21,0.025359,11075916.0,,,,,,,,0.011,0.0153,0.0012,-0.0047,0.0009,0.0,,
2021-04-22,-0.012114,9871688.0,,,,,,,,-0.0078,0.0063,-0.0077,-0.002,-0.002,0.0,,
2021-04-23,0.033976,12005507.0,,,,,,,,0.0126,0.0077,0.0069,-0.0035,0.0003,0.0,,
2021-04-26,0.007041,8033545.0,,,,,,,,0.0041,0.0079,-0.005,-0.012,-0.0007,0.0,,
2021-04-27,0.005397,7057351.0,,,,,,,,-0.0003,0.0008,0.0085,0.0054,0.0006,0.0,,
2021-04-28,0.009395,7228232.0,,,,,,,,-0.0007,0.0029,0.002,-0.003,-0.0033,0.0,,
2021-04-29,0.01523,9974779.0,,,,,,,,0.004,-0.0076,0.0109,0.0133,-0.0022,0.0,,
2021-04-30,-0.013032,9298561.0,,,,,,,,-0.0082,-0.0052,-0.0033,0.0013,-0.0041,0.0,,
2021-05-03,-0.00109,6759028.0,,,,,,,,0.0018,0.0073,0.017,0.0105,0.0108,0.0,,
2021-05-04,0.002183,8802743.0,,,,,,,,-0.0089,-0.0024,0.02,0.0109,0.0057,0.0,,
2021-05-05,0.022628,9421660.0,,,,,,,,-0.0005,-0.0016,0.0133,0.0064,0.0061,0.0,,
2021-05-06,0.027452,11887886.0,,,,,,,,0.0049,-0.0049,0.0118,0.0123,0.0058,0.0,,
2021-05-07,0.01002,9947562.0,,,,,,,,0.0084,0.0045,-0.0008,-0.0022,0.0015,0.0,,
2021-05-10,-0.014025,9344493.0,,,,,,,,-0.0135,-0.0128,0.0168,0.0116,0.0077,0.0,,
2021-05-11,-0.017925,10397837.0,,,,,,,,-0.0063,0.0069,-0.0087,-0.0083,-0.0005,0.0,,
2021-05-12,-0.014602,12602234.0,,,,,,,,-0.0234,-0.0115,0.007,-0.0029,0.0014,0.0,,
2021-05-13,0.014101,8639703.0,,,,,,,,0.0104,0.0048,0.0113,0.0138,0.0034,0.0,,
2021-05-14,0.029342,7755892.0,,,,,,,,0.0179,0.0097,-0.0016,-0.0024,-0.0004,0.0,,
2021-05-17,0.008472,7157909.0,,,,,,,,-0.0024,0.0072,0.0084,0.0002,0.0058,0.0,,
2021-05-18,-0.012714,6631739.0,,,,,,,,-0.007,0.0005,-0.0093,-0.0102,-0.0043,0.0,,
2021-05-19,-0.010578,10165571.0,,,,,,,,-0.0034,-0.0053,-0.0046,-0.0018,-0.0033,0.0,,
2021-05-20,0.004881,7722254.0,,,,,,,,0.0114,-0.0049,-0.0142,-0.0085,-0.0048,0.0,,
2021-05-21,0.021626,9326791.0,,,,,,,,-0.0004,0.0046,0.0098,-0.0011,-0.0006,0.0,,
2021-05-24,0.015282,7788809.0,,,,,,,,0.0099,-0.0048,-0.007,0.0026,-0.0031,0.0,,
2021-05-25,-0.009254,10599576.0,,,,,,,,-0.003,-0.0085,-0.0123,0.002,-0.0015,0.0,,
2021-05-26,0.005514,8665187.0,,,,,,,,0.0046,0.0177,0.0057,-0.0054,0.0014,0.0,,
2021-05-27,0.010632,21840860.0,,,,,,,,0.0027,0.0108,0.0095,-0.0026,0.0027,0.0,,
2021-05-28,0.007198,9487234.0,,,,,,,,0.0004,-0.0037,-0.0032,-0.002,-0.004,0.0,,
2021-06-01,0.012754,9576445.0,,,,,,,,0.0003,0.0141,0.0144,0.0029,0.0039,0.0,,
2021-06-02,0.007057,6878373.0,,,,,,,,0.0011,-0.0021,0.0032,-0.0007,0.007,0.0,,
2021-06-03,0.006361,7926780.0,,,,,,,,-0.0053,-0.0025,0.0073,0.0041,0.0034,0.0,,
2021-06-04,0.006535,6406799.0,,,,,,,,0.009,-0.0059,-0.0091,-0.0015,-0.0022,0.0,,
2021-06-07,-0.007982,6773849.0,,,,,,,,0.0014,0.0127,-0.0095,-0.01,-0.0021,0.0,,
2021-06-08,-0.004506,7036268.0,,,,,,,,0.0018,0.0108,-0.0031,0.0007,-0.0009,0.0,,
2021-06-09,-0.001293,7811995.0,,,,,,,,-0.0029,-0.0045,-0.0084,0.0016,0.0019,0.0,,
2021-06-10,-0.010683,6584900.0,,,,,,,,0.0041,-0.0133,-0.0205,-0.0056,-0.0105,0.0,,
2021-06-11,0.004036,6509422.0,,,,,,,,0.0037,0.0072,0.0017,0.0004,0.0,0.0,,
2021-06-14,-0.014449,10163098.0,,,,,,,,0.0015,-0.0075,-0.0162,-0.0059,-0.0049,0.0,,
2021-06-15,-0.00022,7458998.0,,,,,,,,-0.003,0.0023,0.0128,0.0067,0.0013,0.0,,
2021-06-16,0.00441,11370300.0,,,,,,,,-0.0046,0.0043,0.002,-0.0034,-0.0024,0.0,,
2021-06-17,-0.035017,11131624.0,,,,,,,,0.0001,-0.0135,-0.0357,-0.007,-0.011,0.0,,
2021-06-18,-0.043454,22453941.0,,,,,,,,-0.0123,-0.008,-0.0144,-0.0043,-0.0071,0.0,,
2021-06-21,0.022,10672674.0,,,,,,,,0.0136,0.0084,0.0106,0.004,0.0031,0.0,,
2021-06-22,-0.002793,9664149.0,,,,,,,,0.0058,-0.0009,-0.0043,0.002,0.002,0.0,,
2021-06-23,0.001984,7139039.0,,,,,,,,0.0,0.0051,-0.0029,-0.0048,-0.0024,0.0,,
2021-06-24,0.014091,7953467.0,,,,,,,,0.0069,0.0074,0.0023,-0.0039,0.0026,0.0,,
2021-06-25,0.015159,11138983.0,,,,,,,,0.0031,-0.005,0.0043,-0.0014,0.0006,0.0,,
2021-06-28,-0.007919,6174579.0,,,,,,,,0.0021,-0.0086,-0.0159,-0.0049,-0.0014,0.0,,
2021-06-29,0.033523,15413730.0,,,,,,,,0.0001,-0.0039,-0.003,0.0031,0.0039,0.0,,
2021-06-30,0.011584,9780260.0,,,,,,,,0.0007,0.0013,0.0075,0.0072,0.0064,0.0,,
2021-07-01,0.003599,6792221.0,,,,,,,,0.0044,0.0042,0.0044,0.0,0.0033,0.0,,
2021-07-02,0.000109,4818901.0,,,,,,,,0.0056,-0.0153,-0.007,0.0066,-0.0014,0.0,,
2021-07-06,-0.019776,6701215.0,,,,,,,,-0.0027,-0.0102,-0.02,0.0055,-0.0075,0.0,,
2021-07-07,-0.001995,6771635.0,,,,,,,,0.001,-0.0084,0.0008,0.017,0.0035,0.0,,
2021-07-08,-0.026547,8778830.0,,,,,,,,-0.0086,-0.0001,-0.0079,-0.0022,-0.0003,0.0,,
2021-07-09,0.030694,7306495.0,,,,,,,,0.0126,0.0085,0.0157,-0.0017,0.0041,0.0,,
2021-07-12,0.026791,11951063.0,,,,,,,,0.0023,-0.0002,0.0056,0.0028,-0.0027,0.0,,
2021-07-13,0.00496,12280050.0,,,,,,,,-0.0055,-0.0121,-0.0041,0.0075,0.0012,0.0,,
2021-07-14,-0.008046,12571981.0,,,,,,,,-0.0025,-0.0116,0.0035,0.0194,0.0063,0.0,,
2021-07-15,0.001839,12465919.0,,,,,,,,-0.0038,-0.0026,0.0079,0.0034,-0.0007,0.0,,
2021-07-16,-0.014898,12595389.0,,,,,,,,-0.0076,-0.004,-0.0127,0.0013,-0.0084,0.0,,
2021-07-19,-0.020822,14042974.0,,,,,,,,-0.0142,0.0004,-0.0177,-0.0043,-0.0111,0.0,,
2021-07-20,0.03324,11522283.0,,,,,,,,0.017,0.0086,0.0014,-0.0058,0.0033,0.0,,
2021-07-21,0.036395,14116881.0,,,,,,,,0.0095,0.0073,0.0081,-0.0096,0.0008,0.0,,
2021-07-22,-0.00115,9235275.0,,,,,,,,0.001,-0.0156,-0.0102,0.005,-0.0043,0.0,,
2021-07-23,-0.010673,13222822.0,,,,,,,,0.0099,-0.0033,-0.0045,0.0049,-0.0036,0.0,,
2021-07-26,0.021047,11420619.0,,,,,,,,0.0018,0.0009,0.0133,0.0029,0.0087,0.0,,
2021-07-27,-0.000622,8972876.0,,,,,,,,-0.0065,-0.0046,0.0059,0.0046,0.0009,0.0,,
2021-07-28,-0.00425,10054017.0,,,,,,,,0.0027,0.0121,-0.0064,-0.0157,-0.0073,0.0,,
2021-07-29,0.009472,9016206.0,,,,,,,,0.0041,0.0022,0.0094,0.0082,0.0055,0.0,,
2021-07-30,-0.003116,8320840.0,,,,,,,,-0.0065,-0.0009,-0.0018,0.0057,0.0042,0.0,,
2021-08-02,0.002605,9409591.0,,,,,,,,-0.0012,-0.0013,-0.0045,-0.0007,-0.0039,0.0,,
2021-08-03,0.003845,7044774.0,,,,,,,,0.0073,-0.0039,0.0093,0.0065,0.0027,0.0,,
2021-08-04,-0.003209,7137546.0,,,,,,,,-0.0039,-0.0098,-0.0157,-0.0037,-0.0113,0.0,,
2021-08-05,0.015993,5674955.0,,,,,,,,0.0074,0.0108,-0.0012,-0.0129,-0.004,0.0,,
2021-08-06,0.019421,9317947.0,,,,,,,,0.0009,0.0046,0.0188,0.0048,0.0029,0.0,,
2021-08-09,0.010127,8297684.0,,,,,,,,0.0,-0.0046,-0.0027,-0.0064,-0.0052,0.0,,
2021-08-10,0.012905,8490473.0,,,,,,,,0.0006,0.0038,0.0182,0.0072,0.0092,0.0,,
2021-08-11,0.018032,8793182.0,,,,,,,,0.002,0.003,0.0144,0.0091,0.0056,0.0,,
2021-08-12,0.007605,6303729.0,,,,,,,,0.0024,-0.0068,-0.0041,0.0007,0.0011,0.0,,
2021-08-13,-0.006974,8312247.0,,,,,,,,0.0002,-0.0095,-0.0027,0.007,-0.0001,0.0,,
2021-08-16,-0.002117,6540901.0,,,,,,,,-0.0003,-0.0086,0.0006,0.0166,0.0022,0.0,,
2021-08-17,-0.008195,6492943.0,,,,,,,,-0.0079,-0.005,-0.0013,-0.003,0.0008,0.0,,
2021-08-18,-0.015651,7839820.0,,,,,,,,-0.0096,0.001,-0.0018,-0.0032,-0.0066,0.0,,
2021-08-19,-0.01511,10644710.0,,,,,,,,-0.0013,-0.0096,-0.0083,0.0138,-0.0047,0.0,,
2021-08-20,0.009325,6497215.0,,,,,,,,0.0092,0.0086,-0.005,-0.0036,-0.0032,0.0,,
2021-08-23,0.014902,5430709.0,,,,,,,,0.0107,0.0075,-0.0083,-0.0185,-0.001,0.0,,
2021-08-24,0.009103,5339686.0,,,,,,,,0.004,0.004,0.0035,-0.0072,0.0002,0.0,,
2021-08-25,0.0097,5612081.0,,,,,,,,0.0027,0.0006,0.0036,-0.0042,-0.0001,0.0,,
2021-08-26,-0.002402,6882829.0,,,,,,,,-0.0065,-0.0044,-0.0033,-0.0006,-0.0012,0.0,,
2021-08-27,0.015505,5900570.0,,,,,,,,0.0107,0.0164,0.0031,-0.0069,0.0016,0.0,,
2021-08-30,-0.012897,6459703.0,,,,,,,,0.0035,-0.0069,-0.0139,0.0066,0.0007,0.0,,
2021-08-31,0.003266,7215132.0,,,,,,,,-0.0013,0.0046,-0.0004,-0.0047,-0.002,0.0,,
2021-09-01,-0.001149,5762493.0,,,,,,,,0.0011,0.004,-0.0096,-0.0045,-0.0039,0.0,,
2021-09-02,0.004985,5708423.0,,,,,,,,0.0035,0.002,-0.0002,-0.0044,0.0059,0.0,,
2021-09-03,-0.005533,7195353.0,,,,,,,,-0.0002,-0.0056,-0.0028,0.0003,-0.0031,0.0,,
2021-09-07,-0.000671,6792105.0,,,,,,,,-0.0036,-0.0036,-0.0008,-0.006,0.0014,0.0,,
2021-09-08,-0.005855,5600480.0,,,,,,,,-0.0033,-0.0074,0.0007,0.0073,0.002,0.0,,
2021-09-09,0.002607,6145724.0,,,,,,,,-0.0028,0.0025,0.0009,-0.0078,-0.0027,0.0,,
2021-09-10,-0.002119,5951212.0,,,,,,,,-0.0076,-0.0003,0.0002,0.002,-0.0037,0.0,,
2021-09-13,0.007528,6109817.0,,,,,,,,0.0014,0.0024,0.0135,0.0023,0.0093,0.0,,
2021-09-14,-0.023851,8400229.0,,,,,,,,-0.0066,-0.0067,-0.0097,0.0042,-0.0047,0.0,,
2021-09-15,0.011088,6691307.0,,,,,,,,0.0088,0.0012,0.0067,-0.0024,0.0043,0.0,,
2021-09-16,-0.005532,5881586.0,,,,,,,,-0.0005,-0.001,-0.0058,-0.0042,-0.0053,0.0,,
2021-09-17,-0.007026,17652334.0,,,,,,,,-0.0074,0.01,-0.0005,-0.0064,-0.0048,0.0,,
2021-09-20,-0.030663,15443775.0,,,,,,,,-0.0186,-0.0056,0.0022,0.0078,0.0023,0.0,,
2021-09-21,-0.003346,8985639.0,,,,,,,,0.0003,0.0027,-0.0068,-0.0043,-0.0036,0.0,,
2021-09-22,0.025432,9497667.0,,,,,,,,0.01,0.0014,0.0061,-0.0052,0.0046,0.0,,
2021-09-23,0.027282,6087912.0,,,,,,,,0.0128,0.0046,0.0092,-0.0101,0.0022,0.0,,
2021-09-24,-0.006181,5529301.0,,,,,,,,0.0009,-0.004,0.0071,0.0057,0.0023,0.0,,
2021-09-27,0.021281,8195185.0,,,,,,,,-0.0011,0.0171,0.0244,-0.0024,0.0078,0.0,,
2021-09-28,-0.029115,14183501.0,,,,,,,,-0.0217,-0.0001,0.0176,0.0083,0.0107,0.0,,
2021-09-29,-0.024402,11543020.0,,,,,,,,0.0004,-0.002,0.0081,0.0115,0.0034,0.0,,
2021-09-30,-0.022501,12262040.0,,,,,,,,-0.0103,0.0007,-0.0077,-0.0124,-0.0037,0.0,,
2021-10-01,0.017881,7912712.0,,,,,,,,0.0112,0.0048,0.0051,-0.0009,0.0055,0.0,,
2021-10-04,-0.019182,9482132.0,,,,,,,,-0.0142,0.004,0.0235,0.0069,0.011,0.0,,
2021-10-05,0.021101,8850464.0,,,,,,,,0.0106,-0.0058,-0.0007,-0.0009,-0.0034,0.0,,
2021-10-06,-0.001008,6912658.0,,,,,,,,0.0034,-0.01,-0.005,0.0033,-0.0068,0.0,,
2021-10-07,-0.003027,7959610.0,,,,,,,,0.0101,0.0045,-0.0018,-0.0007,0.0004,0.0,,
2021-10-08,0.012551,5301079.0,,,,,,,,-0.0027,-0.0046,0.0113,0.0009,0.0059,0.0,,
2021-10-11,-0.027489,7003878.0,,,,,,,,-0.0072,0.0023,-0.0028,-0.0004,0.0028,0.0,,
2021-10-12,0.005036,7913336.0,,,,,,,,-0.0007,0.0055,-0.0043,-0.0088,-0.0028,0.0,,
2021-10-13,0.008079,10179995.0,,,,,,,,0.0043,-0.0009,-0.0105,-0.0049,-0.0079,0.0,,
2021-10-14,0.024754,14776644.0,,,,,,,,0.0165,-0.0037,-0.0028,0.0,-0.0012,0.0,,
2021-10-15,0.011187,11678095.0,,,,,,,,0.0064,-0.0113,0.0028,0.0037,-0.0008,0.0,,
2021-10-18,-0.007147,8924313.0,,,,,,,,0.004,-0.0041,-0.0001,0.0057,-0.0008,0.0,,
2021-10-19,0.003353,6189542.0,,,,,,,,0.007,-0.0048,-0.0024,-0.0017,0.001,0.0,,
2021-10-20,-0.010713,7426858.0,,,,,,,,0.0034,0.0023,0.012,0.0028,0.0055,0.0,,
2021-10-21,-0.003775,5931438.0,,,,,,,,0.0036,0.0003,-0.0099,0.0031,-0.0061,0.0,,
2021-10-22,0.015158,6761528.0,,,,,,,,-0.0025,0.0002,0.0102,0.0043,0.0047,0.0,,
2021-10-25,0.001081,3835990.0,,,,,,,,0.0056,0.0036,-0.0013,-0.0041,-0.0037,0.0,,
2021-10-26,0.015308,7649543.0,,,,,,,,0.0005,-0.0078,-0.003,-0.0038,-0.0015,0.0,,
2021-10-27,-0.015463,7542440.0,,,,,,,,-0.0076,-0.0094,-0.012,0.0086,-0.0063,0.0,,
2021-10-28,0.013056,6663048.0,,,,,,,,0.0111,0.0083,-0.005,-0.0027,-0.0017,0.0,,
2021-10-29,0.002732,8057123.0,,,,,,,,0.0021,0.0013,-0.0083,0.0056,-0.0083,0.0,,
2021-11-01,0.01187,5432439.0,,,,,,,,0.005,0.0205,0.0044,-0.0113,0.0007,0.0,,
2021-11-02,0.006346,7191906.0,,,,,,,,0.0025,-0.0033,-0.0055,0.0042,0.0016,0.0,,
2021-11-03,-0.019587,9008963.0,,,,,,,,0.0079,0.0144,-0.0016,0.0021,-0.0043,0.0,,
2021-11-04,-0.027483,14823768.0,,,,,,,,0.0039,-0.0029,-0.0138,0.0066,-0.0074,0.0,,
2021-11-05,0.000802,8449640.0,,,,,,,,0.0037,0.0079,0.0122,0.0005,0.0136,0.0,,
2021-11-08,0.002003,7332006.0,,,,,,,,0.0016,0.0002,0.001,-0.0053,-0.0012,0.0,,
2021-11-09,-0.003597,8756920.0,,,,,,,,-0.0034,-0.0013,0.0046,0.0059,0.0029,0.0,,
2021-11-10,-0.019456,9191535.0,,,,,,,,-0.0104,-0.003,0.0095,0.0137,0.0002,0.0,,
2021-11-11,0.011353,6249557.0,,,,,,,,0.0017,0.0062,0.0034,0.0014,0.001,0.0,,
2021-11-12,0.00981,7270348.0,,,,,,,,0.0074,-0.0046,-0.0091,0.0037,-0.0029,0.0,,
2021-11-15,0.003605,5652155.0,,,,,,,,-0.0006,-0.0045,0.007,0.0053,0.005,0.0,,
2021-11-16,0.00479,6448496.0,,,,,,,,0.0044,-0.0016,-0.0068,0.0017,-0.0065,0.0,,
2021-11-17,-0.029894,9670713.0,,,,,,,,-0.0041,-0.0065,-0.0026,0.0081,0.0018,0.0,,
2021-11-18,0.0,6854567.0,,,,,,,,0.0014,-0.0075,-0.0006,0.0125,-0.0011,0.0,,
2021-11-19,-0.007883,9926343.0,,,,,,,,-0.0025,-0.0041,-0.0131,0.0103,-0.0064,0.0,,
2021-11-22,0.024868,10430440.0,,,,,,,,-0.0057,0.0007,0.0278,0.0125,0.0163,0.0,,
2021-11-23,0.025574,8565613.0,,,,,,,,-0.0002,-0.0019,0.0177,0.0024,0.0115,0.0,,
2021-11-24,-0.007265,7146439.0,,,,,,,,0.003,-0.0014,-0.0087,-0.0054,-0.0025,0.0,,
2021-11-26,-0.031547,11738164.0,,,,,,,,-0.0223,-0.0128,-0.0095,0.0026,-0.0061,0.0,,
2021-11-29,-0.007148,13793367.0,,,,,,,,0.011,-0.0131,-0.0078,0.0038,-0.0031,0.0,,
2021-11-30,-0.024787,20586246.0,,,,,,,,-0.0195,0.0018,-0.0113,-0.0009,0.0039,0.0,,
2021-12-01,0.00464,11712912.0,,,,,,,,-0.0159,-0.0044,0.0109,0.0233,0.0078,0.0,,
2021-12-02,0.037791,10685797.0,,,,,,,,0.0153,0.01,0.0124,-0.0066,0.0004,0.0,,
2021-12-03,-0.006575,9811816.0,,,,,,,,-0.0118,-0.0087,0.0108,0.0176,0.0107,0.0,,
2021-12-06,0.010793,9624515.0,,,,,,,,0.012,0.0084,0.0063,0.0009,0.0062,0.0,,
2021-12-07,0.032538,10674400.0,,,,,,,,0.0222,-0.0017,-0.0178,-0.0144,-0.0047,0.0,,
2021-12-08,-0.012195,9089682.0,,,,,,,,0.0046,0.0035,-0.0085,-0.0097,0.0019,0.0,,
2021-12-09,-0.006617,7749628.0,,,,,,,,-0.0104,-0.0105,0.0155,0.0144,0.01,0.0,,
2021-12-10,-0.021376,10428985.0,,,,,,,,0.0071,-0.0087,0.0052,0.0138,0.0077,0.0,,
2021-12-13,-0.012801,10057149.0,,,,,,,,-0.0104,-0.0029,-0.0099,0.0031,-0.003,0.0,,
2021-12-14,0.016981,11105853.0,,,,,,,,-0.0076,-0.0035,0.0165,0.0041,0.0018,0.0,,
2021-12-15,0.006173,7054976.0,,,,,,,,0.0162,0.0001,-0.0191,0.0005,-0.0035,0.0,,
2021-12-16,0.00875,7889868.0,,,,,,,,-0.0119,-0.0085,0.028,0.0062,0.0067,0.0,,
2021-12-17,-0.031605,20904490.0,,,,,,,,-0.0066,0.0147,-0.0234,-0.017,-0.0037,0.0,,
2021-12-20,-0.01812,11931396.0,,,,,,,,-0.0126,-0.0021,-0.0041,0.0003,0.0017,0.0,,
2021-12-21,0.025165,8235061.0,,,,,,,,0.0206,0.0066,0.0019,-0.0109,-0.0024,0.0,,
2021-12-22,0.005421,4798414.0,,,,,,,,0.0097,0.0018,-0.0035,0.0034,0.0005,0.0,,
2021-12-23,0.01058,4482484.0,,,,,,,,0.0072,0.0028,-0.0049,-0.0037,-0.0041,0.0,,
2021-12-27,0.01067,4196192.0,,,,,,,,0.0123,-0.0013,0.0031,0.0098,0.0045,0.0,,
2021-12-28,-0.004283,4270288.0,,,,,,,,-0.0026,-0.0041,0.0082,0.0084,0.0023,0.0,,
2021-12-29,-0.012404,6923093.0,,,,,,,,0.0007,-0.0002,0.0017,0.0071,0.0,0.0,,
2021-12-30,0.000709,3564935.0,,,,,,,,-0.0017,0.0007,-0.0041,-0.0083,-0.0044,0.0,,
2021-12-31,-0.006478,5124803.0,,,,,,,,-0.0031,0.0017,0.0052,0.0035,0.0045,0.0,,
2022-01-03,0.020681,8491073.0,,,,,,,,0.0072,0.0044,0.0077,-0.0117,0.0053,0.0,,
2022-01-04,0.040623,8966963.0,,,,,,,,-0.0027,-0.0006,0.0364,0.0064,0.0156,0.0,,
2022-01-05,-0.024746,10288849.0,,,,,,,,-0.0226,-0.0093,0.0258,0.0141,0.0129,0.0,,
2022-01-06,0.017113,10059232.0,,,,,,,,0.0,0.0038,0.0176,-0.0056,0.0001,0.0,,
2022-01-07,0.006092,6128433.0,,,,,,,,-0.0049,-0.0096,0.0202,-0.0013,0.0085,0.0,,
2022-01-10,0.000769,8904887.0,,,,,,,,-0.0014,-0.0031,-0.0026,-0.0006,-0.0036,0.0,,
2022-01-11,0.01719,7320235.0,,,,,,,,0.0108,-0.002,-0.0027,-0.0124,0.0035,0.0,,
2022-01-12,-0.027096,10855186.0,,,,,,,,0.0013,-0.0085,0.0052,0.0076,0.0029,0.0,,
2022-01-13,-0.004852,6267655.0,,,,,,,,-0.0155,0.0088,0.0239,0.0118,0.0104,0.0,,
2022-01-14,-0.035787,16724934.0,,,,,,,,0.0008,0.0005,0.0055,-0.0085,0.0052,0.0,,
2022-01-18,-0.049252,21812177.0,,,,,,,,-0.0206,-0.009,0.0138,0.0079,0.0098,0.0,,
2022-01-19,0.018296,19716085.0,,,,,,,,-0.0102,-0.0036,-0.0067,0.0025,0.0009,0.0,,
2022-01-20,0.042829,22637568.0,,,,,,,,-0.0115,-0.0084,-0.0023,-0.0031,0.0009,0.0,,
2022-01-21,-0.009717,22568319.0,,,,,,,,-0.0209,0.0039,0.0047,0.0103,0.0054,0.0,,
2022-01-24,-0.00789,19532372.0,,,,,,,,0.0053,0.0175,-0.0025,-0.0006,-0.0067,0.0,,
2022-01-25,0.009788,16060654.0,,,,,,,,-0.0142,-0.0018,0.028,-0.0079,0.0162,0.0,,
2022-01-26,0.01141,13344441.0,,,,,,,,-0.0029,-0.0106,0.001,0.0042,-0.0002,0.0,,
2022-01-27,0.009783,17846700.0,,,,,,,,-0.0076,-0.0146,0.0083,0.0105,0.0092,0.0,,
2022-01-28,0.013347,14044754.0,,,,,,,,0.0246,-0.0062,-0.0208,0.0016,0.0016,0.0,,
2022-01-31,0.007269,8467016.0,,,,,,,,0.0232,0.007,-0.0287,-0.0182,-0.0167,0.0,,
2022-02-01,0.013751,7885683.0,,,,,,,,0.0087,0.0012,0.0065,-0.011,0.0033,0.0,,
2022-02-02,-0.000289,9596278.0,,,,,,,,0.0051,-0.0158,0.007,0.015,0.005,0.0,,
2022-02-03,-0.015685,5986480.0,,,,,,,,-0.0248,0.0046,0.0219,0.0043,0.0136,0.0,,
2022-02-04,0.017793,7881822.0,,,,,,,,0.0089,-0.003,-0.006,-0.0173,-0.012,0.0,,
2022-02-07,0.010278,9129014.0,,,,,,,,-0.0024,0.0067,0.002,-0.007,-0.0001,0.0,,
2022-02-08,0.011124,9248978.0,,,,,,,,0.0102,0.0073,-0.0029,0.0093,-0.0042,0.0,,
2022-02-09,0.022379,11054286.0,,,,,,,,0.016,0.0002,-0.0196,-0.011,-0.0026,0.0,,
2022-02-10,-0.010669,8116211.0,,,,,,,,-0.0169,0.0002,0.0123,-0.0056,0.0027,0.0,,
2022-02-11,-0.027889,9755922.0,,,,,,,,-0.0191,0.0092,0.0213,-0.002,0.0143,0.0,,
2022-02-14,-0.019126,11110339.0,,,,,,,,-0.0035,0.0008,-0.0062,0.0069,-0.0018,0.0,,
2022-02-15,0.008385,6716339.0,,,,,,,,0.0185,0.0102,-0.014,-0.0068,-0.0081,0.0,,
2022-02-16,-0.022044,10190706.0,,,,,,,,-0.0002,0.0004,0.0032,0.0061,0.0042,0.0,,
2022-02-17,-0.049432,15620308.0,,,,,,,,-0.0229,-0.0005,0.0115,0.0088,0.0147,0.0,,
2022-02-18,-0.007592,16321810.0,,,,,,,,-0.0085,0.0012,0.0095,0.0107,0.0044,0.0,,
2022-02-22,-0.007022,9143683.0,,,,,,,,-0.0117,-0.0036,0.0009,-0.0004,0.0016,0.0,,
2022-02-23,-0.012665,8722241.0,,,,,,,,-0.0195,0.0006,0.0125,0.0002,0.0107,0.0,,
2022-02-24,-0.0186,18517989.0,,,,,,,,0.0187,0.0069,-0.0388,-0.0179,-0.018,0.0,,
2022-02-25,0.029844,9717430.0,,,,,,,,0.0224,-0.0014,0.0119,0.0036,-0.0019,0.0,,
2022-02-28,-0.040296,17955120.0,,,,,,,,0.0003,0.0039,-0.0046,-0.008,0.0025,0.0,,
2022-03-01,-0.034274,18341815.0,,,,,,,,-0.0155,-0.0028,-0.0085,-0.0041,0.0053,0.0,,
2022-03-02,0.008559,18007474.0,,,,,,,,0.0182,0.0063,0.013,0.0052,0.0047,0.0,,
2022-03-03,-0.006789,12197080.0,,,,,,,,-0.0086,-0.0022,0.0151,0.0125,0.0125,0.0,,
2022-03-04,-0.016177,11961702.0,,,,,,,,-0.0109,-0.0052,0.0072,0.0037,0.0123,0.0,,
2022-03-07,-0.033696,12680868.0,,,,,,,,-0.0314,0.0073,0.0089,-0.0069,0.0135,0.0,,
2022-03-08,-0.001678,11641190.0,,,,,,,,-0.0053,0.01,0.003,-0.0112,-0.0024,0.0,,
2022-03-09,0.049094,12994623.0,,,,,,,,0.0279,0.0001,-0.0217,-0.0041,-0.0158,0.0,,
2022-03-10,-0.01762,11351592.0,,,,,,,,-0.0047,0.003,0.0118,-0.0032,0.0034,0.0,,
2022-03-11,-0.00792,8568086.0,,,,,,,,-0.0148,-0.0012,0.0176,0.0097,0.0064,0.0,,
2022-03-14,-0.0054,8280724.0,,,,,,,,-0.0104,-0.0084,0.0179,0.0219,0.001,0.0,,
2022-03-15,0.019004,8672396.0,,,,,,,,0.0215,-0.0049,-0.0237,0.0077,-0.0099,0.0,,
2022-03-16,0.062898,17635945.0,,,,,,,,0.026,0.0044,-0.0185,-0.0116,-0.0158,0.0,,
2022-03-17,0.022886,15156783.0,,,,,,,,0.0142,0.0016,-0.0106,-0.0161,-0.002,0.0,,
2022-03-18,0.010228,16325423.0,,,,,,,,0.0132,-0.0019,-0.0187,-0.0055,-0.0084,0.0,,
2022-03-21,-0.023307,8568682.0,,,,,,,,-0.0017,-0.0094,0.0164,-0.0019,0.0155,0.0,,
2022-03-22,0.017385,7565108.0,,,,,,,,0.013,-0.0022,-0.0119,-0.0082,-0.0103,0.0,,
2022-03-23,-0.019529,7465355.0,,,,,,,,-0.0125,-0.0062,0.004,-0.0051,0.0152,0.0,,
2022-03-24,-0.002706,6488269.0,,,,,,,,0.0142,-0.0032,-0.0082,-0.0048,-0.0013,0.0,,
2022-03-25,0.002714,6594357.0,,,,,,,,0.0028,-0.003,0.0219,0.002,0.0137,0.0,,
2022-03-28,-0.012016,8680764.0,,,,,,,,0.0073,-0.0087,-0.0172,0.005,-0.0124,0.0,,
2022-03-29,0.006245,7431647.0,,,,,,,,0.0143,0.0119,-0.0192,-0.0032,-0.0099,0.0,,
2022-03-30,-0.017095,7289845.0,,,,,,,,-0.0082,-0.0112,0.004,0.0037,0.0092,0.0,,
2022-03-31,-0.031794,8422650.0,,,,,,,,-0.0154,0.0062,-0.0045,-0.0022,0.004,0.0,,
2022-04-01,-0.004691,8192288.0,,,,,,,,0.0039,0.0058,-0.0061,-0.0092,0.0005,0.0,,
2022-04-04,0.003334,8100797.0,,,,,,,,0.0093,-0.0055,-0.0186,-0.0077,-0.007,0.0,,
2022-04-05,-0.022915,11587382.0,,,,,,,,-0.0153,-0.0072,0.0082,0.0069,0.0015,0.0,,
2022-04-06,-0.025211,10493228.0,,,,,,,,-0.0123,-0.003,0.0108,0.0023,0.0088,0.0,,
2022-04-07,0.0,11902941.0,,,,,,,,0.0034,-0.0061,-0.0012,0.0037,0.003,0.0,,
2022-04-08,0.011187,6937505.0,,,,,,,,-0.0038,-0.0053,0.0227,0.0037,0.0104,0.0,,
2022-04-11,-0.000476,8290424.0,,,,,,,,-0.0154,0.0062,0.0105,0.0046,0.001,0.0,,
2022-04-12,-0.001071,8057326.0,,,,,,,,-0.0029,0.0056,0.0047,-0.0024,0.0107,0.0,,
2022-04-13,0.002383,8760293.0,,,,,,,,0.0139,0.0061,-0.0071,-0.01,0.0,0.0,,
2022-04-14,0.007488,16348369.0,,,,,,,,-0.0128,0.0032,0.0143,0.0017,0.0098,0.0,,
2022-04-18,0.020293,7897480.0,,,,,,,,-0.0019,-0.0057,0.018,0.0077,0.0067,0.0,,
2022-04-19,0.028099,12637702.0,,,,,,,,0.0176,0.004,-0.0097,0.0054,-0.0126,0.0,,
2022-04-20,0.019121,11828412.0,,,,,,,,-0.0027,0.005,0.0126,0.0077,0.0118,0.0,,
2022-04-21,-0.018762,9563929.0,,,,,,,,-0.0173,-0.0056,0.0041,0.0179,0.0044,0.0,,
2022-04-22,-0.046901,11455370.0,,,,,,,,-0.0274,0.0026,-0.0018,-0.0015,-0.0021,0.0,,
2022-04-25,0.003658,11577557.0,,,,,,,,0.007,0.0012,-0.0186,0.0011,-0.0111,0.0,,
2022-04-26,-0.031511,10061965.0,,,,,,,,-0.0299,-0.0036,0.018,0.0024,0.0125,0.0,,
2022-04-27,-0.001942,9522873.0,,,,,,,,0.0013,-0.0056,0.0034,0.0014,0.008,0.0,,
2022-04-28,0.02299,6980356.0,,,,,,,,0.0245,-0.0052,-0.0042,0.0048,0.0005,0.0,,
2022-04-29,-0.033693,8097283.0,,,,,,,,-0.0354,0.0088,0.0061,-0.0024,0.0068,0.0,,
2022-05-02,0.017,8737102.0,,,,,,,,0.008,0.0038,-0.0116,-0.0063,-0.0135,0.0,,
2022-05-03,0.02184,9430529.0,,,,,,,,0.0041,0.0016,0.0165,0.0001,0.0119,0.0,,
2022-05-04,0.041433,10494975.0,,,,,,,,0.0301,-0.0047,0.0024,0.0002,0.0007,0.0,,
2022-05-05,-0.026141,8556545.0,,,,,,,,-0.038,-0.0023,0.0237,0.0059,0.0122,0.0,,
2022-05-06,-0.008359,7333639.0,,,,,,,,-0.0085,-0.0101,0.0184,0.0098,0.0139,0.0,,
2022-05-09,-0.036567,11160965.0,,,,,,,,-0.0352,-0.0005,0.0133,0.0425,-0.002,0.0,,
2022-05-10,-0.010967,9260978.0,,,,,,,,0.0022,-0.0049,-0.0122,-0.0068,0.0028,0.0,,
2022-05-11,-0.01707,8060043.0,,,,,,,,-0.0193,-0.0061,0.0261,0.0062,0.0102,0.0,,
2022-05-12,-0.003803,10315643.0,,,,,,,,0.0015,0.012,-0.0123,-0.0034,-0.0112,0.0,,
2022-05-13,0.024812,7948037.0,,,,,,,,0.0274,0.0037,-0.0218,-0.0213,-0.0075,0.0,,
2022-05-16,-0.007946,5703594.0,,,,,,,,-0.0059,0.0009,0.0131,0.0019,0.0131,0.0,,
2022-05-17,0.037922,6507098.0,,,,,,,,0.0213,0.0094,-0.0005,-0.0068,-0.0031,0.0,,
2022-05-18,-0.027011,5949359.0,,,,,,,,-0.0406,0.0046,0.0154,-0.0059,0.004,0.0,,
2022-05-19,-0.009047,7852845.0,,,,,,,,-0.0034,0.004,-0.008,-0.0121,-0.0091,0.0,,
2022-05-20,-0.007379,8705000.0,,,,,,,,-0.0005,-0.0013,-0.0019,-0.001,0.0019,0.0,,
2022-05-23,0.037042,7787663.0,,,,,,,,0.0175,-0.0092,0.0131,-0.0005,0.0097,0.0,,
2022-05-24,-0.004252,6225663.0,,,,,,,,-0.0121,-0.0046,0.0183,0.0139,0.0125,0.0,,
2022-05-25,0.003294,6747839.0,,,,,,,,0.0121,0.0074,0.002,-0.0051,-0.0003,0.0,,
2022-05-26,0.033686,8573381.0,,,,,,,,0.0218,0.0001,-0.0061,-0.0014,-0.0034,0.0,,
2022-05-27,0.017059,6300228.0,,,,,,,,0.0258,0.0003,-0.0128,-0.0065,-0.0028,0.0,,
2022-05-31,-0.003586,10780947.0,,,,,,,,-0.0071,-0.0039,0.0046,0.008,-0.0021,0.0,,
2022-06-01,-0.013234,6543886.0,,,,,,,,-0.0074,0.0023,0.008,-0.002,0.0103,0.0,,
2022-06-02,0.002353,7468726.0,,,,,,,,0.0208,0.004,-0.0208,-0.0042,-0.0153,0.0,,
2022-06-03,-0.012676,5277061.0,,,,,,,,-0.0163,0.0103,0.0055,-0.0081,0.0046,0.0,,
2022-06-06,0.008916,4022419.0,,,,,,,,0.0033,0.0004,0.0066,0.0047,0.0017,0.0,,
2022-06-07,0.00542,4514327.0,,,,,,,,0.01,0.002,-0.0015,-0.0157,0.0065,0.0,,
2022-06-08,-0.024962,6787192.0,,,,,,,,-0.0102,-0.0027,-0.0052,-0.007,-0.0025,0.0,,
2022-06-09,-0.024519,6956623.0,,,,,,,,-0.0243,0.0046,0.0026,0.0085,0.0021,0.0,,
2022-06-10,-0.046328,9673503.0,,,,,,,,-0.03,0.0027,0.0066,0.0029,0.0055,0.0,,
2022-06-13,-0.028682,10446424.0,,,,,,,,-0.0412,-0.0046,0.006,0.0169,-0.0031,0.0,,
2022-06-14,-0.002926,7400304.0,,,,,,,,-0.0026,0.0011,0.0011,0.0011,0.0005,0.0,,
2022-06-15,0.014141,9273318.0,,,,,,,,0.0155,-0.0003,-0.0167,-0.0019,-0.0115,0.0,,
2022-06-16,-0.02723,11068409.0,,,,,,,,-0.0352,-0.0109,0.0,0.0059,-0.0062,0.0,,
2022-06-17,-0.014199,17285936.0,,,,,,,,0.0045,0.0073,-0.0268,0.0037,-0.0203,0.0,,
2022-06-21,0.023731,8064023.0,,,,,,,,0.0238,-0.0083,0.0024,-0.0093,0.0,0.0,,
2022-06-22,-0.003082,6322669.0,,,,,,,,-0.0019,0.0004,-0.0182,0.0062,-0.0159,0.0,,
2022-06-23,-0.00578,7958010.0,,,,,,,,0.0112,0.0031,-0.0389,0.005,-0.0193,0.0,,
2022-06-24,0.052048,10795421.0,,,,,,,,0.0313,-0.0042,-0.0001,0.0011,-0.0037,0.0,,
2022-06-27,-0.004883,5937556.0,,,,,,,,-0.0027,0.0077,0.0125,-0.0033,0.0127,0.0,,
2022-06-28,0.009298,10282259.0,,,,,,,,-0.0209,0.0004,0.024,-0.0069,0.0133,0.0,,
2022-06-29,0.000384,8534893.0,,,,,,,,-0.0019,-0.0058,-0.0133,0.0108,-0.0087,0.0,,
2022-06-30,-0.027241,10182430.0,,,,,,,,-0.0096,0.0051,-0.0014,0.009,-0.0015,0.0,,
2022-07-01,0.009072,6017522.0,,,,,,,,0.0115,-0.0004,0.0012,-0.008,-0.0009,0.0,,
2022-07-05,-0.008339,8711032.0,,,,,,,,0.0048,0.0112,-0.0334,-0.0185,-0.0226,0.0,,
2022-07-06,-0.008672,6895886.0,,,,,,,,0.0017,-0.0087,-0.0076,0.0004,-0.0035,0.0,,
2022-07-07,0.020411,6258297.0,,,,,,,,0.0176,0.0087,-0.0095,-0.008,-0.014,0.0,,
2022-07-08,-0.003377,5890522.0,,,,,,,,-0.0007,0.0008,-0.0008,-0.0026,-0.0022,0.0,,
2022-07-11,-0.01186,4924469.0,,,,,,,,-0.0138,-0.0099,0.0161,0.017,0.014,0.0,,
2022-07-12,0.001583,6558447.0,,,,,,,,-0.0089,0.0088,0.0052,0.0015,0.0092,0.0,,
2022-07-13,-0.012642,7780061.0,,,,,,,,-0.0039,0.0042,-0.0041,0.0003,-0.0033,0.0,,
2022-07-14,-0.003868,13296228.0,,,,,,,,-0.0041,-0.0045,-0.0101,0.0076,-0.0001,0.0,,
2022-07-15,0.044986,11663864.0,,,,,,,,0.0196,0.0003,0.005,-0.0017,-0.0031,0.0,,
2022-07-18,0.010378,11596836.0,,,,,,,,-0.0071,0.0035,0.0101,0.0021,-0.0018,0.0,,
2022-07-19,0.035379,9952045.0,,,,,,,,0.0281,0.0082,-0.0054,-0.0022,-0.0066,0.0,,
2022-07-20,0.00196,7653396.0,,,,,,,,0.0089,0.0108,-0.0132,-0.0147,-0.0159,0.0,,
2022-07-21,0.01479,9053392.0,,,,,,,,0.0097,-0.0038,-0.0161,-0.0026,-0.01,0.0,,
2022-07-22,-0.007107,6563992.0,,,,,,,,-0.0118,-0.0085,0.0139,0.0177,0.0152,0.0,,
2022-07-25,0.001456,6208152.0,,,,,,,,0.0012,0.001,0.0165,0.0065,0.0054,0.0,,
2022-07-26,-0.02132,7121649.0,,,,,,,,-0.0132,0.0037,0.0107,0.0065,0.0123,0.0,,
2022-07-27,0.02129,7564109.0,,,,,,,,0.0272,0.0015,-0.0127,-0.0019,-0.015,0.0,,
2022-07-28,0.014726,6324785.0,,,,,,,,0.0119,-0.0003,-0.0091,0.0014,-0.0096,0.0,,
2022-07-29,0.016275,8597690.0,,,,,,,,0.0145,-0.0091,0.0045,0.0049,-0.0123,0.0,,
2022-08-01,-0.002491,5439166.0,,,,,,,,-0.002,0.0017,-0.0024,0.0022,0.0036,0.0001,,
2022-08-02,-0.00666,7684712.0,,,,,,,,-0.005,0.0056,-0.0141,-0.0223,-0.0052,0.0001,,
2022-08-03,0.018197,7043623.0,,,,,,,,0.0167,0.0027,-0.0195,-0.0154,-0.0085,0.0001,,
2022-08-04,0.003645,5722620.0,,,,,,,,-0.0005,0.0041,-0.0165,-0.0131,-0.0094,0.0001,,
2022-08-05,0.009021,6219303.0,,,,,,,,-0.0004,0.0095,-0.0005,-0.0127,-0.0021,0.0001,,
2022-08-08,-0.001161,5720475.0,,,,,,,,0.0,0.0096,-0.0009,-0.0054,0.0022,0.0001,,
2022-08-09,0.003836,4920107.0,,,,,,,,-0.0067,-0.0135,0.021,0.0086,0.0129,0.0001,,
2022-08-10,0.029296,7271725.0,,,,,,,,0.0235,0.0075,-0.0162,-0.0137,-0.0145,0.0001,,
2022-08-11,0.014737,8808132.0,,,,,,,,-0.0007,0.002,0.0167,0.0078,0.01,0.0001,,
2022-08-12,0.016186,6258966.0,,,,,,,,0.0176,0.005,-0.0079,-0.0064,-0.0059,0.0001,,
2022-08-15,0.003928,7348939.0,,,,,,,,0.0038,-0.0002,-0.0061,-0.0019,-0.0005,0.0001,,
2022-08-16,-0.002173,5953823.0,,,,,,,,0.0019,-0.0014,0.007,0.0104,0.0052,0.0001,,
2022-08-17,-0.005119,5498971.0,,,,,,,,-0.0092,-0.0092,0.0104,0.0127,0.0071,0.0001,,
2022-08-18,0.00416,4664874.0,,,,,,,,0.0027,0.0035,0.0045,0.008,0.0004,0.0001,,
2022-08-19,-0.018751,6264062.0,,,,,,,,-0.0149,-0.0093,0.0098,0.0103,0.0135,0.0001,,
2022-08-22,-0.01722,6452845.0,,,,,,,,-0.0213,-0.0005,0.0034,0.0015,0.0021,0.0001,,
2022-08-23,-0.001809,7487663.0,,,,,,,,-0.0011,0.0012,0.0031,-0.0036,-0.0025,0.0001,,
2022-08-24,0.003398,5262547.0,,,,,,,,0.0039,0.0052,-0.0062,-0.0145,-0.0056,0.0001,,
2022-08-25,0.014786,4943314.0,,,,,,,,0.0145,0.0012,-0.0001,0.0018,-0.0039,0.0001,,
2022-08-26,-0.034479,7911516.0,,,,,,,,-0.0337,-0.0027,0.0166,0.0016,0.0089,0.0001,,
2022-08-29,-0.016818,7505328.0,,,,,,,,-0.0071,-0.0039,0.0044,0.0026,0.0044,0.0001,,
2022-08-30,-0.010779,8849365.0,,,,,,,,-0.0111,-0.0039,-0.0022,-0.0025,0.0012,0.0001,,
2022-08-31,0.009357,9223063.0,,,,,,,,-0.0075,0.0024,-0.0046,-0.0066,-0.0018,0.0001,,
2022-09-01,0.011148,7830778.0,,,,,,,,0.0,-0.0104,-0.0028,0.0056,0.0055,0.0001,,
2022-09-02,0.002669,9974419.0,,,,,,,,-0.0099,0.001,0.0103,-0.0005,0.0026,0.0001,,
2022-09-06,-0.014699,10689479.0,,,,,,,,-0.0051,-0.0054,-0.0054,-0.002,-0.0069,0.0001,,
2022-09-07,0.020322,7592809.0,,,,,,,,0.0192,0.0041,-0.0153,-0.0135,-0.0054,0.0001,,
2022-09-08,0.01819,8446714.0,,,,,,,,0.0078,-0.0015,-0.0018,-0.0122,-0.0106,0.0001,,
2022-09-09,0.011533,5976902.0,,,,,,,,0.0167,0.0037,-0.0051,-0.0014,-0.0052,0.0001,,
2022-09-12,0.007713,8030811.0,,,,,,,,0.0107,0.0025,-0.0017,-0.0012,-0.0015,0.0001,,
2022-09-13,-0.034387,7890747.0,,,,,,,,-0.0429,0.0006,0.0141,-0.0037,0.01,0.0001,,
2022-09-14,0.001493,8341124.0,,,,,,,,0.0044,-0.0018,-0.0032,-0.0077,-0.0052,0.0001,,
2022-09-15,0.012388,8883138.0,,,,,,,,-0.0104,0.0039,0.0061,-0.0032,0.0025,0.0001,,
2022-09-16,-0.009404,20989113.0,,,,,,,,-0.0098,-0.0075,0.0086,0.0171,0.0095,0.0001,,
2022-09-19,0.014755,6011730.0,,,,,,,,0.0072,-0.0009,0.0068,0.0063,-0.0006,0.0001,,
2022-09-20,-0.017245,8092250.0,,,,,,,,-0.0115,-0.0029,0.0003,-0.0012,0.0033,0.0001,,
2022-09-21,-0.009519,9707839.0,,,,,,,,-0.0168,0.0035,0.0006,0.0038,0.0012,0.0001,,
2022-09-22,-0.018411,8376332.0,,,,,,,,-0.0114,-0.0113,0.0044,0.0114,0.0102,0.0001,,
2022-09-23,-0.038457,9990495.0,,,,,,,,-0.0185,-0.0045,-0.008,0.0019,-0.0018,0.0001,,
2022-09-26,-0.02147,8495988.0,,,,,,,,-0.0102,-0.0004,-0.0075,0.0016,-0.0044,0.0001,,
2022-09-27,-0.003511,6855357.0,,,,,,,,-0.0004,0.0058,-0.0097,-0.0065,-0.0092,0.0001,,
2022-09-28,0.025038,6693458.0,,,,,,,,0.0214,0.009,-0.0036,-0.0087,-0.0082,0.0001,,
2022-09-29,-0.019762,5892714.0,,,,,,,,-0.0216,-0.0029,0.0092,0.0043,0.0055,0.0001,,
2022-09-30,-0.010644,8090918.0,,,,,,,,-0.0143,0.0057,0.0027,-0.0066,-0.0012,0.0001,,
2022-10-03,0.01734,8169239.0,,,,,,,,0.0256,0.0,0.007,0.0089,0.0043,0.0001,,
2022-10-04,0.044663,7875000.0,,,,,,,,0.0329,0.0074,-0.0009,-0.0097,-0.0039,0.0001,,
2022-10-05,-0.010242,5956520.0,,,,,,,,-0.0021,-0.0037,0.0004,0.0034,0.0014,0.0001,,
2022-10-06,-0.021658,6434811.0,,,,,,,,-0.0085,0.0045,0.0012,-0.0013,-0.0051,0.0001,,
2022-10-07,-0.029271,7180940.0,,,,,,,,-0.029,-0.0022,0.0168,0.0093,0.0157,0.0001,,
2022-10-10,-0.006588,5418033.0,,,,,,,,-0.008,0.0024,0.0076,0.0154,0.0044,0.0001,,
2022-10-11,-0.017982,6271255.0,,,,,,,,-0.007,0.0062,0.0033,0.0057,0.0061,0.0001,,
2022-10-12,-0.005195,6411627.0,,,,,,,,-0.0027,0.0002,0.0004,0.0001,0.0003,0.0001,,
2022-10-13,0.035509,11811472.0,,,,,,,,0.0241,-0.0024,0.0157,0.0065,0.0093,0.0001,,
2022-10-14,-0.050681,13663675.0,,,,,,,,-0.0245,-0.0018,0.0123,0.0055,0.0173,0.0001,,
2022-10-17,0.024436,11412355.0,,,,,,,,0.0274,0.0035,-0.0141,-0.0097,-0.0129,0.0001,,
2022-10-18,0.029816,9767807.0,,,,,,,,0.0118,-0.0013,-0.0002,-0.0041,0.0002,0.0001,,
2022-10-19,-0.022659,7429611.0,,,,,,,,-0.0087,-0.0118,0.0119,0.0071,0.0081,0.0001,,
2022-10-20,-0.013395,7638235.0,,,,,,,,-0.008,-0.0032,-0.0045,-0.0061,0.0013,0.0001,,
2022-10-21,0.034204,8148977.0,,,,,,,,0.023,-0.0007,0.0009,0.0068,-0.003,0.0001,,
2022-10-24,0.002651,8143314.0,,,,,,,,0.0104,-0.0061,0.0047,0.0114,0.0054,0.0001,,
2022-10-25,0.013597,8173623.0,,,,,,,,0.0178,0.0101,-0.0153,-0.0122,-0.0134,0.0001,,
2022-10-26,0.004968,7733582.0,,,,,,,,-0.0066,0.007,0.0089,-0.0072,0.0069,0.0001,,
2022-10-27,-0.002719,6466355.0,,,,,,,,-0.0054,0.0044,0.0108,-0.003,0.0047,0.0001,,
2022-10-28,0.028566,7816061.0,,,,,,,,0.0233,0.0009,-0.0034,0.0039,0.0066,0.0001,,
2022-10-31,-0.000608,9087417.0,,,,,,,,-0.0068,0.0046,0.0073,-0.0022,0.0044,0.0001,,
2022-11-01,0.018863,8195594.0,,,,,,,,-0.0035,0.0045,0.008,0.0001,0.0053,0.0001,,
2022-11-02,0.007764,10908368.0,,,,,,,,-0.0267,-0.0084,0.016,0.0031,0.0116,0.0001,,
2022-11-03,-0.008889,6447213.0,,,,,,,,-0.0103,0.0039,0.0028,-0.0004,0.0004,0.0001,,
2022-11-04,0.014709,6929939.0,,,,,,,,0.0116,-0.0025,0.0128,0.0233,0.0065,0.0001,,
2022-11-07,0.008486,4599606.0,,,,,,,,0.0087,-0.0033,0.006,0.011,0.0101,0.0001,,
2022-11-08,-0.003389,4850471.0,,,,,,,,0.0051,-0.0053,-0.004,-0.0016,0.0005,0.0001,,
2022-11-09,-0.021459,5200773.0,,,,,,,,-0.0224,-0.0049,0.0055,0.0096,0.0123,0.0001,,
2022-11-10,0.06411,10013851.0,,,,,,,,0.0568,0.0096,-0.0309,-0.0064,-0.0292,0.0001,,
2022-11-11,0.022297,9119091.0,,,,,,,,0.0106,0.0014,-0.0105,-0.009,-0.0122,0.0001,,
2022-11-14,-0.010685,4873524.0,,,,,,,,-0.0095,-0.0023,0.0035,0.0057,0.0054,0.0001,,
2022-11-15,0.007683,7336133.0,,,,,,,,0.0103,0.0043,-0.0073,-0.0049,-0.0054,0.0001,,
2022-11-16,-0.007514,4368584.0,,,,,,,,-0.0102,-0.0107,0.0058,0.0116,0.0095,0.0001,,
2022-11-17,-0.009686,4967646.0,,,,,,,,-0.0042,-0.0027,0.0056,0.0136,0.0081,0.0001,,
2022-11-18,0.002811,5450715.0,,,,,,,,0.004,-0.0009,0.0011,0.0038,0.0071,0.0001,,
2022-11-21,-0.001345,4667333.0,,,,,,,,-0.0052,-0.002,0.0099,0.005,0.0114,0.0001,,
2022-11-22,0.006623,3804207.0,,,,,,,,0.0136,-0.0038,0.0044,0.0078,-0.0023,0.0001,,
2022-11-23,0.0029,4961375.0,,,,,,,,0.0063,-0.0025,-0.0093,-0.0073,-0.0062,0.0001,,
2022-11-25,0.010897,2450129.0,,,,,,,,-0.0003,0.0028,0.0043,-0.0017,0.0012,0.0001,,
2022-11-28,-0.01122,6147890.0,,,,,,,,-0.0155,-0.0048,-0.0019,0.0026,0.0029,0.0001,,
2022-11-29,0.013238,5307067.0,,,,,,,,-0.0018,0.0035,0.0104,0.0021,0.005,0.0001,,
2022-11-30,0.021849,10520622.0,,,,,,,,0.0312,-0.0015,-0.0208,-0.0077,-0.0147,0.0001,,
2022-12-01,-0.000752,7310493.0,,,,,,,,-0.0002,0.0004,-0.0069,-0.0034,-0.0036,0.0002,,
2022-12-02,-0.009677,5198046.0,,,,,,,,-0.0008,0.0084,-0.0056,-0.0041,0.0026,0.0002,,
2022-12-05,-0.024864,8272542.0,,,,,,,,-0.0202,-0.0053,-0.0054,0.0087,0.011,0.0002,,
2022-12-06,-0.02561,10424660.0,,,,,,,,-0.0151,-0.0003,0.0114,0.0086,0.0077,0.0002,,
2022-12-07,-0.002628,7066928.0,,,,,,,,-0.0024,-0.0018,-0.0032,0.0009,-0.0016,0.0002,,
2022-12-08,0.016155,6141438.0,,,,,,,,0.0076,-0.001,-0.012,-0.0056,-0.0063,0.0002,,
2022-12-09,0.008795,6488330.0,,,,,,,,-0.008,-0.0053,0.0034,0.0019,0.0013,0.0002,,
2022-12-12,0.018442,7496298.0,,,,,,,,0.0141,-0.0027,-0.0016,-0.0023,-0.0013,0.0002,,
2022-12-13,0.01745,10330522.0,,,,,,,,0.0066,0.0006,-0.0077,-0.0027,-0.0054,0.0002,,
2022-12-14,-0.023838,7704625.0,,,,,,,,-0.0056,0.0003,-0.0045,-0.0019,-0.0007,0.0002,,
2022-12-15,-0.029945,8795656.0,,,,,,,,-0.0257,-0.0013,0.0139,0.0025,0.0042,0.0002,,
2022-12-16,-0.010594,17262199.0,,,,,,,,-0.0102,0.0054,0.0017,-0.0008,0.0046,0.0002,,
2022-12-19,-0.015082,5129600.0,,,,,,,,-0.01,-0.006,0.0125,0.0073,0.012,0.0002,,
2022-12-20,-0.004559,5206789.0,,,,,,,,0.0013,0.0025,0.0025,-0.0047,0.0048,0.0002,,
2022-12-21,0.02008,5422645.0,,,,,,,,0.0153,0.0014,-0.0012,0.0039,-0.0028,0.0002,,
2022-12-22,-0.005756,5635293.0,,,,,,,,-0.0152,0.0022,0.0038,-0.0013,0.0089,0.0002,,
2022-12-23,-0.00301,3316076.0,,,,,,,,0.0052,-0.0035,0.0116,0.0086,0.0053,0.0002,,
2022-12-27,-0.012194,7064695.0,,,,,,,,-0.005,-0.0042,0.0142,0.0115,0.0135,0.0002,,
2022-12-28,-0.007054,3714932.0,,,,,,,,-0.0124,-0.003,-0.0028,-0.0093,-0.0008,0.0002,,
2022-12-29,0.009235,3461779.0,,,,,,,,0.0187,0.0102,-0.0106,-0.0103,-0.009,0.0002,,
2022-12-30,-0.002581,4455649.0,,,,,,,,-0.0022,0.0014,-0.0004,-0.0054,-0.0002,0.0002,,
2023-01-03,0.008233,5108896.0,,,,,,,,-0.0047,0.0008,-0.001,0.0027,0.0053,0.0002,,
2023-01-04,0.010849,7726771.0,,,,,,,,0.0081,0.0056,0.0005,-0.0069,0.0,0.0002,,
2023-01-05,-0.008425,5339886.0,,,,,,,,-0.0114,0.0017,0.012,0.0081,0.009,0.0002,,
2023-01-06,0.019088,5710882.0,,,,,,,,0.0221,-0.0001,0.0003,0.0082,0.0018,0.0002,,
2023-01-09,0.000914,5039731.0,,,,,,,,0.0003,0.0033,-0.0123,-0.0065,-0.0116,0.0002,,
2023-01-10,0.014605,4536581.0,,,,,,,,0.0079,0.0087,-0.0056,-0.004,-0.005,0.0002,,
2023-01-11,0.005735,6122565.0,,,,,,,,0.0125,0.0001,-0.0083,-0.0019,-0.0107,0.0002,,
2023-01-12,0.0123,7895610.0,,,,,,,,0.0045,0.014,-0.0027,-0.011,-0.0051,0.0002,,
2023-01-13,0.012482,8414580.0,,,,,,,,0.0046,0.0024,-0.003,-0.0014,-0.0029,0.0002,,
2023-01-17,0.059132,27914269.0,,,,,,,,-0.0018,-0.0001,-0.0055,-0.0061,-0.0043,0.0002,,
2023-01-18,-0.00515,14134783.0,,,,,,,,-0.0155,0.0002,-0.0071,0.0027,0.0002,0.0002,,
2023-01-19,-0.025161,13457057.0,,,,,,,,-0.0086,-0.001,0.0084,0.0053,0.007,0.0002,,
2023-01-20,0.022199,10785021.0,,,,,,,,0.0194,-0.0004,-0.0068,-0.0017,-0.008,0.0002,,
2023-01-23,0.009248,8735303.0,,,,,,,,0.0128,-0.0004,-0.0099,-0.0041,-0.0104,0.0002,,
2023-01-24,-0.016679,4801638.0,,,,,,,,-0.0016,-0.0016,0.0018,-0.0019,0.0038,0.0002,,
2023-01-25,0.001361,5890824.0,,,,,,,,0.0,0.0013,0.0069,0.0006,0.0021,0.0002,,
2023-01-26,0.008992,6085149.0,,,,,,,,0.0108,-0.0064,0.0001,-0.002,-0.0047,0.0002,,
2023-01-27,0.003731,7990773.0,,,,,,,,0.0034,0.0033,-0.0113,-0.006,-0.0129,0.0002,,
2023-01-30,-0.001291,5870122.0,,,,,,,,-0.0138,0.0003,0.0074,0.0035,0.0093,0.0002,,
2023-01-31,0.014277,7182140.0,,,,,,,,0.0158,0.0093,-0.0006,-0.001,-0.0055,0.0002,,
2023-02-01,0.008836,9815157.0,,,,,,,,0.0119,0.0063,-0.0165,-0.0012,-0.0114,0.0002,,
2023-02-02,0.010388,11119120.0,,,,,,,,0.0154,0.0115,-0.0207,-0.0024,-0.0176,0.0002,,
2023-02-03,0.002218,6948744.0,,,,,,,,-0.0108,0.004,0.0098,0.0101,0.0105,0.0002,,
2023-02-06,-0.00533,4737920.0,,,,,,,,-0.0073,-0.008,0.0043,-0.0022,0.0045,0.0002,,
2023-02-07,0.003236,5060742.0,,,,,,,,0.0125,-0.005,-0.0004,0.003,-0.0036,0.0002,,
2023-02-08,-0.00262,4705165.0,,,,,,,,-0.0118,-0.0069,0.0071,-0.0029,-0.0004,0.0002,,
2023-02-09,-0.009196,4983759.0,,,,,,,,-0.0094,-0.0061,0.0021,0.0031,0.0038,0.0002,,
2023-02-10,0.003978,5224866.0,,,,,,,,0.0012,-0.003,0.015,0.0054,0.0091,0.0002,,
2023-02-13,0.010057,4910305.0,,,,,,,,0.0114,0.0009,-0.0073,0.0049,-0.0031,0.0002,,
2023-02-14,0.011365,7679595.0,,,,,,,,0.0012,-0.0005,-0.0068,-0.0061,-0.0094,0.0002,,
2023-02-15,0.002685,6464739.0,,,,,,,,0.005,0.0072,-0.0091,-0.0119,-0.0106,0.0002,,
2023-02-16,-0.012496,6051808.0,,,,,,,,-0.0137,0.0022,0.0097,0.0081,0.0092,0.0002,,
2023-02-17,-0.000603,8133018.0,,,,,,,,-0.0028,0.0066,-0.0014,0.0014,0.0056,0.0002,,
2023-02-21,-0.018993,6555987.0,,,,,,,,-0.0216,-0.0113,0.0088,0.0038,0.0083,0.0002,,
2023-02-22,-0.003585,5072435.0,,,,,,,,-0.0004,0.0044,-0.0046,-0.0035,-0.0043,0.0002,,
2023-02-23,0.006888,5916140.0,,,,,,,,0.0047,0.0012,-0.0023,0.002,-0.0049,0.0002,,
2023-02-24,-0.00245,5414234.0,,,,,,,,-0.0108,-0.0024,0.0126,0.0031,0.0042,0.0002,,
2023-02-27,-0.010235,5644988.0,,,,,,,,0.0031,0.0005,-0.003,0.0007,-0.0045,0.0002,,
2023-02-28,-0.002068,6745415.0,,,,,,,,-0.0026,0.0052,-0.0069,-0.0057,-0.0018,0.0002,,
2023-03-01,-0.003212,5429605.0,,,,,,,,-0.0041,0.0039,0.0062,0.0015,0.0073,0.0002,,
2023-03-02,-0.001144,4632427.0,,,,,,,,0.0067,-0.0051,-0.0044,-0.0012,0.0016,0.0002,,
2023-03-03,0.023418,6503978.0,,,,,,,,0.0161,-0.0008,-0.0054,-0.0037,-0.0077,0.0002,,
2023-03-06,0.000508,5215218.0,,,,,,,,-0.0013,-0.0157,-0.0008,0.0031,-0.0012,0.0002,,
2023-03-07,-0.023582,5461447.0,,,,,,,,-0.0145,0.0063,-0.0067,-0.0013,-0.0012,0.0002,,
2023-03-08,-0.001666,4121280.0,,,,,,,,0.0008,0.0007,-0.0039,0.0043,-0.0015,0.0002,,
2023-03-09,-0.038582,9162448.0,,,,,,,,-0.0202,-0.007,-0.0076,0.0106,0.0074,0.0002,,
2023-03-10,-0.023319,16206513.0,,,,,,,,-0.0168,-0.0141,0.0072,0.0108,0.0116,0.0002,,
2023-03-13,-0.022876,15175427.0,,,,,,,,-0.0034,-0.0117,-0.036,-0.0109,-0.0073,0.0002,,
2023-03-14,0.022503,11089331.0,,,,,,,,0.0172,0.0001,-0.0036,-0.0015,-0.0046,0.0002,,
2023-03-15,-0.050906,14813963.0,,,,,,,,-0.0079,-0.005,-0.0184,0.0031,-0.0044,0.0002,,
2023-03-16,0.018972,15346041.0,,,,,,,,0.0176,0.0001,-0.0016,0.0013,-0.0072,0.0002,,
2023-03-17,-0.032525,19935825.0,,,,,,,,-0.0121,-0.0106,-0.0163,0.0027,-0.0024,0.0002,,
2023-03-20,0.017344,8649790.0,,,,,,,,0.0084,-0.0035,0.0078,0.0051,0.0076,0.0002,,
2023-03-21,0.036432,8905571.0,,,,,,,,0.0148,0.0047,0.0073,-0.0026,-0.0121,0.0002,,
2023-03-22,-0.013632,7299329.0,,,,,,,,-0.0174,-0.008,-0.0053,0.0079,0.0023,0.0002,,
2023-03-23,-0.019532,9373008.0,,,,,,,,0.0021,-0.0043,-0.0154,0.0015,-0.0085,0.0002,,
2023-03-24,-0.022018,10980466.0,,,,,,,,0.0046,0.0018,0.0071,0.003,0.0038,0.0002,,
2023-03-27,0.008219,6626883.0,,,,,,,,0.0027,0.005,0.0103,-0.0021,0.0041,0.0002,,
2023-03-28,0.002836,5210115.0,,,,,,,,-0.0017,-0.0003,0.0075,0.0011,0.0047,0.0002,,
2023-03-29,0.016023,4873532.0,,,,,,,,0.0139,-0.0036,-0.0054,-0.0092,-0.0057,0.0002,,
2023-03-30,-0.001507,4113653.0,,,,,,,,0.0051,-0.0062,-0.006,0.0021,-0.0007,0.0002,,
2023-03-31,0.019626,6142357.0,,,,,,,,0.0153,0.0049,-0.0076,-0.0048,-0.0082,0.0002,,
2023-04-03,-0.007289,7728626.0,,,,,,,,0.0028,-0.0017,0.0079,0.0055,0.0071,0.0002,,
2023-04-04,-0.026847,6222831.0,,,,,,,,-0.0072,-0.0113,-0.0072,-0.0005,-0.0001,0.0002,,
2023-04-05,-0.01179,6045396.0,,,,,,,,-0.0039,-0.01,0.014,0.0079,0.0129,0.0002,,
2023-04-06,0.004414,3877838.0,,,,,,,,0.0034,-0.0002,-0.0051,-0.0044,-0.0016,0.0002,,
2023-04-10,-0.002257,6186004.0,,,,,,,,0.002,0.0085,0.0026,-0.0002,-0.0013,0.0002,,
2023-04-11,0.012976,5582071.0,,,,,,,,0.0006,0.0069,0.0055,0.0005,0.0013,0.0002,,
2023-04-12,0.004466,4641952.0,,,,,,,,-0.0051,-0.0043,0.0037,0.0048,0.0044,0.0002,,
2023-04-13,0.002574,5086018.0,,,,,,,,0.0139,0.0015,-0.0119,-0.0026,-0.0075,0.0002,,
2023-04-14,0.011903,7865921.0,,,,,,,,-0.0023,-0.0076,0.002,0.0072,0.0013,0.0002,,
2023-04-17,0.029754,8876929.0,,,,,,,,0.0033,0.0071,-0.002,-0.0129,-0.0033,0.0002,,
2023-04-18,0.006272,10227555.0,,,,,,,,0.0004,-0.004,-0.0031,0.0005,0.0018,0.0002,,
2023-04-19,0.006678,13886156.0,,,,,,,,-0.0004,0.0026,0.0042,0.0001,0.0011,0.0002,,
2023-04-20,-0.000221,6776077.0,,,,,,,,-0.0061,0.0014,-0.0028,0.0073,0.0053,0.0002,,
2023-04-21,0.00763,6530957.0,,,,,,,,0.0008,0.0009,-0.0094,-0.0064,-0.0018,0.0002,,
2023-04-24,-0.010097,5004416.0,,,,,,,,0.0,-0.0027,0.0046,0.0068,0.0032,0.0002,,
2023-04-25,-0.023725,5806698.0,,,,,,,,-0.0176,-0.0082,0.0009,0.0043,0.0096,0.0002,,
2023-04-26,0.004315,6429111.0,,,,,,,,-0.0041,-0.0004,-0.0074,0.0002,-0.0039,0.0002,,
2023-04-27,0.020579,6375752.0,,,,,,,,0.0185,-0.0059,0.0,0.0045,-0.0025,0.0002,,
2023-04-28,0.005373,6374592.0,,,,,,,,0.0078,0.0022,0.0019,0.0012,0.0022,0.0002,,
2023-05-01,-0.022674,7745447.0,,,,,,,,-0.0002,0.0019,-0.0082,-0.0039,0.0024,0.0002,,
2023-05-02,-0.018651,6319059.0,,,,,,,,-0.0127,-0.0074,-0.0146,0.0061,0.0017,0.0002,,
2023-05-03,-0.017847,6546482.0,,,,,,,,-0.0057,0.0088,-0.0103,-0.0093,-0.0041,0.0002,,
2023-05-04,-0.025251,10359176.0,,,,,,,,-0.0078,-0.0052,-0.0104,-0.0061,-0.0032,0.0002,,
2023-05-05,0.027479,8287968.0,,,,,,,,0.0191,0.005,0.0069,0.0026,-0.0072,0.0002,,
2023-05-08,-0.005302,5825326.0,,,,,,,,0.0007,-0.0038,-0.003,-0.0054,-0.0038,0.0002,,
2023-05-09,-0.000711,4381352.0,,,,,,,,-0.0043,0.0011,-0.0002,-0.004,-0.0043,0.0002,,
2023-05-10,-0.007704,4884945.0,,,,,,,,0.0043,0.002,-0.0132,-0.0013,-0.0083,0.0002,,
2023-05-11,-0.01302,6717818.0,,,,,,,,-0.002,-0.0052,-0.0009,0.0084,0.0013,0.0002,,
2023-05-12,-0.002905,5208882.0,,,,,,,,-0.0022,-0.001,0.0034,0.0038,0.0048,0.0002,,
2023-05-15,0.006797,5032104.0,,,,,,,,0.0046,0.008,0.0001,-0.0065,-0.0053,0.0002,,
2023-05-16,-0.01314,6866966.0,,,,,,,,-0.0072,-0.0046,-0.0048,0.0079,-0.0013,0.0002,,
2023-05-17,0.025043,8216745.0,,,,,,,,0.0131,0.0085,0.0122,-0.003,-0.0031,0.0002,,
2023-05-18,0.006912,5367747.0,,,,,,,,0.0099,-0.0023,-0.0038,0.0019,-0.0071,0.0002,,
2023-05-19,-0.02663,11183550.0,,,,,,,,-0.0026,-0.0038,-0.0032,-0.0002,0.0014,0.0002,,
2023-05-22,0.000365,5519979.0,,,,,,,,0.0017,0.0112,-0.002,-0.0126,-0.0094,0.0002,,
2023-05-23,0.004497,5521191.0,,,,,,,,-0.011,0.006,0.0109,0.0018,0.0024,0.0002,,
2023-05-24,-0.017183,6827807.0,,,,,,,,-0.0072,-0.0039,-0.002,-0.0003,-0.0007,0.0002,,
2023-05-25,0.021916,6962803.0,,,,,,,,0.0065,-0.0104,-0.0108,0.0179,-0.0132,0.0002,,
2023-05-26,0.010843,7411581.0,,,,,,,,0.0132,-0.003,-0.0085,-0.0023,-0.0058,0.0002,,
2023-05-30,-0.005721,5876752.0,,,,,,,,-0.0001,-0.0025,-0.0042,-0.0028,-0.0098,0.0002,,
2023-05-31,-0.019899,9559219.0,,,,,,,,-0.006,-0.0026,-0.0116,-0.0111,0.0011,0.0002,,
2023-06-01,0.003792,6857451.0,,,,,,,,0.0102,0.0006,-0.0006,0.0003,-0.0041,0.0002,,
2023-06-02,0.027781,6218489.0,,,,,,,,0.0162,0.0172,0.0166,0.0036,0.0071,0.0002,,
2023-06-05,-0.007232,7322218.0,,,,,,,,-0.0026,-0.0111,-0.0075,-0.0065,-0.0047,0.0002,,
2023-06-06,0.025317,6903876.0,,,,,,,,0.0046,0.0225,0.0135,-0.0019,-0.0046,0.0002,,
2023-06-07,0.007454,7410772.0,,,,,,,,-0.0036,0.0188,0.0228,0.0076,0.0139,0.0002,,
2023-06-08,-0.002197,6796210.0,,,,,,,,0.0059,-0.0078,-0.0116,-0.0015,-0.0055,0.0002,,
2023-06-09,-0.001159,6284031.0,,,,,,,,0.0003,-0.008,-0.0041,0.0009,-0.0022,0.0002,,
2023-06-12,0.014268,7055035.0,,,,,,,,0.0094,-0.0026,-0.0141,-0.0029,-0.0078,0.0002,,
2023-06-13,0.009607,6089183.0,,,,,,,,0.0074,0.0053,0.0006,-0.005,-0.0052,0.0002,,
2023-06-14,-0.003398,5772521.0,,,,,,,,-0.0003,-0.0105,-0.0092,0.0069,-0.0026,0.0002,,
2023-06-15,0.012162,8603207.0,,,,,,,,0.0122,-0.0037,0.0009,0.0011,-0.0003,0.0002,,
2023-06-16,-0.010781,13153082.0,,,,,,,,-0.0045,-0.0051,0.0022,0.0022,0.0041,0.0002,,
2023-06-20,-0.015439,7384929.0,,,,,,,,-0.0048,0.002,-0.0069,-0.0008,-0.0056,0.0002,,
2023-06-21,-0.004497,6343133.0,,,,,,,,-0.0056,0.0029,0.0053,0.006,0.0093,0.0002,,
2023-06-22,-0.021311,6214845.0,,,,,,,,0.0032,-0.0096,-0.0126,0.002,-0.0055,0.0002,,
2023-06-23,-0.010888,10026628.0,,,,,,,,-0.0084,-0.006,0.0007,0.0023,0.001,0.0002,,
2023-06-26,0.00012,6377449.0,,,,,,,,-0.0048,0.0,0.0129,0.0061,0.0081,0.0002,,
2023-06-27,0.010049,6639866.0,,,,,,,,0.0121,0.0032,-0.0051,0.0025,-0.0071,0.0002,,
2023-06-28,-0.005211,4781571.0,,,,,,,,0.0003,0.0048,-0.0043,-0.0064,-0.0044,0.0002,,
2023-06-29,0.014883,9066524.0,,,,,,,,0.0044,0.0076,0.0078,0.006,0.0048,0.0002,,
2023-06-30,0.001877,6191660.0,,,,,,,,0.0114,-0.0072,-0.0078,-0.0005,-0.0033,0.0002,,
2023-07-03,0.011827,5839318.0,,,,,,,,0.0015,0.0027,0.0106,0.0018,0.0011,0.0002,,
2023-07-05,-0.005671,6735040.0,,,,,,,,-0.0029,-0.0106,-0.0026,-0.003,-0.0001,0.0002,,
2023-07-06,-0.030144,8551212.0,,,,,,,,-0.0094,-0.0058,-0.0069,0.0057,0.0005,0.0002,,
2023-07-07,0.00036,8217718.0,,,,,,,,-0.0013,0.013,0.0121,-0.0023,0.0018,0.0002,,
2023-07-10,0.00048,6141199.0,,,,,,,,0.0036,0.0124,-0.0001,-0.0103,0.0054,0.0002,,
2023-07-11,0.018705,11057708.0,,,,,,,,0.0076,0.0018,0.0048,-0.0021,0.0028,0.0002,,
2023-07-12,0.009534,8602310.0,,,,,,,,0.0074,0.0037,0.0046,-0.003,-0.0044,0.0002,,
2023-07-13,0.00513,6026483.0,,,,,,,,0.009,-0.0007,-0.001,-0.0016,-0.0067,0.0002,,
2023-07-14,-0.004988,7732694.0,,,,,,,,-0.0025,-0.0069,-0.0152,0.0043,-0.0055,0.0002,,
2023-07-17,0.006878,7911753.0,,,,,,,,0.0048,0.0064,-0.0027,-0.004,-0.0005,0.0002,,
2023-07-18,0.06449,21633927.0,,,,,,,,0.0078,0.0044,0.0108,0.0064,-0.0045,0.0002,,
2023-07-19,0.01327,12004302.0,,,,,,,,0.0025,0.0027,0.0132,0.0017,0.0017,0.0002,,
2023-07-20,0.00687,9541752.0,,,,,,,,-0.0081,-0.0035,0.0065,0.0043,0.0147,0.0002,,
2023-07-21,0.002239,6298629.0,,,,,,,,-0.0005,-0.0037,-0.0036,-0.0014,0.0011,0.0002,,
2023-07-24,0.007021,7259773.0,,,,,,,,0.0031,-0.0003,0.0076,0.0096,-0.0023,0.0002,,
2023-07-25,-0.002641,7760115.0,,,,,,,,0.0025,-0.0024,-0.0078,0.0042,-0.004,0.0002,,
2023-07-26,-0.00932,7201113.0,,,,,,,,0.0001,0.0087,0.0102,-0.0034,0.0066,0.0002,,
2023-07-27,-0.008446,8427846.0,,,,,,,,-0.0074,-0.0081,0.0028,0.0036,0.0015,0.0002,,
2023-07-28,-0.003558,5799077.0,,,,,,,,0.0113,0.0043,-0.0034,-0.0072,-0.0038,0.0002,,
2023-07-31,-0.000109,5245689.0,,,,,,,,0.0025,0.01,-0.0009,-0.0094,0.0006,0.0002,,
2023-08-01,-0.006772,4468883.0,,,,,,,,-0.0034,-0.0011,0.0031,0.002,-0.0028,0.0002,,
2023-08-02,-0.017814,6412103.0,,,,,,,,-0.0149,-0.0005,0.0057,0.0068,0.0066,0.0002,,
2023-08-03,-0.002015,5139385.0,,,,,,,,-0.0019,0.0002,0.0008,0.003,-0.0034,0.0002,,
2023-08-04,-0.003926,6191970.0,,,,,,,,-0.0048,0.0006,0.0076,-0.0018,-0.0065,0.0002,,
2023-08-07,0.003266,4663330.0,,,,,,,,0.0077,-0.0109,0.006,0.0064,-0.0009,0.0002,,
2023-08-08,-0.006848,6921211.0,,,,,,,,-0.0047,0.0009,0.0015,0.0047,0.0002,0.0002,,
2023-08-09,-0.010286,5200499.0,,,,,,,,-0.0078,-0.0001,-0.0004,0.0088,0.0001,0.0002,,
2023-08-10,0.000914,4250083.0,,,,,,,,0.0001,-0.0045,-0.0067,-0.0004,-0.0005,0.0002,,
2023-08-11,0.000685,3922388.0,,,,,,,,-0.0011,0.0024,0.0045,-0.0021,0.0037,0.0002,,
2023-08-14,-0.004219,3637483.0,,,,,,,,0.0051,-0.0085,-0.0077,0.001,-0.0063,0.0002,,
2023-08-15,-0.013398,9308838.0,,,,,,,,-0.0118,0.0,-0.0103,0.002,0.0004,0.0002,,
2023-08-16,-0.001973,5746330.0,,,,,,,,-0.0081,-0.0047,-0.0014,0.0038,0.0002,0.0002,,
2023-08-17,-0.002326,7611216.0,,,,,,,,-0.0087,-0.0018,0.0049,0.005,0.002,0.0002,,
2023-08-18,-0.010491,6649991.0,,,,,,,,0.0004,0.0041,-0.0022,0.0007,-0.0012,0.0002,,
2023-08-21,-0.007539,5385313.0,,,,,,,,0.0064,-0.0088,-0.0059,0.002,-0.0086,0.0002,,
2023-08-22,-0.015074,6003306.0,,,,,,,,-0.0032,-0.0001,-0.0104,-0.0034,-0.0022,0.0002,,
2023-08-23,0.004941,5878557.0,,,,,,,,0.0108,-0.0022,-0.0012,-0.0039,-0.0024,0.0002,,
2023-08-24,0.0006,5022983.0,,,,,,,,-0.0142,0.0001,0.0061,0.0052,0.0039,0.0002,,
2023-08-25,-0.002637,5461558.0,,,,,,,,0.0065,-0.0023,-0.0057,-0.0036,-0.0017,0.0002,,
2023-08-28,0.013939,6439847.0,,,,,,,,0.0063,0.0008,0.0041,0.0025,0.0004,0.0002,,
2023-08-29,0.013866,6212322.0,,,,,,,,0.015,-0.0008,-0.0012,-0.0005,-0.0043,0.0002,,
2023-08-30,-0.00339,5051894.0,,,,,,,,0.0041,0.0009,-0.0046,-0.0041,-0.0003,0.0002,,
2023-08-31,-0.00129,5581217.0,,,,,,,,-0.0008,-0.002,0.0022,0.0004,-0.0024,0.0002,,
2023-09-01,0.007046,4981833.0,,,,,,,,0.0026,0.0085,0.0058,0.0,-0.0021,0.0002,,
2023-09-05,-0.010612,4919403.0,,,,,,,,-0.0054,-0.0157,-0.0087,-0.003,-0.0049,0.0002,,
2023-09-06,-0.008015,5383994.0,,,,,,,,-0.0071,0.0001,-0.0018,-0.0045,0.001,0.0002,,
2023-09-07,-0.003802,5504154.0,,,,,,,,-0.004,-0.0069,0.0002,-0.0019,0.0001,0.0002,,
2023-09-08,0.012882,6131023.0,,,,,,,,0.0012,-0.0051,0.004,0.0029,0.0001,0.0002,,
2023-09-11,-0.016604,7780929.0,,,,,,,,0.0066,-0.0047,-0.0052,-0.0051,-0.0035,0.0002,,
2023-09-12,0.024428,8942608.0,,,,,,,,-0.0059,0.002,0.0101,0.0025,0.0021,0.0002,,
2023-09-13,0.019871,10617384.0,,,,,,,,0.0003,-0.0087,-0.002,0.0027,-0.0036,0.0002,,
2023-09-14,0.02086,8109570.0,,,,,,,,0.0083,0.0049,0.0086,0.008,0.0002,0.0002,,
2023-09-15,-0.00741,17629508.0,,,,,,,,-0.0121,0.0021,0.0025,-0.0034,0.0047,0.0002,,
2023-09-18,0.003393,5501891.0,,,,,,,,-0.0004,-0.0082,-0.0018,0.0017,-0.0003,0.0002,,
2023-09-19,-0.002255,5769369.0,,,,,,,,-0.0026,-0.0011,0.0,0.0032,0.003,0.0002,,
2023-09-20,-0.015479,5269810.0,,,,,,,,-0.0095,-0.0005,0.0026,0.0028,0.0049,0.0002,,
2023-09-21,-0.025935,6935603.0,,,,,,,,-0.0168,0.0034,0.0038,0.0056,0.0012,0.0002,,
2023-09-22,-0.018732,7421222.0,,,,,,,,-0.0025,-0.001,-0.005,0.0019,-0.0017,0.0002,,
2023-09-25,-0.003122,4748891.0,,,,,,,,0.0039,-0.0007,0.0033,0.0058,-0.0047,0.0002,,
2023-09-26,-0.010358,5557145.0,,,,,,,,-0.0146,0.0036,-0.005,-0.0035,-0.0006,0.0002,,
2023-09-27,-0.006328,5708017.0,,,,,,,,0.0013,0.0077,0.001,0.0018,-0.0026,0.0002,,
2023-09-28,0.006614,5665377.0,,,,,,,,0.0065,0.0019,0.0003,0.0042,-0.0003,0.0002,,
2023-09-29,-0.006327,6830468.0,,,,,,,,-0.0027,-0.0002,0.0032,-0.0017,-0.0016,0.0002,,
2023-10-02,-0.015428,6722197.0,,,,,,,,-0.0014,-0.0127,-0.0105,0.0088,-0.0052,0.0002,,
2023-10-03,-0.029723,7526845.0,,,,,,,,-0.0149,-0.0026,-0.0014,0.0029,0.0015,0.0002,,
2023-10-04,0.013714,6848690.0,,,,,,,,0.0077,-0.0053,-0.0037,-0.0039,-0.0032,0.0002,,
2023-10-05,0.000759,5589440.0,,,,,,,,-0.0015,0.0028,0.001,-0.0045,-0.0012,0.0002,,
2023-10-06,0.014908,6306443.0,,,,,,,,0.0121,-0.0045,-0.0056,-0.0033,-0.0051,0.0002,,
2023-10-09,-0.005228,5125005.0,,,,,,,,0.0059,-0.0016,0.0025,0.0084,-0.0039,0.0002,,
2023-10-10,0.002753,6245362.0,,,,,,,,0.006,0.0032,0.0063,-0.0023,0.002,0.0002,,
2023-10-11,-0.01535,8928687.0,,,,,,,,0.0033,-0.0065,0.0038,0.0062,-0.0025,0.0002,,
2023-10-12,-0.013815,11654571.0,,,,,,,,-0.0081,-0.0149,0.0011,0.012,-0.0021,0.0002,,
2023-10-13,-0.000257,6445763.0,,,,,,,,-0.0059,-0.0035,0.0006,0.0009,0.0045,0.0002,,
2023-10-16,0.012084,7901524.0,,,,,,,,0.0113,0.0058,-0.001,-0.0034,-0.0002,0.0002,,
2023-10-17,0.020323,12324802.0,,,,,,,,0.0009,0.0104,0.007,-0.0009,0.0032,0.0002,,
2023-10-18,-0.067845,34732276.0,,,,,,,,-0.0146,-0.006,-0.0018,0.0087,0.0045,0.0002,,
2023-10-19,-0.026175,17486091.0,,,,,,,,-0.0092,-0.0054,-0.0022,-0.0006,-0.0001,0.0002,,
2023-10-20,0.00288,11270642.0,,,,,,,,-0.0132,0.0008,-0.0015,0.0019,0.0038,0.0002,,
2023-10-23,-0.019554,12847139.0,,,,,,,,-0.0023,-0.0058,-0.0078,0.0017,-0.0044,0.0002,,
2023-10-24,-0.001953,9265496.0,,,,,,,,0.0074,0.0008,-0.0058,-0.0098,0.0016,0.0002,,
2023-10-25,-0.002236,8461712.0,,,,,,,,-0.0157,-0.0002,0.0085,0.0149,0.0019,0.0002,,
2023-10-26,0.009384,10903206.0,,,,,,,,-0.0115,0.0119,0.0168,-0.0073,0.005,0.0002,,
2023-10-27,-0.023172,11099143.0,,,,,,,,-0.0052,-0.0058,-0.0059,0.0045,-0.0097,0.0002,,
2023-10-30,0.014773,9769591.0,,,,,,,,0.0115,-0.0034,0.0029,-0.0018,0.0017,0.0002,,
2023-10-31,0.003258,8949027.0,,,,,,,,0.0063,0.0006,-0.0006,-0.0081,0.0006,0.0002,,
2023-11-01,0.001836,9429031.0,,,,,,,,0.0093,-0.0069,-0.0002,0.0014,-0.007,0.0002,,
2023-11-02,0.035377,11638022.0,,,,,,,,0.0194,0.0071,0.0163,-0.0021,0.0053,0.0002,,
2023-11-03,0.038116,14951094.0,,,,,,,,0.011,0.0174,0.0061,-0.0118,0.0018,0.0002,,
2023-11-06,-0.004458,8140533.0,,,,,,,,0.0001,-0.0124,-0.0064,0.0084,-0.0019,0.0002,,
2023-11-07,-0.0054,7657721.0,,,,,,,,0.0035,-0.0039,-0.0122,-0.0126,-0.0006,0.0002,,
2023-11-08,0.006092,8075195.0,,,,,,,,-0.0003,-0.0101,-0.0046,0.0041,0.0005,0.0002,,
2023-11-09,-0.02343,9497201.0,,,,,,,,-0.0089,-0.0102,0.0049,0.0053,-0.0028,0.0002,,
2023-11-10,0.015366,8927940.0,,,,,,,,0.0149,-0.0062,-0.0044,0.0073,-0.0035,0.0002,,
2023-11-13,-0.00385,4868377.0,,,,,,,,-0.0005,0.0006,-0.0026,-0.003,-0.0018,0.0002,,
2023-11-14,0.043577,12287688.0,,,,,,,,0.0218,0.0323,0.0119,-0.0096,-0.0025,0.0002,,
2023-11-15,0.017495,9841640.0,,,,,,,,0.0018,0.0013,0.0049,-0.0012,0.005,0.0002,,
2023-11-16,-0.000251,6757581.0,,,,,,,,-0.0011,-0.015,-0.003,-0.0048,-0.0036,0.0002,,
2023-11-17,0.007783,6080775.0,,,,,,,,0.0025,0.0121,0.0063,0.0003,0.0035,0.0002,,
2023-11-20,-0.007225,7728224.0,,,,,,,,0.0073,-0.0011,-0.0029,-0.003,-0.003,0.0002,,
2023-11-21,-0.015433,7394809.0,,,,,,,,-0.0032,-0.0095,-0.0061,0.0042,-0.0003,0.0002,,
2023-11-22,0.000255,4265977.0,,,,,,,,0.0047,0.0018,-0.0004,-0.0037,0.0,0.0002,,
2023-11-24,0.002038,2398033.0,,,,,,,,0.0011,0.0062,0.0018,-0.0051,0.0024,0.0002,,
2023-11-27,-0.0089,5237785.0,,,,,,,,-0.0023,-0.0014,-0.0009,0.0013,-0.0024,0.0002,,
2023-11-28,-0.013727,9197885.0,,,,,,,,0.0005,-0.003,0.0004,-0.0015,0.0001,0.0002,,
2023-11-29,0.021722,7420685.0,,,,,,,,0.0001,0.0058,0.0069,-0.0075,-0.0005,0.0002,,
2023-11-30,0.010057,8480526.0,,,,,,,,0.0035,-0.0041,0.0001,-0.0013,0.0018,0.0002,,
2023-12-01,0.019536,9617106.0,,,,,,,,0.0081,0.0224,0.0107,-0.0036,0.0057,0.0002,,
2023-12-04,0.003956,6713828.0,,,,,,,,-0.0044,0.015,0.0051,-0.0043,0.0077,0.0002,,
2023-12-05,-0.012806,6103166.0,,,,,,,,-0.0021,-0.0106,-0.0083,0.002,-0.0043,0.0002,,
2023-12-06,-0.00948,7321767.0,,,,,,,,-0.004,0.0036,0.0032,-0.0023,0.0024,0.0002,,
2023-12-07,0.011837,5430566.0,,,,,,,,0.0081,0.0011,0.0047,0.0008,-0.002,0.0002,,
2023-12-08,0.02402,10343400.0,,,,,,,,0.0044,0.0015,0.0052,-0.0012,-0.0012,0.0002,,
2023-12-11,0.006563,6378077.0,,,,,,,,0.0036,-0.0044,-0.0012,0.0004,0.0068,0.0002,,
2023-12-12,0.009418,7395338.0,,,,,,,,0.0034,-0.0064,-0.0088,-0.0037,-0.0021,0.0002,,
2023-12-13,0.024282,10144555.0,,,,,,,,0.0154,0.0193,0.0135,-0.0096,0.0015,0.0002,,
2023-12-14,0.063179,19849530.0,,,,,,,,0.005,0.0183,0.0203,0.0005,0.0042,0.0002,,
2023-12-15,0.005931,16905690.0,,,,,,,,-0.0006,-0.0059,-0.0057,0.0011,-0.0034,0.0002,,
2023-12-18,-0.008954,9145477.0,,,,,,,,0.0042,-0.0051,-0.0036,0.0033,-0.0025,0.0002,,
2023-12-19,0.012781,8114867.0,,,,,,,,0.0071,0.015,0.0069,-0.0038,0.0006,0.0002,,
2023-12-20,-0.008486,10466982.0,,,,,,,,-0.0155,-0.0034,0.0013,0.0075,0.0006,0.0002,,
2023-12-21,0.016349,7748018.0,,,,,,,,0.0109,0.0075,-0.0004,-0.006,-0.0018,0.0002,,
2023-12-22,-0.002375,5800929.0,,,,,,,,0.002,0.0061,0.001,-0.0064,0.002,0.0002,,
2023-12-26,0.004653,2726286.0,,,,,,,,0.0048,0.0082,0.0044,-0.0032,-0.0015,0.0002,,
2023-12-27,0.008832,4073222.0,,,,,,,,0.0016,0.0016,0.0011,-0.0032,-0.0014,0.0002,,
2023-12-28,-0.000214,4089529.0,,,,,,,,-0.0001,-0.0039,0.0003,-0.0031,0.0016,0.0002,,
2023-12-29,-0.004165,4772283.0,,,,,,,,-0.0043,-0.0113,-0.0037,0.0067,-0.0008,0.0002,,
