announcedate,keydeveventtypeid,headline
1990-09-24,80,Newmont Australia Limited signed a merger agreement to acquire BHP Gold Mines Limited from Broken Hill Proprietary Co Ltd (ASX: BHP) and other shareholders for approximately AUD 480 million.
1990-09-24,80,Newmont Australia Limited signed a merger agreement to acquire BHP Gold Mines Limited from Broken Hill Proprietary Co Ltd (ASX: BHP) and other shareholders for approximately AUD 480 million.
1990-09-24,80,Newmont Australia Limited signed a merger agreement to acquire BHP Gold Mines Limited from Broken Hill Proprietary Co Ltd (ASX: BHP) and other shareholders for approximately AUD 480 million.
1990-09-24,80,Newmont Australia Limited signed a merger agreement to acquire BHP Gold Mines Limited from Broken Hill Proprietary Co Ltd (ASX: BHP) and other shareholders for approximately AUD 480 million.
1990-11-12,81,Newmont Australia Limited completed the acquisition of BHP Gold Mines Limited from Broken Hill Proprietary Co Ltd (ASX: BHP) and other shareholders.
1990-11-12,81,Newmont Australia Limited completed the acquisition of BHP Gold Mines Limited from Broken Hill Proprietary Co Ltd (ASX: BHP) and other shareholders.
1990-11-12,81,Newmont Australia Limited completed the acquisition of BHP Gold Mines Limited from Broken Hill Proprietary Co Ltd (ASX: BHP) and other shareholders.
1990-11-12,81,Newmont Australia Limited completed the acquisition of BHP Gold Mines Limited from Broken Hill Proprietary Co Ltd (ASX: BHP) and other shareholders.
1994-01-03,95,BHP Billiton Limited(ASX:BHP) added to FTSE All-World Index (USD)
1995-11-30,80,"Announced Merger/Acquisition Transaction - Target: Magma Copper Co.; Buyer(s): BHP Billiton Ltd.; Seller(s): Morgenthaler, Warburg Pincus & Co., LLC; Transaction Size: $2281.63 mm"
1996-01-22,81,"Closed Merger/Acquisition Transaction - Target: Magma Copper Co.; Buyer(s): BHP Billiton Ltd.; Seller(s): Morgenthaler, Warburg Pincus & Co., LLC; Transaction Size: $2281.63 mm"
1996-07-01,95,BHP Billiton Limited(ASX:BHP) added to Russell Global Index
1998-03-19,80,Tesoro Petroleum Corporation agreed to acquire BHP Petroleum Americas Refining Inc. from The Broken Hill Proprietary Company Limited.
1998-05-29,81,Tesoro Petroleum Corporation completed the acquisition of BHP Petroleum Americas Refining Inc. from The Broken Hill Proprietary Company Limited.
1998-12-18,80,Broken Hill Proprietary Company Limited agreed to sell BHP Power to Duke Energy International LLC for $315 million.
1999-01-22,81,Broken Hill Proprietary Company Limited completed the sale of BHP Power to Duke Energy International LLC.
1999-04-13,80,Broken Hill Proprietary Co. Ltd. agreed to sell its interest in Bayu-Undan field to Phillips Petroleum Company.
1999-08-04,81,"The management of BHP Lifting Products, along with RMB Capital Partners, acquired BHP Lifting Products from Broken Hill Proprietary Co. for AUD 17.5 million in a management buyout."
1999-11-03,81,The Hatch Group acquired BHP Engineering.
1999-12-06,83,"BHP Group announced that it has received FRF 40 million in funding from BNP Paribas Développement SA, SCR"
1999-12-06,83,"Announced Private Placement Transaction - Target: BHP; Investor(s): Banexi Capital Partenaires, BNP Paribas Développement; Transaction Size: $6.1 mm"
2000-02-25,137,BHP Billiton Limited agreed to spin-off OneSteel Limited.
2000-03-28,42,BHP Billiton Ltd. Closes $1.2 Billion Global Revolving Credit Facility
2000-03-31,95,BHP Billiton Ltd.(ASX:BHP) added to S&P/ASX 300 Index
2000-03-31,95,BHP Billiton Ltd.(ASX:BHP) added to S&P/ASX 200 Index
2000-03-31,95,BHP Billiton Ltd.(ASX:BHP) added to S&P/ASX 200 Materials Sector Index
2000-05-24,81,The Broken Hill Proprietary Company Limited sold BHP Information Technology Proprietary Ltd. to Computer Sciences Corporation.
2000-05-25,80,"The Broken Hill Proprietary Company has agreed to sell BHP Coated Steel Corporation and BHP Steel Building Products USA, Inc. to IMSA ACERO for $234 million."
2000-05-25,80,"The Broken Hill Proprietary Company has agreed to sell BHP Steel Building Products USA, Inc. and BHP Coated Steel Corporation to IMSA ACERO for $234 million."
2000-05-26,81,"The Broken Hill Proprietary Company sold BHP Coated Steel Corporation and BHP Steel Building Products USA, Inc. to IMSA ACERO."
2000-06-01,81,BHP Billiton Limited (ASX:BHP) acquired an additional 1% stake in Samarco Mineração S.A. from Sociedade Anomima Mineracao da Trindade-Samitri.
2000-06-14,81,"The Broken Hill Proprietary Company completed the sale of BHP Steel Building Products USA, Inc. and BHP Coated Steel Corporation to IMSA ACERO."
2000-08-23,95,BHP Billiton Ltd.(ASX:BHP) added to S&P/ASX 20 Index
2000-08-23,95,BHP Billiton Ltd.(ASX:BHP) added to S&P/ASX All Ordinaries Index
2000-08-23,95,BHP Billiton Ltd.(ASX:BHP) added to S&P/ASX 100 Index
2000-08-23,95,BHP Billiton Ltd.(ASX:BHP) added to S&P/ASX 50 Index
2000-08-28,80,"BHP Ltd. and Mitsubishi Development Pty., Ltd. agreed to acquire QCT Resources Ltd."
2000-08-28,80,"BHP Ltd. and Mitsubishi Development Pty., Ltd. agreed to acquire QCT Resources Ltd. for the reported value of approximately AUD 830 million."
2000-09-14,80,"BHP Ltd. and Mitsubishi Development Pty., Ltd. agreed to acquire QCT Resources Ltd."
2000-09-14,80,"BHP Ltd. and Mitsubishi Development Pty., Ltd. agreed to acquire QCT Resources Ltd. for the reported value of approximately AUD 830 million."
2000-10-20,137,BHP Billiton Limited completed the spin-off of OneSteel Limited.
2000-11-03,81,"BHP Ltd. and Mitsubishi Development Pty., Ltd. completed the acquisition of QCT Resources Ltd."
2000-11-03,81,"BHP Ltd. and Mitsubishi Development Pty., Ltd. completed the acquisition of QCT Resources Ltd."
2000-11-03,81,"BHP Ltd. and Mitsubishi Development Pty., Ltd. completed the acquisition of QCT Resources Ltd."
2000-11-03,81,"BHP Ltd. and Mitsubishi Development Pty., Ltd. completed the acquisition of QCT Resources Ltd."
2001-02-12,80,BHP Ltd. signed an agreement to acquire a 20% equity interest in Caemi Mineracao e Metalurgia S.A. from Mario A. Frering and Guilherme A. Frering for approximately $329 million.
2001-02-14,81,Magnetic Minerals Ltd. completed the acquisition of 80% stake in Mindarra Springs Project from BHP Ltd.
2001-03-19,137,BHP Billiton Ltd. agreed to spin-off Bluescope Steel Ltd.
2001-03-19,80,BHP Limited agreed to acquire Billiton Plc.
2001-03-19,80,BHP Limited agreed to acquire Billiton Plc.
2001-03-21,80,BHP Limited agreed to acquire Billiton Plc.
2001-03-21,80,BHP Limited agreed to acquire Billiton Plc.
2001-03-28,80,Mitsubishi Development Property Ltd. agreed to acuire a 18.28% stake in Central Queensland Coal Associates and Gregory Joint Venture from BHP Billiton Ltd. for AUD 1005 million.
2001-03-28,80,Mitsubishi Development Property Ltd. agreed to acuire a 18.28% stake in Central Queensland Coal Associates and Gregory Joint Venture from BHP Billiton Ltd. for AUD 1005 million.
2001-03-28,80,Mitsubishi Development Property Ltd. agreed to acuire a 18.28% stake in Central Queensland Coal Associates and Gregory Joint Venture from BHP Billiton Ltd. for AUD 1005 million.
2001-03-28,80,Mitsubishi Development Property Ltd. agreed to acuire a 18.28% stake in Central Queensland Coal Associates and Gregory Joint Venture from BHP Billiton Ltd. for AUD 1005 million.
2001-03-29,80,Mitsubishi Development Property Ltd. agreed to acuire a 18.28% stake in Central Queensland Coal Associates and Gregory Joint Venture from BHP Billiton Ltd. for AUD 1005 million.
2001-03-29,80,Mitsubishi Development Property Ltd. agreed to acuire a 18.28% stake in Central Queensland Coal Associates and Gregory Joint Venture from BHP Billiton Ltd. for AUD 1005 million.
2001-04-04,80,BHP Billiton Ltd. (ASX: BHP) entered into an agreement to acuire Dia Met Minerals Ltd. for $412.05 million.
2001-04-04,80,BHP Billiton Ltd. (ASX: BHP) entered into an agreement to acuire Dia Met Minerals Ltd. for $412.05 million.
2001-04-04,80,BHP Billiton Ltd. (ASX: BHP) entered into an agreement to acuire Dia Met Minerals Ltd. for $412.05 million.
2001-04-04,80,BHP Billiton Ltd. (ASX: BHP) entered into an agreement to acuire Dia Met Minerals Ltd. for $412.05 million.
2001-04-20,82,BHP Ltd. cancelled the proposed acquisition of a 20% equity interest in Caemi Mineracao e Metalurgia S.A. from Mario A. Frering and Guilherme A. Frering.
2001-05-30,83,Announced Private Placement Transaction - Target: Tri Origin Exploration Ltd.; Investor(s): BHP Billiton plc; Transaction Size: $0.4 mm
2001-05-30,83,Tri Origin Exploration Ltd. announced that it expects to receive $0.4 million in funding from BHP Group
2001-06-28,81,Mitsubishi Development Property Ltd. completed the acquisition of Central Queensland Coal Associates and Gregory Joint Venture from BHP Billiton Ltd.
2001-06-28,81,Mitsubishi Development Property Ltd. completed the acquisition of Central Queensland Coal Associates and Gregory Joint Venture from BHP Billiton Ltd.
2001-06-28,81,Mitsubishi Development Property Ltd. completed the acquisition of Central Queensland Coal Associates and Gregory Joint Venture from BHP Billiton Ltd.
2001-06-28,81,Mitsubishi Development Property Ltd. completed the acquisition of Central Queensland Coal Associates and Gregory Joint Venture from BHP Billiton Ltd.
2001-06-28,81,Mitsubishi Development Property Ltd. completed the acquisition of Central Queensland Coal Associates and Gregory Joint Venture from BHP Billiton Ltd.
2001-06-28,81,Mitsubishi Development Property Ltd. completed the acquisition of Central Queensland Coal Associates and Gregory Joint Venture from BHP Billiton Ltd.
2001-06-29,95,BHP Billiton Ltd. added to S&P/ASX 200 Index
2001-06-29,95,BHP Billiton Ltd. added to S&P/ASX 20 Index
2001-06-29,81,BHP Limited completed the acquisition of Billiton Plc.
2001-06-29,81,BHP Limited completed the acquisition of Billiton Plc.
2001-06-29,81,BHP Limited completed the acquisition of Billiton Plc.
2001-06-29,95,BHP Billiton Ltd. added to S&P/ASX 300 Index
2001-06-29,81,BHP Limited completed the acquisition of Billiton Plc.
2001-06-29,95,BHP Billiton Ltd. added to S&P/ASX 200 Materials Sector Index
2001-06-29,95,BHP Billiton Ltd. added to S&P/ASX 50 Index
2001-06-29,95,BHP Billiton Ltd. added to S&P/ASX 100 Index
2001-06-29,95,BHP Billiton Ltd. added to S&P/ASX All Ordinaries Index
2001-07-04,81,BHP Billiton Ltd. (ASX: BHP) completed the acquisition of Dia Met Minerals Ltd.
2001-07-04,81,BHP Billiton Ltd. (ASX: BHP) completed the acquisition of Dia Met Minerals Ltd.
2001-07-04,81,BHP Billiton Ltd. (ASX: BHP) completed the acquisition of Dia Met Minerals Ltd.
2001-07-04,81,BHP Billiton Ltd. (ASX: BHP) completed the acquisition of Dia Met Minerals Ltd.
2001-07-10,75,BHP Billiton Ltd. dropped from S&P/ASX 300 Index
2001-07-10,75,BHP Billiton Ltd. dropped from S&P/ASX 100 Index
2001-07-10,75,BHP Billiton Ltd. dropped from S&P/ASX 200 Materials Sector Index
2001-07-10,75,BHP Billiton Ltd. dropped from S&P/ASX All Ordinaries Index
2001-07-10,75,BHP Billiton Ltd. dropped from S&P/ASX 200 Index
2001-07-10,75,BHP Billiton Ltd. dropped from S&P/ASX 50 Index
2001-07-10,75,BHP Billiton Ltd. dropped from S&P/ASX 20 Index
2001-07-19,22,BHP Billiton Ltd. and Teekay Corporation Announces Signing of an Implementation Agreement to Form a Joint Venture Company
2001-08-19,80,Announced Merger/Acquisition Transaction - Target: Vincent Metals Goods ; Buyer(s): Integris Metals CORP.; Seller(s): BHP Billiton Ltd.
2001-08-19,80,Announced Merger/Acquisition Transaction - Target: Atlas Ideal Metals; Buyer(s): Integris Metals CORP.; Seller(s): BHP Billiton Ltd.
2001-10-23,80,PT Bumi Resources Tbk entered into an agreement to acquire 80% interest in the PT Arutmin Indonesia from BHP Billiton in a transaction valued at $148 million.
2001-11-01,81,Closed Merger/Acquisition Transaction - Target: Vincent Metals Goods ; Buyer(s): Integris Metals CORP.; Seller(s): BHP Billiton Ltd.
2001-11-01,81,Closed Merger/Acquisition Transaction - Target: Atlas Ideal Metals; Buyer(s): Integris Metals CORP.; Seller(s): BHP Billiton Ltd.
2001-11-30,81,PT Bumi Resources Tbk completed the acquisition of 80% interest in the PT Arutmin Indonesia from BHP Billiton.
2002-01-29,23,BHP Billiton Approves Yandi Lump Project
2002-02-01,80,BHP Billiton signed an agreement to join with Anglo American Plc and Glencore International to acquire all of the ownership interests in Carbones Del Cerrejon Llc
2002-02-01,80,BHP Group (ASX:BHP) signed an agreement to join with Anglo American Plc and Glencore International to acquire all of the ownership interests in Carbones Del Cerrejon Llc
2002-02-04,21,"BHP Billiton to Cut 1,000 Jobs"
2002-02-05,83,Announced Private Placement Transaction - Target: Corriente Resources Inc.; Investor(s): BHP Billiton Ltd.; Transaction Size: $2 mm
2002-02-08,81,PNG Sustainable Development Program Limited acquired 52% stake in Ok Tedi Mining Limited from BHP Billiton Limited (ASX:BHP).
2002-02-14,28,"BHP Billiton Announces results for half year ended December 31, 2001"
2002-02-14,21,BHP Billiton to Close Tower Colliery
2002-03-05,23,BHP Billiton to Proceed With Zamzama Field Development
2002-03-20,16,BHP Billiton Ltd. Appoints Mark Lidiard as Vice President of Investor relations
2002-04-11,80,Toll Holdings Ltd. signed an agreement to acquire BHP Stevedoring Pty Ltd. from BHP Billiton Ltd.
2002-04-11,80,Toll Holdings Ltd. signed an agreement to acquire BHP Transport and Logistics (New Zealand) Ltd. from BHP Billiton Ltd.
2002-05-01,81,"A consortium comprising of BHP Billiton, Anglo American plc and Glencore International AG completed the acquisition of Carbones Del Cerrejon Llc from Exxon Mobil."
2002-05-01,28,BHP Billiton Announces Third Quarter Fiscal 2002 Financial Results
2002-05-01,81,"A consortium comprising of BHP Group (ASX:BHP), Anglo American plc and Glencore International AG completed the acquisition of Carbones Del Cerrejon Llc from Exxon Mobil."
2002-05-02,3,BHP Billiton Limited is considering acquisitions.
2002-05-02,101,Officer/Director Change(s) announcement for BHP Billiton Limited
2002-05-02,16,Officer/Director Change(s) announcement for BHP Billiton Limited
2002-05-02,3,BHP Billiton Limited is considering acquisitions.
2002-05-02,3,BHP Billiton Limited is considering acquisitions.
2002-05-02,3,BHP Billiton Limited is considering acquisitions.
2002-05-08,81,Toll Holdings Ltd. completed the acquisition of BHP Stevedoring Pty Ltd. from BHP Billiton Ltd.
2002-05-08,81,Toll Holdings Ltd. completed the acquisition of BHP Transport and Logistics (New Zealand) Ltd. from BHP Billiton Ltd.
2002-05-16,101,BHP Billiton announces Changes to Senior management and Board of Directors
2002-05-16,16,BHP Billiton announces Changes to Senior management and Board of Directors
2002-05-16,150,BHP Billiton Ltd. Appoints KPMG and PricewaterhouseCoopers as Joint Auditors
2002-05-17,23,BHP Billiton Approves Minerva Gas Development in Victoria
2002-05-23,83,Announced Private Placement Transaction - Target: Corriente Resources Inc.; Investor(s): BHP Billiton Ltd.; Transaction Size: $1 mm
2002-06-14,44,Bhp Billiton Ltd. Announced A 24-day Strike At Its Western Port Factory Ended
2002-06-19,93,"BHP Billiton Ltd. has filed a Shelf Registration in the amount of €1,542.58 million."
2002-06-19,93,BHP Group Limited has filed a Base Prospectus in the amount of €1.54258 billion.
2002-06-19,93,BHP Billiton Limited has filed a Base Prospectus in the amount of €1.54258 billion.
2002-06-19,93,"BHP Billiton Ltd. has filed a Shelf Registration in the amount of €1,542.58 million."
2002-06-19,93,BHP Group Limited has filed a Base Prospectus in the amount of €1.54258 billion.
2002-06-19,93,BHP Group has filed a Base Prospectus in the amount of €1.54258 billion.
2002-06-19,93,BHP Group Limited has filed a Base Prospectus in the amount of €1.54258 billion.
2002-06-19,93,BHP Group Limited has filed a Base Prospectus in the amount of €1.54258 billion.
2002-06-19,93,BHP Group has filed a Base Prospectus in the amount of €1.54258 billion.
2002-06-19,93,BHP Group Limited has filed a Base Prospectus in the amount of €1.54258 billion.
2002-06-19,93,BHP Billiton Limited has filed a Base Prospectus in the amount of €1.54258 billion.
2002-06-19,93,BHP Group has filed a Base Prospectus in the amount of €1.54258 billion.
2002-06-19,93,BHP Group Limited has filed a Base Prospectus in the amount of €1.54258 billion.
2002-06-19,93,"BHP Billiton Ltd. has filed a Shelf Registration in the amount of €1,542.58 million."
2002-06-19,93,BHP Billiton Limited has filed a Base Prospectus in the amount of €1.54258 billion.
2002-06-19,93,BHP Group Limited has filed a Base Prospectus in the amount of €1.54258 billion.
2002-06-19,93,BHP Group has filed a Base Prospectus in the amount of €1.54258 billion.
2002-06-19,93,BHP Group Limited has filed a Base Prospectus in the amount of €1.54258 billion.
2002-06-19,93,"BHP Billiton Ltd. has filed a Shelf Registration in the amount of €1,542.58 million."
2002-06-19,93,BHP Billiton Limited has filed a Base Prospectus in the amount of €1.54258 billion.
2002-06-19,93,BHP Group Limited has filed a Base Prospectus in the amount of €1.54258 billion.
2002-06-19,93,BHP Group has filed a Base Prospectus in the amount of €1.54258 billion.
2002-06-19,93,BHP Group Limited has filed a Base Prospectus in the amount of €1.54258 billion.
2002-06-19,93,"BHP Billiton Ltd. has filed a Shelf Registration in the amount of €1,542.58 million."
2002-06-19,93,BHP Billiton Limited has filed a Base Prospectus in the amount of €1.54258 billion.
2002-06-25,21,"Bhp Billiton Announces Closure Of Pering Lead Zinc Mine, South Africa"
2002-07-08,23,Gallery Resources Limited Signs Agreement With BHP
2002-07-15,137,BHP Billiton Ltd. completed the spin-off of Bluescope Steel Ltd.
2002-07-19,41,BHP Billiton Ltd. Announces the Results from its Neptune-3 Appraisal Well in the Gulf of Mexico
2002-08-08,28,Bhp Billiton Announces Fiscal Year 2002 Results
2002-09-05,23,Far West Announces Agreement With BHP Billiton to Explore for Iron Oxide
2002-09-17,21,Downsizing/Discontinued Operations announcement for BHP Billiton Limited
2002-10-01,41,BHP Billiton Announces Inaugural Eurobond
2002-10-31,28,"BHP Billiton Announces Financial Results For Quarter Ended September 30, 2002"
2002-11-07,23,InterOil Contracts BHP Billiton Falcon Exploration Technology in Papua New Guinea
2003-01-05,16,BHP Billiton Announces Resignation Of Chief Executive And Appoints New Executive
2003-01-06,101,Bhp Billiton Announces Resignation of CEO
2003-01-10,16,Ex-billiton Execs May Be Appointed To BHP Billiton Board
2003-01-19,16,BHP Billiton Announces Executive Changes
2003-02-11,22,Caterpillar Forms Five-Year Alliance with Australian Mining Firm BHP Billiton
2003-02-23,28,BHP Billiton profit falls for the year 2002
2003-02-24,16,BHP Billiton Plc Announces Directorate Change
2003-02-24,16,BHP Billiton Plc Announces Directorate Change
2003-02-25,16,BHP Billiton Ltd. Has Appointed Mike Salamon As Executive Director
2003-04-01,16,Bhp Billiton Ltd. Appoints Miklos Salamon As Executive Director
2003-04-04,31,Bhp Billiton Approves Funding For Phase 1 Development Of Thegreater Angostura Oil And Gas Field
2003-05-23,232,BHP Billiton Ltd. Intends To Buy Back A Maximum Number Of Shares
2003-06-07,22,"Shear Minerals Ltd. and Northern Empire Minerals Ltd., First Kimberlite Intersected, Churchill Diamond Joint Venture"
2003-06-17,23,BHP Billiton and its partners have approved the development of the Escondida Norte copper project
2003-07-02,41,BHP Billiton Ltd. Announces Drilling Results on the Chinook Prospect in the Ultra-Deepwater Gulf of Mexico
2003-07-07,16,BHP Appoints New CIO
2003-08-21,23,"New Exploration Agreement Between Tri Origin And BHP Billiton In Nunavut, Canada"
2003-08-22,80,BHP Billiton Ltd. (ASX:BHP agreed to acquire a 35% stake in AES Drax Holdings Ltd for approximately £95.00 million.
2003-08-22,80,BHP Billiton Ltd. (ASX:BHP agreed to acquire a 35% stake in AES Drax Holdings Ltd for approximately £95.00 million.
2003-08-22,80,BHP Billiton Ltd. (ASX:BHP agreed to acquire a 35% stake in AES Drax Holdings Ltd for approximately £95.00 million.
2003-08-22,80,BHP Billiton Ltd. (ASX:BHP agreed to acquire a 35% stake in AES Drax Holdings Ltd for approximately £95.00 million.
2003-08-22,101,BHP Billiton Ltd. Appoints Mr Goodyear As CEO
2003-08-29,28,"BHP Billiton Announces Profit Rises for the month of june, 2003"
2003-09-04,82,BHP Billiton Ltd. cancelled the transaction to acquire a 35% stake in AES Drax Holdings Ltd.
2003-09-04,82,BHP Billiton Ltd. cancelled the transaction to acquire a 35% stake in AES Drax Holdings Ltd.
2003-09-04,82,BHP Billiton Ltd. cancelled the transaction to acquire a 35% stake in AES Drax Holdings Ltd.
2003-09-04,82,BHP Billiton Ltd. cancelled the transaction to acquire a 35% stake in AES Drax Holdings Ltd.
2004-01-15,44,BHP May Face Coal Strike in South Africa Next Week
2004-01-17,25,BHP Billiton Ltd. Announced that Ok Tedi Mining Ltd. Class Action Dismissed
2004-01-22,29,BHP Billiton Plc Earnings Estimates Raised by Investec for Fiscal 2004 and Fiscal 2005
2004-01-29,22,Mithril Resources Ltd. Announces Joint Venture Agreement With BHP Billiton Ltd
2004-01-29,44,Chilean Copper Union Threatens Strike Action over Contract Dispute with BHP Billiton Ltd
2004-01-30,25,BHP to Face Lawsuit Over Coal Job Cuts
2004-02-03,27,Morgan Stanley Raised Outlook of BHP Billiton Ltd. for 2004 and 2005
2004-02-05,16,BHP Billiton plc Announces Resignation of Mr Brad Mills as Chief Executive
2004-02-05,16,BHP Billiton plc Announces Resignation of Mr. Brad Mills as Chief Executive
2004-02-05,44,BHP Billiton Ltd. Cerro Colorado Union to Meet Management for Talks
2004-02-05,101,BHP Billiton plc Announces Resignation of Mr. Brad Mills as Chief Executive
2004-02-05,101,BHP Billiton plc Announces Resignation of Mr Brad Mills as Chief Executive
2004-02-05,31,BHP Billiton Ltd. to Spend $94.5 Million Expanding Iron Ore Division
2004-02-17,29,BHP Billiton Ltd. Second Quarter Profit Probably Rose 59% on Sales to China for Fiscal Year 2004
2004-02-18,28,"BHP Billiton Ltd. Reports Profits for the Year Ended December 31, 2003"
2004-02-19,28,"BHP Billiton Reports Results for the First-Half Ended Dec. 31, 2003"
2004-02-24,27,BHP Billiton Ltd. Raised Earnings Forecast at Investec Securities for the Full Fiscal Year 2004; Provides Outlook for the Fiscal Year 2005
2004-02-24,29,BHP Billiton Ltd. Raised Earnings Forecast at Investec Securities for the Full Fiscal Year 2004; Provides Outlook for the Fiscal Year 2005
2004-02-26,16,BHP Billiton Ltd. Announces Executive Changes
2004-02-26,80,Quadra Mining Ltd. entered into an agreement to acquire the Robinson mine from BHP Billiton for approximately $18 million.
2004-02-27,25,Supreme Court Approves Dismissal of Proceedings Against BHP Billiton and Ok Tedi Mining
2004-02-27,25,BHP Billiton Ltd. Reaches a Settlement with Dalmine SpA
2004-03-01,22,BHP Billiton Ltd. Announces China Venture
2004-03-02,31,BHP Billiton plc Announces the approval of a significant brownfields expansion project in its Western Australian
2004-03-04,16,BHP Billiton Ltd. Appoints Diego Hernandez as President of Base Metals Customer Sector Group
2004-03-08,21,BHP Billiton shuts two SA chrome mines for safety revamp
2004-03-09,22,BHP Billiton Ltd. Entered into a joint venture with Mithril Resources Ltd
2004-03-10,23,BHP Billiton Ltd. Backs NWS Expansion
2004-03-16,32,BHP Billiton PLC Announces Organisation Structure Change; Announces Executive appointments
2004-03-16,16,BHP Billiton PLC Announces Organisation Structure Change; Announces Executive appointments
2004-03-16,16,BHP Billiton announced the resignation of Mike Oppenheimer as President
2004-03-16,16,Rebecca A. McDonald Appointed as President Gas and Power of BHP Billiton
2004-03-23,31,BHP Plans $1.4 Billion Nickel Expansion in Australia
2004-03-24,12,BHP Billiton Plc Delisted From Euronext Paris
2004-03-25,31,BHP Billiton Plans to Expand Ekati Diamond Mine in Canada
2004-03-31,16,BHP Billiton Ltd. Announces Management Changes
2004-04-06,27,Deutsche Bank AG Increases Guidance of BHP Billiton for 2004 and 2005
2004-04-06,22,Minotaur Announces Two Joint Ventures with BHP Billiton
2004-04-06,31,BHP Billiton approves 850 mln usd Escondidia copper sulphide leach project
2004-04-08,81,Quadra Mining Ltd. completed the acquisition of the Robinson mine from BHP Billiton for approximately $14.3 million.
2004-04-27,12,BHP Billiton To Delist From New Zealand Stock Exchange
2004-05-05,31,BHP Expands WA Alumina Refinery
2004-05-10,23,Mermaid sign contract to service BHP's Griffin venture
2004-05-20,16,BHP Billiton Ltd. Announces Appointment of Rebecca McDonald as President Gas Power and to Executive Committee
2004-05-20,16,Bhp Billiton plc Announces Resignation of Mike Oppenheimer as Its President of Energy Coal Customer Sector Group
2004-05-26,31,BHP Billiton Ltd. Announces the Approval of the Escondida Sulphide Leach Copper Project in Chile
2004-06-16,80,"Announced Merger/Acquisition Transaction - Target: Perkoa Zinc Project; Buyer(s): Aim Resources Ltd.; Seller(s): BHP Billiton Ltd., Metorex Ltd.; Transaction Size: $1.07008 mm"
2004-06-17,60,BHP Billiton Ltd. Plans to Move Base Metals Division Headquarters to Chile
2004-06-19,24,Australian Government has Unveiled an Investigation into BHP Billiton Ltd
2004-06-29,22,Steel Authority Of India Ltd. Joint Ventures with BHP
2004-07-02,29,BHP Billiton Provides Earnings Outlook for Fiscal Year 2005
2004-07-05,27,BHP Billiton Ltd. Cut Outlook for the Full Year 2004; Raises Outlook for the Full Year 2005 and 2006
2004-07-05,26,BHP Billiton Ltd. Cut Outlook for the Full Year 2004; Raises Outlook for the Full Year 2005 and 2006
2004-07-14,22,"Shear, Stornoway Diamond and BHP Billiton Announces Commencement of $8.5 Million Churchill Program"
2004-07-15,21,BHP Sacks 250 Contractors from W.Australian Iron Ore Plant
2004-07-17,44,Pilbara Unions Unite to Take Industrial Relations War Against BHP Billiton
2004-07-19,29,BHP Billiton Ltd. Provides Earnings Outlook for Fiscal 2004
2004-07-23,23,"BHP Set to Ink Deal for 2 Oil, Gas Sites"
2004-07-27,138,"BHP Billiton Ltd. Reports Sales Results for the Year Ended June 30, 2004"
2004-07-28,23,North West Shelf Partners Sign New LNG Deal with Kansai Electric
2004-07-28,29,"BHP Billiton plc Provides Guidance for the Year Ending June 30, 2005"
2004-08-02,44,Yandi Mine Lockout Ended
2004-08-18,3,BHP Billiton Ltd. Considers Acquisitions
2004-08-18,28,"BHP Billiton plc Reports Annual Earnings for the Period Ended June 30, 2004"
2004-08-19,31,POSCO and BHP Billiton Plans to Build Biggest Steel Plant in Eastern India
2004-08-26,22,"BHP Billiton Ltd., JFE Steel Corp. Forms Iron Venture"
2004-08-31,28,"BHP Billiton Group Reports Earnings Results for the Year Ended June 30, 2004"
2004-09-02,31,BHP Billiton Selects Pilbara LNG Plant Site
2004-09-07,31,BHP Billiton Announces Expansion of One-sixth Owned North West Shelf Liquefied Natural Gas Project
2004-09-11,31,"BHP Billiton to Invest INR 390 Billion in Orissa's Metal, Power Projects"
2004-09-13,31,BHP Billiton to Build Aluminium Smelter in Sarawak
2004-09-14,22,Petra Diamonds Ltd. Enters into Joint Venture with BHP Billiton Ltd
2004-09-16,29,BHP Billiton Provides Earnings Guidance for the Full Year of Fiscal 2005
2004-09-16,232,BHP Billiton Ltd. Announced On-Market Share Buy-Back Programme
2004-09-16,23,JFE Steel Inks an 11-Year Deal to Buy an Annual 16 Million Tons from BHP Billiton
2004-09-24,230,BHP Announces Extension of On-Market Buyback Program
2004-09-28,23,BHP Billiton Wins $3.2b China Iron Ore Deal
2004-09-29,23,BHP Secures $4.5 Billion Iron Ore Deal
2004-09-30,22,Steel Authority of India Limited Teams Up with BHP Billiton Ltd. to Develop Coking Coal and Iron Ore Mines
2004-10-01,80,"Announced Merger/Acquisition Transaction - Target: Tubridgi Field; Buyer(s): BHP Billiton Ltd.; Seller(s): Origin Energy Ltd., Pan Pacific Petroleum NL; Transaction Size: $5.3 mm"
2004-10-01,80,"Announced Merger/Acquisition Transaction - Target: Tubridgi Field; Buyer(s): BHP Billiton Ltd.; Seller(s): Origin Energy Ltd., Pan Pacific Petroleum NL; Transaction Size: $5.3 mm"
2004-10-05,232,BHP Billiton to Launch Massive Share Buy-Back
2004-10-05,232,BHP Billiton Ltd. announces an Equity Buyback in the amount of $1780 mm
2004-10-05,232,"BHP Group Limited (ASX:BHP) announces an Equity Buyback for $2,000 million worth of its shares."
2004-10-05,232,BHP Billiton Ltd. announces an Equity Buyback in the amount of $1780 mm
2004-10-05,232,"BHP Group Limited (ASX:BHP) announces an Equity Buyback for $2,000 million worth of its shares."
2004-10-06,232,BHP Billiton Ltd. Plans Share Buyback
2004-10-08,80,"Announced Merger/Acquisition Transaction - Target: BHP Billiton Ltd., NRE No 1 Mine; Buyer(s): Gujarat NRE Coke Ltd.; Seller(s): BHP Billiton Ltd."
2004-10-13,31,BHP Says Spence Copper Mine May Be Approved in Fourth Quarter
2004-10-18,23,"BHP Billiton Ltd. Awarded Contracts by Jiangsu Shagang Group, Maanshan Iron and Steel, Tangshan Iron and Steel, and Wuhan Iron and Steel"
2004-10-21,28,"BHP Billiton Reports Operating Results for the First Quarter Ended September 30, 2004"
2004-10-22,62,"BHP Billiton Ltd. Annual General Meeting Scheduled on November 25, 2004"
2004-10-25,31,BHP Billiton Announces Approval of US $990 Million Spence Copper Project in Northern Chile
2004-10-28,80,"Announced Merger/Acquisition Transaction - Target: Integris Metals CORP.; Buyer(s): Ryerson Tull Inc.; Seller(s): Alcoa Inc., BHP Billiton Ltd."
2004-11-01,23,Steel Authority Of India Ltd. Signs Coking Coal Import Agreement with BHP Billiton
2004-11-02,232,BHP Billiton Ltd. Plans to Buyback
2004-11-05,22,Nippon Steel and BHP Billiton Announces Strategic Alliance
2004-11-07,31,Alcoa and BHP Billiton to Invest $150 Million in Suriname Bauxite Mines
2004-11-08,31,BHP Billiton Ltd. Opens Representative Office in Hanoi
2004-11-15,80,Announced Merger/Acquisition Transaction - Target: Laminaria Oil Fields; Buyer(s): Paladin Oil & Gas (Australia) Pty Ltd.; Seller(s): BHP Billiton Ltd.
2004-11-15,80,Announced Merger/Acquisition Transaction - Target: Corallina Oil Fields; Buyer(s): Paladin Oil & Gas (Australia) Pty Ltd.; Seller(s): BHP Billiton Ltd.
2004-11-22,234,BHP Billiton Ltd. expired an Equity Buyback in the amount of $1780 mm
2004-11-22,234,BHP Billiton Ltd. expired an Equity Buyback in the amount of $1780 mm
2004-11-23,234,BHP Billiton Ltd. expired an Equity Buyback in the amount of $1780 mm
2004-11-23,230,BHP Billiton Announces That It Increase Its Share Buyback to AUD 2.27 Billion
2004-11-23,234,BHP Billiton Ltd. expired an Equity Buyback in the amount of $1780 mm
2004-11-24,23,"BHP Billiton, Premier Oil & Eni Enters Sales Agreement with Sui Southern Gas Co"
2004-11-26,81,AIM Resources Ltd exercised its option to acquire Perkoa Zinc Project from BHP Billiton Ltd. and Metorex Ltd.
2004-12-03,36,BHP Billiton Successfully Completes AUD 2.272 Billion Off-Market Share Buy-Back
2004-12-08,23,POSCO Signs 10 year Iron Ore Contract with BHP Billiton plc
2004-12-09,23,Citect Wins Contracts with Wmc Resources Ltd. and Bhp Billiton Ltd
2004-12-13,23,BHP Billiton Ltd. Wins Contract
2004-12-13,22,Metallica Minerals to Enter Joint Venture with BHP Billiton Ltd
2004-12-14,16,BHP Billiton Announces Appointment of Ian Ashby as President and Chief Operating Officer Western Australian Iron Ore
2004-12-16,81,"Closed Merger/Acquisition Transaction - Target: BHP Billiton Ltd., NRE No 1 Mine; Buyer(s): Gujarat NRE Coke Ltd.; Seller(s): BHP Billiton Ltd."
2004-12-31,95,BHP Billiton Limited(ASX:BHP) added to S&P Global BMI Index
2005-01-04,81,"Closed Merger/Acquisition Transaction - Target: Integris Metals CORP.; Buyer(s): Ryerson Tull Inc.; Seller(s): Alcoa Inc., BHP Billiton Ltd."
2005-01-07,23,BHP Billiton Extends Contract to Use Deep-Water Drilling Rig
2005-01-10,16,BHP Billiton Ltd. Appoints Dr. Xolani Mkhwanazi As Chief Operating Officer
2005-01-12,41,BHP Billiton Announces First Oil Production from the Greater Angostura Field in Trinidad and Tobago
2005-01-17,22,Minotaur Exploration to Operate Five Joint Ventures with BHP Billiton Ltd
2005-01-17,81,Closed Merger/Acquisition Transaction - Target: Corallina Oil Fields; Buyer(s): Paladin Oil & Gas (Australia) Pty Ltd.; Seller(s): BHP Billiton Ltd.
2005-01-17,81,Closed Merger/Acquisition Transaction - Target: Laminaria Oil Fields; Buyer(s): Paladin Oil & Gas (Australia) Pty Ltd.; Seller(s): BHP Billiton Ltd.
2005-01-19,41,BHP Announces First Oil/Gas Production at Mad Dog
2005-01-24,80,"Announced Merger/Acquisition Transaction - Target: WA-297-P block; Buyer(s): Total SA; Seller(s): BHP Billiton Ltd., Japan Australia LNG (MIMI) Pty Ltd., Woodside Petroleum Ltd."
2005-01-25,16,BHP Billiton Ltd. Names Carlos Cordeiro to its Board
2005-01-27,16,BHP Billiton Ltd. Appoint Mahomed Seedat as President of Energy Coal
2005-01-27,16,BHP Billiton Appoints Dave Murray as President of Metallurgical Coal
2005-01-27,23,Bluescope Enters into Contract with BHP
2005-01-31,80,"Announced Merger/Acquisition Transaction - Target: Tubridgi Field; Buyer(s): BHP Billiton Ltd.; Seller(s): Origin Energy Ltd., Pan Pacific Petroleum NL; Transaction Size: $5.3 mm"
2005-01-31,80,"Announced Merger/Acquisition Transaction - Target: Tubridgi Field; Buyer(s): BHP Billiton Ltd.; Seller(s): Origin Energy Ltd., Pan Pacific Petroleum NL; Transaction Size: $5.3 mm"
2005-02-08,23,BHP Billiton Ltd. Gets Contract from ANH
2005-02-09,22,Odyssey Resources Limited & BHP Billiton Advances Copper-Gold Porphyry Program
2005-02-15,55,"BHP Group to Report Fiscal Year 2005 Final Results on Aug 24, 2005"
2005-02-15,55,"BHP Billiton plc to Report First Half, 2005 Final Results on Feb 16, 2005"
2005-02-15,55,"BHP Group to Report First Half, 2005 Final Results on Feb 16, 2005"
2005-02-15,55,"BHP Billiton plc to Report Fiscal Year 2005 Final Results on Aug 24, 2005"
2005-02-16,28,"BHP Billiton Reports Earnings Results for the First Half Year Ended December 31, 2004"
2005-02-16,55,"BHP Billiton Ltd. to Report Q2, 2005 Results on February 16, 2005"
2005-02-16,48,"BHP Billiton Ltd., Q2 2005 Earnings Call, Feb-16-2005"
2005-02-18,80,Kermas Group signed an agreement to acquire Samancor Chrome from BHP Billiton and Anglo American plc for an enterprise value of approximately $470 million.
2005-02-24,22,BHP Billiton in Strategic R&D Alliance with Chinese Academy of Science
2005-02-28,31,Alcoa World Alumina and Chemicals Completes Refinery Expansion At Paranam Refinery
2005-03-04,23,"BHP Billiton Ltd., Erazo Valencia, Operaciones Petroleras Andinas and C&C Energy Awarded Contracts by ANH"
2005-03-09,80,BHP Group (ASX:BHP) offered a cash bid to acquire WMC Resources Ltd. (NYSE:WMC) for AUD 9.2 billion.
2005-03-09,80,BHP Billiton Plc (NYSE: BBL) offered a cash bid to acquire WMC Resources Ltd. (NYSE:WMC) for AUD 9.2 billion.
2005-03-09,80,BHP Group (ASX:BHP) offered a cash bid to acquire WMC Resources Ltd. (NYSE:WMC) for $7.3 billion.
2005-03-09,80,BHP Group (ASX:BHP) offered a cash bid to acquire WMC Resources Ltd. (NYSE:WMC) for AUD 9.2 billion.
2005-03-09,80,BHP Group (ASX:BHP) offered a cash bid to acquire WMC Resources Ltd. (NYSE:WMC) for $7.3 billion.
2005-03-09,80,BHP Billiton Plc (NYSE: BBL) offered a cash bid to acquire WMC Resources Ltd. (NYSE:WMC) for AUD 9.2 billion.
2005-03-10,150,BHP Billiton Ltd. Announces Change of Auditor
2005-03-13,31,BHP to Invest $170 Million in Reko Diq Epz
2005-03-14,22,Mitsui & Co. and BHP Billiton Ltd. Plans to Develop as Early as 2006 a Coal Mine in Australia
2005-03-17,31,BHP Billiton Ltd. Expands South American Iron Ore Pellet Plant
2005-03-17,31,BHP Billiton Reaches Native Title Deal over Yarrie Iron Ore Mine
2005-03-20,12,BHP To Cancel London Listing
2005-03-21,16,BHP Billiton Ltd. Appoints Ross Mallett as Secretary
2005-03-30,83,Announced Private Placement Transaction - Target: Odyssey Resources Ltd.; Investor(s): BHP Billiton Ltd.; Transaction Size: $0.07 mm
2005-03-31,31,BHP Billiton May Expand Coal Mine in Colombia
2005-04-13,31,BHP Billiton Ltd. Plans Hard Coking Coal Expansion
2005-04-13,65,China Shenhua Energy Might Sell Stakes To BHP Billiton and Rio Tinto
2005-04-16,65,BHP Billiton Considering Bid For Encana's Gulf Assets
2005-04-18,21,BHP Plans 1000 Job Cuts at Coal Mines in South Africa
2005-04-21,80,"Announced Merger/Acquisition Transaction - Target: BHP Billiton, Bass Lite Field; Buyer(s): Energy Resources Technology, Inc.; Seller(s): BHP Billiton Ltd."
2005-04-21,81,"Closed Merger/Acquisition Transaction - Target: BHP Billiton, Bass Lite Field; Buyer(s): Energy Resources Technology, Inc.; Seller(s): BHP Billiton Ltd."
2005-04-27,83,Odyssey Resources Ltd. announced that it has received $0.07 million in funding from BHP Billiton Ltd..
2005-04-29,22,General Minerals Corporation Announces Fourth Property Agreement and Options Dragoon Porphyry Copper Prospect in Arizona to Major Resources Company
2005-05-10,16,BHP Billiton Ltd. Appoints Peter Beaven Head of Manganese Operations
2005-05-12,23,"QN1 Selects CH4 and BHP Billiton's Joint Venture, Moranbah Gas Project to Power Yabulu Nickel and Cobalt Refinery"
2005-05-12,22,ROC Oil Co. Ltd. Signs $5 Million Deal with BHP Billiton Ltd
2005-05-13,97,"BHP Billiton plc, Special/Extraordinary Shareholders Meeting, Jun 13, 2005"
2005-05-13,97,"BHP Group, Special/Extraordinary Shareholders Meeting, Jun 13, 2005"
2005-05-17,22,Ivanhoe to Form Falcon Exploration Joint Venture Partnership with BHP Billiton
2005-05-19,28,"BHP Billiton Ltd. Reports Earnings Results for the Half Year Ended December 31, 2004"
2005-05-25,25,BHP Charged over Fatal Blast
2005-05-31,81,Mogale Alloys acquired Palmiet chrome business of BHP Group (ASX:BHP) for the consideration of $12 million.
2005-05-31,81,Mogale Alloys acquired Palmiet chrome business of BHP Billiton for the consideration of $12 million.
2005-06-01,81,Kermas Group completed the acquisition of Samancor Chrome from BHP Billiton and Anglo American plc.
2005-06-03,81,BHP Group (ASX:BHP) closed the offer to acquire WMC Resources Ltd. (NYSE:WMC).
2005-06-03,81,BHP Billiton Plc (NYSE: BBL) closed the offer to acquire WMC Resources Ltd. (NYSE:WMC).
2005-06-03,81,BHP Group (ASX:BHP) closed the offer to acquire WMC Resources Ltd. (NYSE:WMC).
2005-06-03,23,BHP Billiton Ltd. Enters into Joint Venture with Four Chinese Steel Manufacturers to Mine and Export Iron Ore
2005-06-03,81,BHP Billiton Plc (NYSE: BBL) closed the offer to acquire WMC Resources Ltd. (NYSE:WMC).
2005-06-03,81,BHP Group (ASX:BHP) closed the offer to acquire WMC Resources Ltd. (NYSE:WMC).
2005-06-03,81,BHP Group (ASX:BHP) closed the offer to acquire WMC Resources Ltd. (NYSE:WMC).
2005-06-06,16,"BHP Billiton Ltd. Announces Establishment of Base Metals Australia Office in Adelaide; Appoints Roger Higgins as Vice President and Chief Operating Officer, Base Metals, Australia"
2005-06-06,31,"BHP Billiton Ltd. Announces Establishment of Base Metals Australia Office in Adelaide; Appoints Roger Higgins as Vice President and Chief Operating Officer, Base Metals, Australia"
2005-06-06,31,BHP Billiton May Invest $300 Million in Indonesian Coal Mine
2005-06-09,29,BHP Billiton Ltd. Announces Sales Guidance for the Fiscal Year to June 2005
2005-06-10,31,BHP Billiton plc Palns to Expand North West Shelf Project
2005-06-16,22,BHP Billiton and Rio Tinto Form an Unprecedented Alliance to Protect Their Iron Ore
2005-06-30,31,BHP Billiton Announces Approval of Capital Expenditure to Develop the Neptune Oil and Gas Field in the Gulf of Mexico
2005-07-05,81,"Closed Merger/Acquisition Transaction - Target: Tubridgi Field; Buyer(s): BHP Billiton Ltd.; Seller(s): Origin Energy Ltd., Pan Pacific Petroleum NL; Transaction Size: $5.3 mm"
2005-07-05,81,"Closed Merger/Acquisition Transaction - Target: Tubridgi Field; Buyer(s): BHP Billiton Ltd.; Seller(s): Origin Energy Ltd., Pan Pacific Petroleum NL; Transaction Size: $5.3 mm"
2005-07-05,81,"Closed Merger/Acquisition Transaction - Target: Tubridgi Field; Buyer(s): BHP Billiton Ltd.; Seller(s): Origin Energy Ltd., Pan Pacific Petroleum NL; Transaction Size: $5.3 mm"
2005-07-05,81,"Closed Merger/Acquisition Transaction - Target: Tubridgi Field; Buyer(s): BHP Billiton Ltd.; Seller(s): Origin Energy Ltd., Pan Pacific Petroleum NL; Transaction Size: $5.3 mm"
2005-07-13,65,Global Oil Giants Want To Dig Into ONGC’s Deep Water Blocks
2005-07-19,80,"Announced Merger/Acquisition Transaction - Target: WA-329-P; Buyer(s): Apache Energy Limited, BHP Billiton Ltd.; Seller(s): Octanex NL, Rocky Mountain Minerals Inc., Strata Resources N.L.; Transaction Size: $1.4 mm"
2005-07-19,80,"Announced Merger/Acquisition Transaction - Target: WA-329-P; Buyer(s): Apache Energy Limited, BHP Billiton Ltd.; Seller(s): Octanex NL, Rocky Mountain Minerals Inc., Strata Resources N.L.; Transaction Size: $1.4 mm"
2005-07-21,23,BHP Billiton Set to Unveil Iron Ore Deal Worth Up to AUD 8 Billion
2005-07-21,23,BHP Billiton Ltd. Signs $4.3 Billion Iron Ore Agreement With JFE Steel
2005-07-29,22,BHP Billiton Ltd. and Baosteel Corporation Sign Research Agreement
2005-08-10,23,Consolidated Abaddon Resources Inc. Announces Signing of Option Agreement on Labrador Properties
2005-08-11,55,"BHP Billiton Ltd. to Report Q4, 2005 Results on August 24, 2005"
2005-08-15,23,OneSteel Ltd. Signs 5-Yeat Marketing Deal with BHP Billiton Ltd
2005-08-18,44,BHP Billiton Workers Walked Off the Job for 48 Hours over Pay and Conditions
2005-08-21,29,BHP Billiton plc Provides Earnings Guidance for the Full Year of 2005
2005-08-23,48,"BHP Billiton Ltd., 2005 Earnings Call, Aug-24-2005"
2005-08-24,3,BHP Billiton Still Ranks Acquisitions Part Of Priority
2005-08-24,21,BHP Billiton plc Hot Briquetted Iron Facilities to Close At Boodarie Iron
2005-08-25,23,View Resources Adopts BHP's Geoferret Technology
2005-08-29,23,Newcastle Coal Infrastructure Group Wins Contract from NSW Government to Build Coal Loader in Newcastle
2005-08-29,230,BHP Billiton Ltd. Extends Share Buyback
2005-09-01,31,"Codelco, BHP Billiton Ltd. Get Permit to Build Copper Plant"
2005-09-02,16,BHP Billiton Ltd. Appoints Marcus Randolph as Chief Human Capital & Excellence Officer
2005-09-07,80,"Petra Diamonds Ltd. entered into an agreement to acquire Kalahari Diamonds Ltd. from BHP Billiton plc, International Finance Corporation and other shareholders for £11.9 million."
2005-09-07,80,"Petra Diamonds Ltd. entered into an agreement to acquire Kalahari Diamonds Ltd. from BHP Group (ASX:BHP), International Finance Corporation and other shareholders for £11.9 million."
2005-09-08,16,BHP Billiton plc and BHP Billiton Ltd. Announces Board Chnages
2005-09-13,31,BHP and Partners to Spend Up to AUD 2 Billion on Australian Oil Project
2005-09-16,65,Takeover Rumors Buoy Spinnaker
2005-09-19,62,"BHP Billiton Ltd., Annual General Meeting, Nov 25, 2005"
2005-09-19,62,"BHP Group, Annual General Meeting, Oct 20, 2005"
2005-09-19,62,"BHP Billiton plc, Annual General Meeting, Oct 20, 2005"
2005-09-21,22,Red Metal Ltd. Forms Joint Venture with Bhp Billiton Ltd
2005-09-22,22,Falcon Minerals Ltd. and BHP Billiton Recommences Diamond Drilling
2005-09-23,65,"SAIL, BHP To Buy Australian Coking Coal Mine"
2005-09-30,81,"Petra Diamonds Ltd. completed the acquisition of Kalahari Diamonds Ltd. from BHP Group (ASX:BHP), International Finance Corporation and other shareholders."
2005-09-30,81,"Petra Diamonds Ltd. completed the acquisition of Kalahari Diamonds Ltd. from BHP Billiton plc, International Finance Corporation and other shareholders."
2005-10-04,16,BHP Billiton Ltd. Appoints Peter Beaven as President of Manganese Business
2005-10-05,16,BHP Billiton plc Appoints Peter Beaven as President Manganese
2005-10-05,16,BHP Billiton plc Appoints Peter Beaven as President Manganese
2005-10-07,31,BHP Billiton and Mitsubishi to Build Aluminum Smelter in Malaysia
2005-10-12,16,BHP Billiton plc Appoints Marcus Randolph as Chief Human Capital & Excellence Officer
2005-10-12,16,BHP Billiton Ltd. Appoints Marcus Randolph as Chief Human Capital & Excellence Officer
2005-10-13,41,BHP Billiton plc Announces Update on US GOM Operations
2005-10-13,26,BHP Billiton Revised Production Guidance for the Year 2005
2005-10-14,16,BHP Billiton Ltd. and BHP Billiton plc Announces Board Changes
2005-10-14,16,BHP Billiton Ltd. and BHP Billiton plc Announces Board Changes
2005-10-14,16,BHP Billiton Ltd. and BHP Billiton plc Announces Board Changes
2005-10-14,16,BHP Billiton Ltd. and BHP Billiton plc Announces Board Changes
2005-10-19,83,SouthernEra Diamonds Inc. announced it expects to receive Cdn $9.38 million in funding.
2005-10-20,31,BHP Billiton Increase Capacity at WA IO
2005-10-20,31,BHP Billiton plc Announces Approval of the Samarco Third Pellet Plant Project in Brazil
2005-10-21,16,BHP Billiton Plc and BHP Billiton Ltd. Names E Gail de Planque as a Director
2005-10-21,31,BHP Invests $1.3 Billion to Increase Output
2005-10-21,31,BHP Billiton to Spend $1.71 Billion Upgrading Its West Australian Operations
2005-10-28,50,BHP Billiton Ltd. - Shareholder/Analyst Call
2005-11-01,22,BHP Billiton Ltd. Plans Joint Venture With Mitsubishi Corp
2005-11-01,23,BHP Billiton Wins Construction Order
2005-11-01,22,Jubilee Platinum Enter into Agreement with BHP Billiton
2005-11-11,16,BHP Billiton Announces Appointment of Alberto Calderon as President of Diamonds and Specialty Products
2005-11-11,23,BHP Billiton Announces Partnership To Support Giant Panda Research In China
2005-11-11,16,BHP Billiton Announces Appointment of Alberto Calderon as President of Diamonds and Specialty Products
2005-11-22,31,BHP Billiton to Expand Zamzama Natural Gas Field in Pakistan
2005-11-23,31,BHP Billiton Announces $3 Billion Iron Ore Expansion
2005-11-24,31,BHP Billiton to Develop Stybarrow Oil Field in Exmouth Sub-Basin
2005-11-27,65,BHP Billiton May Offer Stake In Indonesia Mine To SAIL
2005-11-28,31,"Alcoa and BHP Billiton Start Up its Aluminum Smelter Expansion in Sao Luis, Brazil"
2005-11-29,80,BHP Billiton Limited (ASX: BHP) signed a definitive agreement to acquire Jaguar Nickel S.A. from Jaguar Nickel Inc. for CAD 19 million in cash.
2005-11-29,63,BHP Billiton Mulls Options For WMC Fertilizer Ops
2005-11-29,80,BHP Billiton Limited (ASX: BHP) signed a definitive agreement to acquire Jaguar Nickel S.A. from Jaguar Nickel Inc. for CAD 19 million in cash.
2005-11-29,80,BHP Billiton Limited (ASX: BHP) signed a definitive agreement to acquire Jaguar Nickel S.A. from Jaguar Nickel Inc. for CAD 19 million in cash.
2005-11-29,80,BHP Billiton Limited (ASX: BHP) signed a definitive agreement to acquire Jaguar Nickel S.A. from Jaguar Nickel Inc. for CAD 19 million in cash.
2005-12-06,1,BHP Seeks Buyers for WMC Phosphate Mine
2005-12-07,16,BHP Billiton Announces Senior Management Changes
2005-12-08,16,BHP Billiton plc Announces Management Changes
2005-12-08,16,BHP Billiton plc Announces Management Changes
2005-12-08,16,BHP Billiton plc Announces Board Appointments
2005-12-08,16,BHP Billiton plc Announces Executive and Board Changes
2005-12-08,25,Yomhlaba Resources Sues BHP Billiton and its Subsidiaries
2005-12-08,16,BHP Billiton plc Announces Board Appointments
2005-12-15,22,BHP Billiton Ltd. Enters into a Joint Venture with JFE Steel Corp
2005-12-19,31,BHP Billiton plc Announces Approval of the Alumar Alumina Refinery Expansion
2005-12-20,41,"Chevron and Partners, Weatherford International Ltd., Anadarko Petroleum Corp., and Bhp Billiton Ltd. Drill Deepest Well in Gulf of Mexico"
2005-12-20,41,BHP Billiton Ltd. Announces Discovery At the Knotty Head Exploration Well
2005-12-21,23,Nippon Steel Corp. Signs Long Term Iron Ore Deals with Suppliers
2005-12-30,83,SouthernEra Diamonds Inc. announced that it has received CAD 9.41 million in funding from BHP Billiton Ltd..
2005-12-31,81,"Total SA completed the acquisition of 50% stake in WA-297-P block from the block's shareholders Woodside, BHP Billiton and Japan Australia LNG (MIMI) Pty Ltd."
2005-12-31,81,BHP Billiton Ltd. acquired 2 Namibian Offshore Oil & Gas Exploration Blocks.
2006-01-03,16,Mr Marius J Kloppers Joins as an Executive Director of BHP Billiton Ltd. and BHP Billiton plc
2006-01-03,16,Mr. Marius J Kloppers Joins as an Executive Director of BHP Billiton Ltd. and BHP Billiton plc
2006-01-03,16,Mr Marius J Kloppers Joins as an Executive Director of BHP Billiton Ltd. and BHP Billiton plc
2006-01-03,16,Mr. Marius J Kloppers Joins as an Executive Director of BHP Billiton Ltd. and BHP Billiton plc
2006-01-03,16,BHP Billiton plc and BHP Billiton Ltd. Appoints Christopher Lynch as Executive Director
2006-01-04,31,BHP Billiton Ltd. Announces Approval of the Samarco Third Pellet Plant Project in Brazil
2006-01-05,16,BHP Billiton Ltd. Appoints Mr Alberto Calderon as President Diamonds and Specialty Products Based in London
2006-01-16,23,BHP to Supply Iron Ore to INI Steel
2006-01-19,1,BHP To Sell Southern Cross Fertilisers
2006-01-30,29,"BHP Billiton Ltd. Provides Earnings Guidance for the Half Year Ended December 31, 2005"
2006-01-31,81,"BHP Billiton Limited (ASX: BHP) completed the acquisition of Jaguar Nickel, S.A. from Jaguar Nickel Inc."
2006-01-31,81,"BHP Billiton Limited (ASX: BHP) completed the acquisition of Jaguar Nickel, S.A. from Jaguar Nickel Inc."
2006-01-31,81,"BHP Billiton Limited (ASX: BHP) completed the acquisition of Jaguar Nickel, S.A. from Jaguar Nickel Inc."
2006-01-31,81,"BHP Billiton Limited (ASX: BHP) completed the acquisition of Jaguar Nickel, S.A. from Jaguar Nickel Inc."
2006-01-31,23,ANH Approves Two E&P Contracts for BHP Billiton
2006-02-01,23,European Diamonds Announces Marketing Partnership with BHP Billiton
2006-02-01,31,BHP Billiton Ltd. Announces Approval of Alumar Alumina Refinery Expansion Project in Brazil
2006-02-01,55,"BHP Billiton Ltd. to Report Fiscal Year 2006 Results on August 23, 2006"
2006-02-08,1,BHP Billiton in Talks over Sale of Tintaya copper mine in Peru
2006-02-08,1,"BHP may Sell Copper Mine, Talks to Prospective Buyers"
2006-02-13,55,"BHP Group to Report First Half, 2006 Final Results on Feb 15, 2006"
2006-02-13,55,"BHP Billiton plc to Report First Half, 2006 Final Results on Feb 15, 2006"
2006-02-14,48,"BHP Billiton Ltd., Q2 2006 Earnings Call, Feb-15-2006"
2006-02-14,28,"BHP Billiton Ltd. Reports Earnings Results for the Six Months Ended Dec. 31, 2005"
2006-02-14,28,BHP Billiton plc Reports Earnings Results for the First Half of Fiscal 2006
2006-02-14,152,BHP Billiton planned to announce a $2 billion share buy back program
2006-02-15,232,BHP Billiton Ltd. announces an Equity Buyback in the amount of $2000 mm
2006-02-16,65,Xstrata gains on vague talk of BHP mulling bid
2006-02-17,31,BHP Billiton Ltd. to Build $700 million Water Plant
2006-02-21,41,"Shear Minerals Ltd, Stornoway Diamond Corporation and BHP Billiton Announces the Recovery of High Counts of G10 Pyrope Garnets"
2006-02-28,80,Suez Energy South America Participações Ltda. and Alcoa Aluminio S.A. agreed to acquire an additional 16.48% stake in Consorcio Estreito Energia from BHP Billiton Ltd. (ASX: BHP).
2006-03-06,16,BHP Billiton Announces Executive Changes
2006-03-06,102,BHP Billiton Announces Executive Changes
2006-03-07,16,BHP Billiton plc Announces Executive Changes
2006-03-07,16,BHP Billiton Ltd. Announces Management Changes
2006-03-14,65,Milpo in Talks for BHP Billiton's Tintaya Mine
2006-03-14,16,BHP Billiton Ltd. Announces Management Changes
2006-03-22,44,"Union Ready to Shut Down BHP Billiton's Ekati in Northwest Territories, Strike Notice Served for March 29, 2006"
2006-03-28,44,BHP Billiton to Resume Contract Talks At Ekati Diamond Mine in N.W.T
2006-04-03,44,PSAC Files Complaint of Unfair Labour Practice Against BHP Billiton
2006-04-03,23,CNOOC Ltd. Signs Deal with BHP Billiton Ltd
2006-04-05,23,Energy Resources of Australia and BHP Billiton Ltd. to Sell Uranium to Taiwan Power
2006-04-05,31,BHP Billiton to Expand Australian Uranium Mine
2006-04-08,44,BHP Billiton Ltd. Workers Walk Off Job
2006-04-10,65,"BP, BHP Billiton Eye Stakes in India's ONGC Oil Blocks"
2006-04-11,23,BHP Billiton Signs Offshore E&P Contracts with ANH
2006-04-15,31,BHP Billiton Ltd. Worsley Alumina Refinery Gets Environmental Approval
2006-04-21,23,General Minerals Corporation Announces Termination with BHP Billiton on the Dragoon Copper Property
2006-04-26,16,BHP Billiton plc Announces Executive Changes
2006-04-26,16,BHP Billiton plc Announces Executive Changes
2006-04-26,16,"BHP Billiton plc Announces Board Appointments, Effective June 6, 2006"
2006-04-26,16,"BHP Billiton plc Announces Board Appointments, Effective June 6, 2006"
2006-04-27,16,BHP Billiton Ltd. Announces Executive Appointments
2006-04-27,232,BHP Billiton plc announces an Equity Buyback in the amount of $403 mm
2006-04-27,16,BHP Billiton plc Appoints Ian Ashby as New Executive Committee Member
2006-04-27,232,BHP Group (ASX:BHP) announces an Equity Buyback for $403 million worth of its shares.
2006-04-28,232,BHP Billiton plc announces an Equity Buyback in the amount of $403 mm
2006-04-28,232,BHP Group (ASX:BHP) announces an Equity Buyback for $403 million worth of its shares.
2006-05-02,16,BHP Billiton Ltd. Announces Appointment of Ian Ashby to its Executive Committee
2006-05-03,1,BHP Mulls Sale of Stake in Cascade Oil Find
2006-05-03,1,BHP Might Sell Stake in Oil Find
2006-05-07,28,BHP Billiton Ltd. Reports Earnings Results for the First Half of Fiscal 2006
2006-05-08,22,BHP Billiton Signs Two Exploration Contracts in Colombia with Empresa Colombiana De Petroleos
2006-05-16,234,BHP Billiton plc closed an Equity Buyback in the amount of $403 mm
2006-05-16,234,BHP Billiton plc closed an Equity Buyback in the amount of $403 mm
2006-05-16,234,BHP Billiton plc closed an Equity Buyback in the amount of $403 mm
2006-05-16,234,BHP Billiton plc closed an Equity Buyback in the amount of $403 mm
2006-05-17,23,Pan Australian in Copper Sale Agreement with Bhp Billiton
2006-05-23,44,Public Service Alliance of Canada and BHP Billiton to Resume Negotiations
2006-05-24,81,Total SA (ENXTPA: FP) acquired 25% stake in WA-301-P Block from BHP Billiton Ltd. (ASX: BHP).
2006-05-31,25,Lawsuit Filed Against BHP Billiton Ltd
2006-05-31,65,Alcan Terms Takeover Talks as Speculation
2006-06-01,44,Union to File Labour Charges Against Ekati Mine Owner BHP Billiton
2006-06-04,1,BHP Billiton joins North Sea exodus in $450m stake sale
2006-06-06,16,Jacques Nasser Joins as Director of BHP Billiton plc and BHP Billiton Ltd
2006-06-06,16,Jacques Nasser Joins as Director of BHP Billiton plc and BHP Billiton Ltd
2006-06-06,16,Jacques Nasser Joins as Director of BHP Billiton plc and BHP Billiton Ltd
2006-06-06,16,Jacques Nasser Joins as Director of BHP Billiton plc and BHP Billiton Ltd
2006-06-08,62,"BHP Group, Annual General Meeting, Oct 26, 2006"
2006-06-08,31,BHP Billiton Ltd. Announces USD 4.4 Billion Development in Gulf of Mexico
2006-06-08,55,"BHP Billiton plc to Report Fiscal Year 2006 Final Results on Aug 23, 2006"
2006-06-08,55,"BHP Group to Report Fiscal Year 2006 Final Results on Aug 23, 2006"
2006-06-08,62,"BHP Billiton plc, Annual General Meeting, Oct 26, 2006"
2006-06-08,62,"BHP Billiton Ltd., Annual General Meeting, Nov 29, 2006"
2006-06-13,22,Norilsk Nickel Mining and Metallurgical Co. and BHP Billiton plc to Form Joint Venture to Explore for Minerals in Russia
2006-06-16,21,BHP Billiton Plans to Close Jinxed Boodarie Iron Plant At Port Hedland
2006-06-19,3,"BHP Billiton Has A$44 Billion, Which May Be Used for Acquisitions"
2006-06-20,44,BHP Billiton Ltd. Announces Unfair Labour Practice Charges
2006-06-21,80,AGL Energy Limited (ASX: AGK) agreed to acquire a 50% stake in Moranbah gas project from BHP Billiton Ltd. (ASX: BHP) for AUD 93 million.
2006-06-23,44,Public Service Alliance of Canada Reaches Tentative Agreement for Striking Ekati Diamond Mine Workers with Ekati Owner BHP Billiton Ltd
2006-06-28,81,Xstrata plc completed the acquisition of Bhp Billiton Tintaya S.a. from BHP Billiton Plc.
2006-06-28,81,Xstrata plc acquired Bhp Billiton Tintaya S.a. from BHP Group (ASX:BHP) for $860 million.
2006-06-28,31,BHP Billiton Approves Koala Underground Project
2006-06-30,44,PSAC Members at Ekati Diamond Mine Vote to Ratify Tentative Agreement with BHP Billiton Ltd.
2006-07-01,22,BHP Billiton Ltd. and POSCO Plan Joint India Venture
2006-07-03,65,"Analysts See Rio Tinto, BHP as Alcoa Predators"
2006-07-05,29,BHP Billiton Ltd. Provides Earnings Guidance for the Full Year of Fiscal 2006
2006-07-07,31,BHP Billiton Ltd. Plans to Foray into Mining
2006-07-11,81,Suez Energy South America Participações Ltda. and Alcoa Aluminio S.A. completed the acquisition of an additional 16.48% stake in Consorcio Estreito Energia from BHP Billiton Ltd. (ASX: BHP).
2006-07-25,28,"BHP Billiton Ltd. Reports Production Results for the Fourth Quarter Ended June 30, 2006"
2006-08-01,101,"Mike Salamon to Retire from BHP Billiton plc as Executive President, Chief Executive and Board Member"
2006-08-01,16,"Mike Salamon to Retire from BHP Billiton plc as Executive President, Chief Executive and Board Member"
2006-08-01,16,"Mike Salamon to Retire from BHP Billiton plc as Executive President, Chief Executive and Board Member"
2006-08-01,101,"Mike Salamon to Retire from BHP Billiton plc as Executive President, Chief Executive and Board Member"
2006-08-01,31,BHP to Unveil Bentley Centre
2006-08-03,31,BHP Billiton Ltd. Launches New Technology Centre in Perth
2006-08-04,44,BHP Billiton plc Continues Talks with Union to Avert Strike at Escondida Mine
2006-08-06,65,Gaz De France Leads The Bidding For Bhp Billiton's North Sea Arm
2006-08-07,65,BHP Billiton Close To Sale Of North Sea Bruce Stake
2006-08-08,44,BHP Billiton Faces Strike At its Escondida Copper Mine in Chile
2006-08-08,44,BHP Billiton plc Declares Force Majeure At Escondida Mine as Strike Continues
2006-08-09,44,BHP Billiton plc Announces Meeting End Without Resolution at the Escondida Copper Mine in Chile
2006-08-10,31,BHP Billiton Ltd. Opens Technology Centre
2006-08-14,44,BHP Billiton plc Holds Further Talks with Escondida Workers as Strike Continues
2006-08-15,81,Devon Energy Corporation acquired 25% in Deepwater Discovery in The Gulf Of Mexico from BHP Billiton.
2006-08-15,81,Devon Energy Corporation acquired additional 25% in Deepwater Discovery in The Gulf Of Mexico from BHP Group (ASX:BHP).
2006-08-15,81,Devon Energy Corporation acquired 25% in Deepwater Discovery in The Gulf Of Mexico from BHP Group (ASX:BHP).
2006-08-15,81,Devon Energy Corporation acquired 25% in Deepwater Discovery in The Gulf Of Mexico from BHP Billiton.
2006-08-15,81,Devon Energy Corporation acquired additional 25% in Deepwater Discovery in The Gulf Of Mexico from BHP Group (ASX:BHP).
2006-08-15,81,Devon Energy Corporation acquired 25% in Deepwater Discovery in The Gulf Of Mexico from BHP Group (ASX:BHP).
2006-08-16,81,America Petrobras Inc acquired an additional 41.67% stake in Chinook field from BHP Billiton and Hess Corp.
2006-08-18,44,BHP Closes Copper Mine over Strike
2006-08-19,21,BHP Billiton Ltd. Ends Strike Talks and Shuts Chile Mine
2006-08-21,81,"Energy Resource Technology, Inc. acquired Little Burn Oil Field from BHP Billiton and Noble Energy Inc."
2006-08-21,81,"Energy Resource Technology, Inc. acquired Typhoon Oil Field from Chevron Corp., BHP Billiton."
2006-08-21,81,"Energy Resource Technology, Inc. acquired Boris Oil Field from Chevron Corp., BHP Billiton and Noble Energy Inc."
2006-08-21,44,Escondida Miners Reject New Offer from BHP Billiton
2006-08-22,81,AGL Energy Limited (ASX: AGK) completed the acquisition of a 50% stake in Moranbah gas project from BHP Billiton Ltd. (ASX: BHP).
2006-08-22,16,BHP Billiton plc Appoints Robert Franklin as Secretary
2006-08-23,3,BHP Billiton May Seek Acquisitions
2006-08-23,232,BHP Billiton plc announces an Equity Buyback in the amount of $3000 mm
2006-08-24,28,"Bhp Billiton plc Posts Earnings Results for the Second Half Six Months Ended June 30, 2006"
2006-08-24,28,"BHP Billiton Reports Earnings Results for the Second Half Ended June 30, 2006"
2006-08-24,16,Australian Gas Light Co. and BHP Billiton Ltd. Announces Executive Changes
2006-08-27,31,BHP Billiton Increases Investment in Sub-Saharan Africa
2006-08-28,3,BHP Billiton On The Lookout For Acquisitions
2006-08-31,44,BHP Billiton Ltd. Reaches Preliminary Agreement with Union Leaders At Its Escondida Copper Mine
2006-09-01,44,BHP Billiton to Restore Full Production at Escondida Copper Mine
2006-09-01,44,BHP Billiton Ltd. Reaches Pay Deal with Workers
2006-09-04,81,"Cargill, Inc. acquired 13.3% stake in RightShip Pty Ltd. from BHP Billiton Ltd. (ASX:BHP) and Rio Tinto Group (LSE:RIO)."
2006-09-04,81,"Cargill, Inc. acquired 13.3% stake in RightShip Pty Ltd. from BHP Billiton Ltd. (ASX:BHP) and Rio Tinto Ltd. (ASX:RIO)."
2006-09-04,81,"Cargill, Inc. acquired 13.3% stake in RightShip Pty Ltd. from BHP Billiton Ltd. (ASX:BHP) and Rio Tinto Ltd. (ASX:RIO)."
2006-09-04,81,"Cargill, Inc. acquired 13.3% stake in RightShip Pty Ltd. from BHP Billiton Ltd. (ASX:BHP) and Rio Tinto Group (LSE:RIO)."
2006-09-08,65,Global Alumina Says In Talks On Partnership
2006-09-08,44,BHP Billiton plc Faces Another Strike by Copper Miners in Chile
2006-09-12,65,Skye Resources Shares Jump Amidst Takeover Reports
2006-09-13,65,Boliden CEO Says No Contact With BHP Billiton Over Acquisition
2006-09-14,31,Ivanhoe-BHP Billiton Falcon Gobi Joint Venture Discovers Two Large Induced Polarization Chargeability Anomalies North and Northwest of the Oyu Tolgoi Copper and Gold Mine Development Project in Southern Mongolia
2006-09-19,44,BHP Pushes Wage Deal at Copper Project
2006-09-21,44,BHP Billiton Ltd. Mine Workers Continue Negotiations
2006-09-26,234,BHP Billiton Ltd. closed an Equity Buyback in the amount of $1600 mm
2006-09-27,22,"FerrAus Ltd, BHP Billiton Ltd. and Mithril Resources Ltd. Launches 11 Drill-Holes Programme at Silver Swan North Joint Venture Project"
2006-10-04,230,"Update to BHP Billiton Ltd.'s Equity Buyback on September 15, 2006"
2006-10-11,22,"Codelco, BHP Billiton Ltd. End Alliance Copper Joint Venture"
2006-10-12,22,BHP Billiton and Mitsubishi Announce Agreement to Explore for Bauxite
2006-10-12,23,North West Shelf Venture Renews LNG Supply Deal with Chubu Electric
2006-10-17,194,BHP Group - Special Call
2006-10-17,55,"BHP Billiton plc to Report First Half, 2007 Final Results on Feb 07, 2007"
2006-10-17,55,"BHP Group to Report First Half, 2007 Final Results on Feb 07, 2007"
2006-10-17,55,"BHP Group to Report Fiscal Year 2007 Results on Aug 22, 2007"
2006-10-17,55,"BHP Billiton plc to Report Fiscal Year 2007 Results on August 22, 2007"
2006-10-17,194,BHP Billiton plc - Special Call
2006-10-20,3,BHP Billiton Eyes Acquisitions
2006-10-20,16,BHP Billiton Ltd. Appoints Mike Yeager as Head of the Petroleum Division
2006-10-24,25,Fortescue Metals Group Ltd. Sues BHP Billiton Ltd. over Rail Access
2006-10-27,16,BHP Billiton plc Appoints Jimmy Wilson as President of Stainless Steel Materials Unit
2006-10-30,23,Qingdao Port to Select BHP Billiton Ltd.'s Iron Ore and Increase Imports
2006-10-31,16,BHP Billiton Ltd. Appoints Jimmy Wilson as President of its Stainless Steel Materials Customer Sector Group
2006-10-31,16,BHP Billiton Ltd. Names Jane McAloon as Company Secretary
2006-11-02,41,BHP Billiton Announces Hydrocarbon Discovery at Ruby-1 Offshore Trinidad
2006-11-05,22,"Global Alumina Enters a Joint Venture with BHP Billiton, Dubai Aluminium Company and Mubadala Development Company"
2006-11-06,51,BHP Billiton Ltd. - Conference Presentation Call
2006-11-10,80,"BHP Billiton (NYSE: BHP; NYSE: BBL), Hess Corporation (NYSE: HES) and Repsol YPF (NYSE: REP) agreed to acquire the Genghis Khan discovery from Anadarko Petroleum Corporation (NYSE: APC) for a reported consideration of $1.35 billion."
2006-11-12,81,"BHP Billiton (NYSE: BHP; NYSE: BBL), Hess Corporation (NYSE: HES) and Repsol YPF (NYSE: REP) completed the acquisition of the Genghis Khan discovery from Anadarko Petroleum Corporation (NYSE: APC)."
2006-11-12,81,"BHP Billiton (NYSE: BHP; NYSE: BBL), Hess Corporation (NYSE: HES) and Repsol YPF (NYSE: REP) completed the acquisition of the Genghis Khan discovery from Anadarko Petroleum Corporation (NYSE: APC)."
2006-11-14,23,BHP Billiton Ltd. Extends Drill Rig Contracts in US Gulf
2006-11-15,81,"BHP Billiton (NYSE: BHP; NYSE: BBL), Hess Corporation (NYSE: HES) and Repsol YPF (NYSE: REP) completed the acquisition of the Genghis Khan discovery from Anadarko Petroleum Corporation (NYSE: APC)."
2006-11-15,81,"BHP Billiton (NYSE: BHP; NYSE: BBL), Hess Corporation (NYSE: HES) and Repsol YPF (NYSE: REP) completed the acquisition of the Genghis Khan discovery from Anadarko Petroleum Corporation (NYSE: APC)."
2006-11-20,1,BHP Billiton Talks To Buyers For Optimum Coal Mine
2006-11-21,81,Mitsui & Co. Ltd. acquired a 15% stake in 2 Namibian offshore oil and gas exploration areas from BHP Billiton Ltd.
2006-11-22,65,Freeport-McMoRan Stock Up Amid BHP Bid Speculation
2006-11-29,3,"BHP Billiton Expansion In Gold, May Buy Mine"
2006-11-30,3,BHP Denies Plan To Buy Gold Mine
2006-12-06,65,BHP Billiton Eyes Partnership Deal With Coal India
2006-12-12,23,North West Shelf Venture Signs LNG Supply Deal with Tokyo Gas
2006-12-18,65,"Mitsubishi, BHP, Tata To Bid For KPC, Arutmin"
2006-12-19,23,Taiwan Power Signs Contract with Energy Resources of Australia and BHP Billiton
2006-12-19,25,BHP Billiton Ltd. Slams Pilbara Iron Ore Rail Decision
2006-12-20,23,Jaguar Nickel Announces Termination of Exploration Alliance with BHP Billiton
2006-12-21,23,"Tokyo Electric Power Renews NW Shelf Venture Contract with Woodside Petroleum Ltd., BHP Billiton Ltd., BP Developments Australia Pty Ltd, Chevron Australia Pty. Ltd., Japan Australia LNG (MIMI) Pty Ltd. and Shell Development (Australia) Pty Ltd"
2006-12-27,23,Motapa Diamonds Ends Agreement with BHP Billiton
2006-12-31,81,"BHP Billiton Petroleum Pty Ltd and Apache Energy Limited completed the acquisition of 100% working interest in WA-329-P from Rocky Mountain Minerals Inc., Strata Resources N.L. and Octanex N.L."
2006-12-31,81,"BHP Billiton Petroleum Pty Ltd and Apache Energy Limited completed the acquisition of 100% working interest in WA-329-P from Rocky Mountain Minerals Inc., Strata Resources N.L. and Octanex N.L."
2006-12-31,81,"BHP Billiton Petroleum Pty Ltd and Apache Energy Limited completed the acquisition of 100% working interest in WA-329-P from Rocky Mountain Minerals Inc., Strata Resources N.L. and Octanex N.L."
2006-12-31,81,"BHP Billiton Petroleum Pty Ltd and Apache Energy Limited completed the acquisition of 100% working interest in WA-329-P from Rocky Mountain Minerals Inc., Strata Resources N.L. and Octanex N.L."
2007-01-07,65,"BHP Billiton, Rio Tinto May Bid For 51% Stake In Sesa Goa"
2007-01-16,22,Coalcorp Announces Exploration Agreement with BHP Billiton
2007-01-19,23,North West Shelf Venture Extends Contract with Korea Gas Corporation
2007-01-19,25,BHP Billiton Ltd. Faces Lawsuit in Excess of $4 Billion
2007-01-24,1,BHP Pressing Ahead With Coal Mine Sale
2007-01-29,65,Steel Majors Eye Mitsui’s Sesa Goa Stake
2007-02-01,16,BHP Billiton Ltd. Announces Retirement of Bill Bloking as President
2007-02-01,55,"BHP Billiton Ltd. to Report First Half, 2007 Results on February 07, 2007"
2007-02-02,65,Rio Tinto Group Eyes Sesa Goa Stake
2007-02-07,78,"BHP Group, Board Meeting, Feb 07, 2007"
2007-02-07,78,"BHP Billiton plc, Board Meeting, Feb 07, 2007"
2007-02-07,3,BHP Not Postponing Acquisitions
2007-02-07,232,BHP Billiton Ltd. announces an Equity Buyback in the amount of $2500 mm
2007-02-13,65,BHP Billiton Not Currently Eyeing Alcoa
2007-02-13,65,"Bhp Billiton, Rio Tinto Both Considering Making Bids For Alcoa"
2007-02-14,23,Macmahon Holdings Announces $90 Million Extension to Leinster Contract
2007-02-14,22,Antam and BHP Billiton Establish Nickel Alliance
2007-02-15,23,NGC Signs Additional Natgas Supply Deals with BHP Billiton and EOG Resources
2007-02-16,42,BHP Billiton plc Prices Eurobonds
2007-02-16,22,Global Alumina Announces Joint Venture Negotiations Substantially Complete
2007-02-19,65,Sesa Goa Bid Due On February 19
2007-02-19,42,BHP Billiton Ltd. Announces Pricing of €600 Million Bonds
2007-02-22,81,BHP Billiton Ltd. (ASX:BHP) acquired 51% stake in Manitoba Potash Corporation from Potamine Potash Mining of Canada Inc.
2007-02-22,81,BHP Billiton Ltd. (ASX:BHP) acquired 51% stake in Manitoba Potash Corporation from Potamine Potash Mining of Canada Inc.
2007-02-22,81,BHP Billiton Ltd. (ASX:BHP) acquired 51% stake in Manitoba Potash Corporation from Potamine Potash Mining of Canada Inc.
2007-02-22,81,BHP Billiton Ltd. (ASX:BHP) acquired 51% stake in Manitoba Potash Corporation from Potamine Potash Mining of Canada Inc.
2007-02-23,31,BHP Billiton Ltd. to Invest USD 1.5 Billion in Davao Nickel Plant
2007-02-28,22,Western Metals Enters Joint Venture with BHP Billiton Ltd. to Explore Georgetown Province
2007-03-01,83,Petra Diamonds Ltd. annouced that it has received $20 million in funding from BHP Billiton Group.
2007-03-01,83,Petra Diamonds Limited announced that it has received $20 million in funding from BHP Group
2007-03-05,22,Global Alumina Announces Joint Venture Agreements
2007-03-09,16,BHP Billiton to Combine Its Coal Businesses; Appoints New Group President
2007-03-09,32,BHP Billiton to Combine Its Coal Businesses; Appoints New Group President
2007-03-16,80,Mwana Africa PLC (AIM: MWA) made an offer to acquire SouthernEra Diamonds Inc. (TSX: SDM) for approximately £27.54 million
2007-03-16,80,Mwana Africa PLC (AIM: MWA) made an offer to acquire SouthernEra Diamonds Inc. (TSX: SDM) for approximately £27.54 million
2007-03-16,80,Mwana Africa PLC (AIM: MWA) made an offer to acquire SouthernEra Diamonds Inc. (TSX: SDM) for approximately £27.54 million
2007-03-16,80,Mwana Africa PLC (AIM: MWA) made an offer to acquire SouthernEra Diamonds Inc. (TSX: SDM) for approximately £27.54 million
2007-03-19,22,"Global Alumina Announces Joint Venture Negotiation Progress with BHP Billiton, Dubai Aluminium Co. and Mubadala Development"
2007-03-23,93,BHP Billiton Ltd. has filed a Shelf Registration in the amount of $117.83 million.
2007-03-23,31,BHP Billiton Ltd. to Expand Iron Ore Operations in Western Australia
2007-03-23,31,BHP Billiton Ltd. Wins Malaysia Deal
2007-03-23,31,BHP Billiton Plans $1.85 Billion Australia Iron Ore Capacity Expansion
2007-03-25,231,"Update to BHP Billiton Ltd.’s Equity Buyback on March 23, 2007"
2007-03-26,31,BHP Billiton Ltd. Opens Chile Copper Project
2007-03-26,3,BHP Billiton May Seek Acquisitions; But Not Latam Greenfields
2007-03-26,80,"BHP Billiton Ltd. (ASX: BHP), Dubai Aluminium Company Limited and Mubadala Development Company signed a letter of intent to acquire 66.67% stake in Guinea Alumina Corporation Ltd. from Global Alumina International Ltd. for $260 million."
2007-03-26,22,Global Alumina Corp. Announces Approval of Joint Venture Agreements
2007-03-27,42,BHP Billiton Prices $2.25 Billion Bond
2007-04-02,16,BHP Billiton Appoints Teresa Wong as Vice President External Affairs for its Worldwide Petroleum Business
2007-04-06,23,BHP Billiton Receives Letters of Interest in Cabrillo Port's Natural Gas
2007-04-11,22,Coalcorp Seals Exploration Deal with BHP Billiton
2007-05-07,62,"BHP Billiton Ltd., Annual General Meeting, Nov 28, 2007"
2007-05-07,62,"BHP Billiton plc, Annual General Meeting, Oct 25, 2007"
2007-05-07,62,"BHP Group, Annual General Meeting, Oct 25, 2007"
2007-05-09,65,Rio Tinto Says No Knowledge Of Takeover Interest From BHP Billiton
2007-05-09,65,BHP Billiton Denies Comment On Rio Takeover Approach
2007-05-14,83,Austpac Resources NL announced it will receive AUD 5 million in funding from BHP Billiton Ltd.
2007-05-14,41,BHP Billiton to Launch Green Fund
2007-05-17,81,"BHP Billiton Ltd. (ASX: BHP), Dubai Aluminium Company Limited and Mubadala Development Company completed the acquisition of 66.67% stake in Guinea Alumina Corporation Ltd. from Global Alumina International Ltd."
2007-05-23,65,Alcan In Discussions With BHP Billiton
2007-05-24,80,"Edmond de Rothschild LBO Fund, managed by Edmond de Rothschild Capital Partners along with management of BHP signed an agreement to acquire 60% stake in BHP from Banexi Capital Partenaires and Pierre and Jean-François Henry, the heir Directors of BHP."
2007-05-24,80,"Edmond de Rothschild LBO Fund, managed by Edmond de Rothschild Capital Partners along with management of BHP signed an agreement to acquire 60% stake in BHP from Banexi Capital Partenaires and Pierre and Jean-François Henry, the heir Directors of BHP."
2007-05-24,80,"Edmond de Rothschild LBO Fund, managed by Edmond de Rothschild Capital Partners along with management of BHP signed an agreement to acquire 60% stake in BHP from Pierre and Jean-François Henry, the heir Directors of BHP and others."
2007-05-24,80,"Edmond de Rothschild LBO Fund, managed by Edmond de Rothschild Capital Partners along with management of BHP signed an agreement to acquire 60% stake in BHP from Banexi Capital Partenaires and Pierre and Jean-François Henry, the heir Directors of BHP."
2007-05-24,80,"Edmond de Rothschild LBO Fund, managed by Edmond de Rothschild Capital Partners along with management of BHP signed an agreement to acquire 60% stake in BHP from Banexi Capital Partenaires and Pierre and Jean-François Henry, the heir Directors of BHP."
2007-05-24,80,"Edmond de Rothschild LBO Fund, managed by Edmond de Rothschild Capital Partners along with management of BHP signed an agreement to acquire 60% stake in BHP from Pierre and Jean-François Henry, the heir Directors of BHP and others."
2007-05-24,80,"Edmond de Rothschild LBO Fund, managed by Edmond de Rothschild Capital Partners along with management of BHP signed an agreement to acquire 60% stake in BHP from Banexi Capital Partenaires and Pierre and Jean-François Henry, the heir Directors of BHP."
2007-05-24,80,"Edmond de Rothschild LBO Fund, managed by Edmond de Rothschild Capital Partners along with management of BHP signed an agreement to acquire 60% stake in BHP from Banexi Capital Partenaires and Pierre and Jean-François Henry, the heir Directors of BHP."
2007-05-24,80,"Edmond de Rothschild LBO Fund, managed by Edmond de Rothschild Capital Partners along with management of BHP signed an agreement to acquire 60% stake in BHP from Pierre and Jean-François Henry, the heir Directors of BHP and others."
2007-05-25,65,Alcan To Consider Sweetened Alcoa Offer; May Even Try To Acquire Alcoa Instead
2007-05-28,65,Norsk Hydro Mulls Bid For Alcan
2007-05-28,65,Rio Tinto May Submit Bid To Acquire Alcan
2007-05-29,81,"Edmond de Rothschild LBO Fund, managed by Edmond de Rothschild Capital Partners along with management of BHP acquired 60% stake in BHP from Pierre and Jean-François Henry, the heir Directors of BHP and others."
2007-05-29,81,"Edmond de Rothschild LBO Fund, managed by Edmond de Rothschild Capital Partners along with management of BHP acquired 60% stake in BHP from Banexi Capital Partenaires and Pierre and Jean-François Henry, the heir Directors of BHP."
2007-05-29,81,"Edmond de Rothschild LBO Fund, managed by Edmond de Rothschild Capital Partners along with management of BHP acquired 60% stake in BHP from Banexi Capital Partenaires and Pierre and Jean-François Henry, the heir Directors of BHP."
2007-05-29,81,"Edmond de Rothschild LBO Fund, managed by Edmond de Rothschild Capital Partners along with management of BHP acquired 60% stake in BHP from Pierre and Jean-François Henry, the heir Directors of BHP and others."
2007-05-29,81,"Edmond de Rothschild LBO Fund, managed by Edmond de Rothschild Capital Partners along with management of BHP acquired 60% stake in BHP from Banexi Capital Partenaires and Pierre and Jean-François Henry, the heir Directors of BHP."
2007-05-29,81,"Edmond de Rothschild LBO Fund, managed by Edmond de Rothschild Capital Partners along with management of BHP acquired 60% stake in BHP from Pierre and Jean-François Henry, the heir Directors of BHP and others."
2007-05-29,81,"Edmond de Rothschild LBO Fund, managed by Edmond de Rothschild Capital Partners along with management of BHP acquired 60% stake in BHP from Banexi Capital Partenaires and Pierre and Jean-François Henry, the heir Directors of BHP."
2007-05-29,81,"Edmond de Rothschild LBO Fund, managed by Edmond de Rothschild Capital Partners along with management of BHP acquired 60% stake in BHP from Banexi Capital Partenaires and Pierre and Jean-François Henry, the heir Directors of BHP."
2007-05-29,81,"Edmond de Rothschild LBO Fund, managed by Edmond de Rothschild Capital Partners along with management of BHP acquired 60% stake in BHP from Banexi Capital Partenaires and Pierre and Jean-François Henry, the heir Directors of BHP."
2007-05-30,101,BHP Billiton Ltd. Announces Executive Changes
2007-05-30,65,"Hindalco, Sterlite Industries Join List Of Hopefuls For Alcan Bid"
2007-06-05,16,BHP Billiton Announces Executive Director Chris Lynch to Retire
2007-06-06,194,BHP Billiton Ltd. - Special Call
2007-06-06,55,"BHP Billiton Ltd. to Report Q1, 2008 Results on October 23, 2007"
2007-06-06,194,BHP Billiton Ltd. - Special Call
2007-06-06,55,"BHP Billiton Ltd. to Report Fiscal Year 2007 Results on August 22, 2007"
2007-06-07,16,Bhp Billiton Petroleum Appoints Stephen O'Rourke as President for Global Exploration
2007-06-12,95,BHP Billiton Limited(NYSE:BHP) added to S&P/TSX Global Mining Index
2007-06-13,65,"Alcan Opposes Alcoa Bid, Considering Counterbid"
2007-06-18,65,BHP May Reconsider Acquisition Of Alcoa
2007-06-18,65,BHP Billiton Mulls Bid For Alcan
2007-06-18,65,BHP Billiton Eyes Stake In Ashapura’s Alumina Refining Project
2007-06-19,16,BHP Billiton Ltd. Announces Executive Changes
2007-06-20,25,Probe of BHP Billiton Ltd. Finds No Breaches of Work Safety
2007-06-20,65,"Rio Tinto, BHP Billiton Get Access To Alcan’s Data Room"
2007-06-20,65,Ashapura Minechem Denies Talks With BHP Billiton
2007-06-28,22,BHP Billiton Forms Joint Venture with Ashapura Minechem
2007-06-29,31,BHP Billiton Ltd. Plans to Expansion of Australian Iron Ore Ops
2007-06-29,83,Austpac Resources NL announced that it has received AUD 5 million in funding from BHP Billiton Ltd..
2007-07-02,23,Austpac Resources Sings Contracts with BHP Billiton
2007-07-03,16,BHP Billiton Ltd. Appoints Fiona Smith as Deputy Secretary
2007-07-03,25,Former Fitter Suing BHP Billiton Ltd. over Asbestos Exposure
2007-07-04,65,Mmx Mineracao In Talks To Buy AVG Mineração
2007-07-04,16,Christopher Lynch Ceases as a Director of BHP Billiton Ltd
2007-07-05,31,BHP Billiton Ltd. Wins Approval to the Development of the $2 Billion Pyrenees Oil Project
2007-07-06,65,Rio Tinto Eyes Offer For Alcan
2007-07-07,31,BHP Billiton Ltd. Announces Expansion of its Copper and Nickel Operations
2007-07-07,65,Alcan In Talks With Other Suitors
2007-07-08,65,Rio Tinto Hires CIBC To Bid For Alcan
2007-07-09,23,Peregrine Enters New Falcon System Deployment Agreement with BHP Billiton
2007-07-10,65,BHP Starts Talks With PE Players To Bid For Alcoa
2007-07-11,16,BHP Billiton Ltd. Announces Management Changes
2007-07-11,101,BHP Billiton Ltd. Announces Management Changes
2007-07-12,16,BHP Billiton Ltd. Announces Executive Changes
2007-07-12,21,BHP Biliton Plans to Shut Down its Kalgoorlie Nickel Smelter
2007-07-13,16,BHP Billiton Ltd. Announces Resignation of Karen Wood as Company Secretary and Assumes New Appointment Within the Company
2007-07-15,65,BHP Billiton Mulls Bid For Alcoa
2007-07-16,55,"BHP Billiton Ltd. to Report First Half, 2008 Results on February 06, 2008"
2007-07-19,65,BHP Billiton To Bid For Freeport Instead Of Alcoa
2007-07-24,31,BHP Billiton Chooses Site for Western Australian Operating Divisions
2007-07-24,29,BHP Billiton Ltd. Provides Earnings Guidance for Fiscal 2007
2007-07-25,16,BHP Billiton Announces Resignation of John Fast as Chief Legal Counsel and Head of External Affairs
2007-07-26,16,BHP Billiton plc and BHP Billiton Ltd. Announce Resignation of Karen Wood as Group Company Secretary
2007-07-26,31,BHP Billiton Ltd. Announces Approval of the Pyrenees Project
2007-08-01,22,Petra Diamonds Ltd. Enters into A Joint Venture Agreement Bhp Billiton Ltd. to Develop the Luangue Diamond Project
2007-08-08,23,Bhp Billiton to Supply Metal for Beijing Olympics
2007-08-09,16,BHP Billiton Ltd. Appoints Bret Mattes as Chairman
2007-08-13,41,BHP Billiton plc Announces Discovery at the Thebe-1 Exploration
2007-08-20,48,"BHP Billiton Ltd., 2007 Earnings Call, Aug 22, 2007"
2007-08-22,28,"BHP Billiton plc Announces Earnings Results for the Year Ended June 30, 2007"
2007-08-22,3,BHP Billiton ‘Aggressive’ on Acquisitions
2007-08-28,23,Jubilee Mines Enters into Off-Take Agreement with BHP Billiton Ltd
2007-09-05,3,BHP Billiton Aggressively Seeking Energy Acquisitions
2007-09-07,65,Rio Surrounded By Takeover Talks Again
2007-09-10,16,BHP Billiton Petroleum Appoints Timothy J. Cutt as President of Production for Its Global Petroleum Business
2007-09-10,65,BHP Billiton Strong Contender For Katanga
2007-09-14,31,BHP Billiton Ltd. Plans to Invest £9.8 Billion for New Projects
2007-09-19,81,Mwana Africa PLC completed the acquisition of 74.89% stake in SouthernEra Diamonds Inc. for £35.76 million.
2007-09-19,81,Mwana Africa PLC completed the acquisition of 74.89% stake in SouthernEra Diamonds Inc. for £35.76 million.
2007-09-19,81,Mwana Africa PLC completed the acquisition of 74.89% stake in SouthernEra Diamonds Inc. for £35.76 million.
2007-09-19,81,Mwana Africa PLC completed the acquisition of 74.89% stake in SouthernEra Diamonds Inc. for £35.76 million.
2007-09-20,22,Aneka Tambang to Team with BHP Billiton on Maluku Nickel Mine
2007-09-25,234,BHP Billiton Ltd.'s Equity Buyback has expired
2007-09-25,31,BHP Billiton Ltd. to Invest $300 Million in Indonesia
2007-09-25,16,BHP Billiton Ltd. Appoints Graham Kerr as President of its Diamonds and Specialty Products Customer Sector Group
2007-09-25,16,BHP Billiton Announces Executive Changes
2007-09-25,16,BHP Billiton Ltd. Announces Management Changes
2007-09-26,230,Update to BHP Billiton Ltd’s Equity Buyback
2007-09-27,31,Bhp Billiton Ltd. Eyes Railway Expansion in Pilbara Region
2007-10-01,16,BHP Billiton plc Announces Chip Goodyear Retires as CEO and Director
2007-10-01,16,Ross Mallett Resigns as Deputy Company Secretary of BHP Billiton Ltd
2007-10-01,101,BHP Billiton plc Announces Chip Goodyear Retires as CEO and Director
2007-10-02,234,BHP Billiton Ltd.'s Equity Buyback has expired
2007-10-05,16,"Bop Billiton Ltd. Announces Cessation of Charles W Goodyear as Director on September 30, 2007"
2007-10-05,16,BHP Billiton Petroleum Announces Executive Changes
2007-10-06,25,Federal Court Dismisses BHP Billiton's Appeal
2007-10-08,41,BHP Billiton Ltd. Announces the Beginning of Oil Production at the Genghis Khan Field in the Deepwater Gulf of Mexico
2007-10-12,80,"Uranium Resources, Inc. (NasdaqNM: URRE) signed a definitive agreement to acquire Rio Algom Mining LLC from BHP Group (ASX:BHP) for approximately $160 million."
2007-10-12,80,"Uranium Resources, Inc. (NasdaqNM: URRE) signed a definitive agreement to acquire Rio Algom Mining LLC from BHP Group (ASX:BHP) for approximately $160 million."
2007-10-12,80,"Uranium Resources, Inc. (NasdaqNM: URRE) signed a definitive agreement to acquire Rio Algom Mining LLC from BHP Billiton plc (LSE: BLT) for approximately $160 million."
2007-10-12,80,"Uranium Resources, Inc. (NasdaqNM: URRE) signed a definitive agreement to acquire Rio Algom Mining LLC from BHP Group (ASX:BHP) for approximately $160 million."
2007-10-12,80,"Uranium Resources, Inc. (NasdaqNM: URRE) signed a definitive agreement to acquire Rio Algom Mining LLC from BHP Group (ASX:BHP) for approximately $160 million."
2007-10-12,80,"Uranium Resources, Inc. (NasdaqNM: URRE) signed a definitive agreement to acquire Rio Algom Mining LLC from BHP Billiton plc (LSE: BLT) for approximately $160 million."
2007-10-18,95,BHP Billiton Ltd. added to S&P Global 100 Index
2007-10-23,23,BHP Billiton Ltd. Signs an Agreement with the Democratic Republic of Congo
2007-10-23,28,BHP Billiton Ltd. Announces Production Results for the Third Quarter Ended September 2007
2007-10-26,1,BHP Billiton May Spin Off Petroleum Business
2007-10-28,16,"BHP Billiton Names Renee Klimczak as President, Gas Marketing"
2007-11-09,80,BHP Billiton Group made an offer to acquire Rio Tinto Group for AUD 189.11 billion.
2007-11-09,80,BHP Billiton Group made an offer to acquire Rio Tinto Group for AUD 189.11 billion.
2007-11-09,80,BHP Group (ASX:BHP) made an offer to acquire Rio Tinto Group for AUD 189.1 billion.
2007-11-09,80,BHP Group (ASX:BHP) made an offer to acquire Rio Tinto Group for AUD 189.1 billion.
2007-11-09,80,BHP Group (ASX:BHP) made an offer to acquire Rio Tinto Group (LSE:RIO) for AUD 189.1 billion.
2007-11-09,80,BHP Group (ASX:BHP) made an offer to acquire Rio Tinto Group for AUD 189.1 billion.
2007-11-09,80,BHP Group (ASX:BHP) made an offer to acquire Rio Tinto Group for AUD 189.1 billion.
2007-11-09,80,BHP Group (ASX:BHP) made an offer to acquire Rio Tinto Group (LSE:RIO) for AUD 189.1 billion.
2007-11-09,80,BHP Billiton Group made an offer to acquire Rio Tinto Group for AUD 189.11 billion.
2007-11-09,80,BHP Group (ASX:BHP) made an offer to acquire Rio Tinto Group for AUD 189.1 billion.
2007-11-09,80,BHP Group (ASX:BHP) made an offer to acquire Rio Tinto Group for AUD 189.1 billion.
2007-11-09,80,BHP Group (ASX:BHP) made an offer to acquire Rio Tinto Group (LSE:RIO) for AUD 189.1 billion.
2007-11-12,194,BHP Billiton plc - Special Call
2007-11-12,152,BHP Billiton Ltd Mulls a share buyback
2007-11-12,194,BHP Group - Special Call
2007-11-13,1,BHP Billiton Might Sell Many Assets
2007-11-15,65,ArcelorMittal Eyes BHP-Rio Tinto Assets
2007-11-16,65,Rio Tinto Eyes Counter Bid For BHP
2007-11-16,65,Rio Tinto Downplays Reported Counter Bid For BHP
2007-11-17,65,BHP Says Direct Rio Bid Could Be Option
2007-11-20,41,BHP Billiton Ltd. Announces First Oil Production from Stybarrow Project
2007-11-20,65,Rio Said Eyeing Joint Ventures With BHP To Fight Takeover
2007-11-21,16,BHP Billiton Ltd. Appoints Andrew Mackenzie as Head of Non-Ferrous Metals Unit
2007-11-21,22,BHP Billiton Ltd. and Pacific Hydro Ltd. to Build Wind Farms in Northern Chile
2007-11-22,1,BHP Billiton Not Planning To Sell Petroleum Division As Part Of Rio Tinto Deal
2007-11-28,65,BHP Billiton To Continue Pursuit For Rio Tinto
2007-11-28,232,BHP Billiton plc announces an Equity Buyback
2007-11-29,16,BHP Billiton Ltd. Appoints Geoff Walsh as Director of Public Affairs
2007-12-04,16,BHP Billiton Ltd. Ceases D C Brink as a Director
2007-12-05,22,BHP Billiton and Mithril Resources Announce Joint Venture with Arafura Resources
2007-12-10,31,BHP Commits to Expand Klipspruit Mine
2007-12-11,65,Rio Tinto Seeks Deadline On BHP Bid
2007-12-12,65,BHP Billiton Still Eyeing Rio; Reiterates ‘Compelling Logic’ In Deal
2007-12-14,234,BHP Billiton plc's Equity Buyback in the amount of $13000 mm has been suspended
2007-12-17,16,"BHP Billiton Ltd. Appoints David Morgan as Non Executive Director, Effective January 1, 2008"
2007-12-17,44,Ekati Diamond Mine Workers Ratify Four Year Deal with BHP Billiton
2007-12-17,65,"Takeover Panel Set To Intervene In BHP, Rio Talks"
2007-12-19,22,BHP Billiton Ltd. and Partners Approve $1.1 Billion First Phase Development of the Kipper Gas Project Off the Coast of Victoria
2007-12-20,55,"BHP Group to Report Fiscal Year 2008 Results on Aug 18, 2008"
2007-12-20,55,"BHP Billiton plc to Report First Half, 2008 Results on February 06, 2008"
2007-12-20,55,"BHP Group to Report First Half, 2008 Results on Feb 06, 2008"
2007-12-20,55,"BHP Billiton plc to Report Fiscal Year 2008 Results on August 18, 2008"
2007-12-21,65,UK Takeover Panel Gives BHP February 6 Deadline For Rio Bid
2007-12-23,65,"China Looking To Gatecrash BHP, Rio Deal"
2007-12-31,65,BHP Billiton May Submit Unchanged Bid For Rio
2008-01-03,41,BHP Billiton Ltd. Proposes First Phase of Development of the Gippsland Basin Field
2008-01-03,16,BHP Billiton plc Announces Appointment of David Morgan as Non-Executive Director
2008-01-14,65,Usiminas Confirms Talks With J Mendes
2008-01-16,65,"Rio Tinto Denies Being In Talks With BHP, Anyone"
2008-01-16,22,Itochu Indonesia Teams Up with Coal Mining Companies to Build Rail Track in Central Kalimantan
2008-01-18,65,BHP May Raise Bid For Rio
2008-01-20,65,BHP Billiton Teams Up With Seven Banks To Fund Rio Tinto Bid
2008-01-21,65,BHP Unlikely To Raise Rio Tinto Offer
2008-01-22,31,BHP Billiton plc to Invest $390 Million in Newcastle Port Project in Australia
2008-01-23,55,"BHP Billiton Ltd. to Report Fiscal Year 2008 Results on August 18, 2008"
2008-01-25,65,BHP Still Away From Fair Bid
2008-01-28,31,BHP Billiton Ltd. Announces Approval of the Newcastle Third Port Project
2008-01-30,23,BHP Billiton Signs New Iron Ore Supply Deal with China's Baosteel
2008-01-30,65,Rio Rises Amid Talk That Opens Books To BHP
2008-02-01,31,BHP Billiton Advances Plans to Start Building $2 Billion-plus Nickel Laterite Project in Indonesia
2008-02-01,22,BP and BHP Billiton Completes Commissioning the Atlantis Semisubmersible Production Platform and Associated Pipelines and Export Facilities
2008-02-01,31,BHP Billiton plc Approves Expansion of Klipspruit Project
2008-02-03,65,"China Looking To Block BHP, Rio Deal"
2008-02-04,31,BHP Billiton Ltd. Announces $1 Billion Expansion of its Iron Ore Operations in Western Australia
2008-02-05,48,"BHP Billiton Ltd., Q2 2008 Earnings Call, Feb-06-2008"
2008-02-05,65,BHP Billiton Declines Chinalco Offer Of Talks About Rio Tinto Stake
2008-02-06,55,"BHP Billiton Ltd. to Report Q1, 2009 Results on October 22, 2008"
2008-02-06,55,"BHP Billiton Ltd. to Report Q4, 2008 Results on July 23, 2008"
2008-02-06,55,"BHP Billiton Ltd. to Report Q3, 2008 Results on April 23, 2008"
2008-02-06,65,Chinalco Mulling Counter-Bid For Rio Tinto
2008-02-07,55,"BHP Group to Report Q3, 2008 Results on Apr 23, 2008"
2008-02-07,55,"BHP Billiton plc to Report Q3, 2008 Results on April 23, 2008"
2008-02-07,55,"BHP Billiton plc to Report Q4, 2008 Results on July 23, 2008"
2008-02-07,55,"BHP Group to Report Q4, 2008 Results on Jul 23, 2008"
2008-02-07,55,"BHP Billiton plc to Report Q1, 2009 Results on October 22, 2008"
2008-02-07,55,"BHP Group to Report Q1, 2009 Results on Oct 22, 2008"
2008-02-21,65,BHP Billiton Approaches Retail Shareholders To Push Rio Bid
2008-03-03,31,BHP Billiton Ltd. to Invest $975 Million in South African Coal
2008-03-05,1,BHP Petroleum Not Up For Sale
2008-03-06,65,Rio Refuse BHP’s Sweetener Takeover Bid
2008-03-09,65,Rio Revalues Aluminum Business At $20 Billion
2008-03-11,21,BHP Billiton plc Plans to Close Operations at its B and C Potlines at Bayside
2008-03-12,62,"BHP Billiton Ltd., Annual General Meeting, Nov 27, 2008"
2008-03-12,62,"BHP Billiton plc, Annual General Meeting, Oct 23, 2008"
2008-03-12,62,"BHP Group, Annual General Meeting, Oct 23, 2008"
2008-03-13,22,Norilsk Nickel to Team Up with BHP Billiton to Explore Iisk-tagul Property
2008-03-20,22,BHP Billiton and Catholic University Open Mineral Research Center
2008-03-31,44,BHP Billiton's Cerro Matoso Employees Strike Ends with Losses of $109 Million
2008-04-02,41,Western Areas Announces Drilling Results from BHP Billiton's First Two Drill Holes
2008-04-02,31,BHP Billiton Ltd. Announces Approval for North West Shelf's North Rankin Gas Compression Project
2008-04-08,31,BHP Billiton Orders 19 More Locomotives from Downer EDI and Electro-Motive Diesel
2008-04-09,65,China Reportedly Eyes BHP Billiton
2008-04-10,65,Chalco Denies Reported Bid For BHP Billiton
2008-04-10,65,BHP Says Unaware Of Any Move By China To Acquire Stake
2008-04-16,65,Rio Tinto Rules Out BHP Counter Bid
2008-04-23,28,BHP Billiton Ltd. Reports Production Results for the Third Quarter Ended March 2008
2008-04-23,23,Esso Australia Resources Pty Ltd. and BHP Billiton Ltd. Sing Formal Agreement
2008-05-01,31,BHP Billiton Ltd. Approves $1.9 Billion Expansion of West Australian Alumina Project
2008-05-13,51,BHP Billiton Ltd. - Conference Presentation Call
2008-05-13,3,BHP Billiton Mulls Acquisitions For Petroleum Division
2008-05-14,65,BHP Shares Rises; Chinalco May Acquire Stake
2008-05-23,31,BHP Billiton Ltd. Opens $2 Billion Nickel Mine
2008-06-05,22,IICT Signs MoU for Joint Research with BHP Billiton
2008-06-05,22,Full Metal Minerals Expand Porphyry Exploration Program in Alaska
2008-06-11,65,BHP ‘Not Surprised’ If Chinese Buy Stake
2008-06-13,21,BHP Billiton Ltd. Announces Shutdown Production at Kalgoorlie
2008-06-17,23,GRD Minproc Limited and BHP Billiton Ltd. to Continue the Relationship
2008-06-19,22,"BHP Billiton Ltd. Enters into Joint Venture Agreement with Aneka Tambang TBK PT to Develop Nickel Laterite Mines on Gag Island, Off West Papua and North Maluku Provinces"
2008-06-24,31,BHP Billiton Ltd. to Invest $100 Million in Indonesian Coal Mine
2008-06-25,82,"Uranium Resources, Inc. (NasdaqNM: URRE) cancelled the acquisition of Rio Algom Mining LLC from BHP Group (ASX:BHP)."
2008-06-25,82,"Uranium Resources, Inc. (NasdaqNM: URRE) cancelled the acquisition of Rio Algom Mining LLC from BHP Group (ASX:BHP)."
2008-06-25,82,"Uranium Resources, Inc. (NasdaqNM: URRE) cancelled the acquisition of Rio Algom Mining LLC from BHP Billiton plc (LSE: BLT)."
2008-06-25,82,"Uranium Resources, Inc. (NasdaqNM: URRE) cancelled the acquisition of Rio Algom Mining LLC from BHP Group (ASX:BHP)."
2008-06-25,82,"Uranium Resources, Inc. (NasdaqNM: URRE) cancelled the acquisition of Rio Algom Mining LLC from BHP Group (ASX:BHP)."
2008-06-25,82,"Uranium Resources, Inc. (NasdaqNM: URRE) cancelled the acquisition of Rio Algom Mining LLC from BHP Billiton plc (LSE: BLT)."
2008-06-27,41,BHP Billiton plc Announces Update on Its Resource
2008-06-30,22,Usha Martin Ltd. and BHP Billiton Ltd. to Set Up A Joint Venture Company
2008-06-30,83,Austpac Resources NL announced that it has received AUD 5.7 million of funding from BHP Billiton Limited and other investors.
2008-07-06,41,BHP Billiton Begins Production from Neptune Facility in the Deepwater Gulf of Mexico
2008-07-08,23,BHP Billiton Ltd. Reaches Agreement with Baosteel on the Price for Iron Ore Deliveries
2008-07-09,23,Nippon Steel and Three Other Japanese Steel Makers Sign Deal with BHP Billiton Ltd
2008-07-16,16,BHP Billiton Ltd. Announces Resignation of Samuel Butcher as Deputy Company Secretary
2008-07-23,22,"Caterpillar Inc. Announces Autonomous Mining Collaboration with BHP Billiton to Improve Mine Site Productivity, Efficiency and Overall Sustainability"
2008-07-25,22,ExxonMobil Corp. and BHP Billiton Ltd. Approve Major Oil and Gas Development in Bass Strait
2008-08-07,3,BHP Billiton Reportedly Mulls Acquisitions
2008-08-07,31,BHP Billiton Ltd. Plans to Invest $300 Million - $400 Million in Escondida Expansions over Next Four Years
2008-08-11,23,National Power Awarded Contracts for Sual and Pagbilao
2008-08-13,16,"BHP Billiton Ltd. Appoints Peter Finnimore as Head of Marketing, Aluminium"
2008-08-14,29,BHP Billiton Ltd. Provides Earnings Guidance for the Full Year 2008
2008-08-14,16,"BHP Billiton plc Appoints Alan Boeckmann and Keith Rumble as Non-Executive Directors, Effective September 1, 2008"
2008-08-14,31,BHP Billiton Ltd. to Lease Office Space at MBFC
2008-08-15,16,BHP Billiton Ltd. Announces Board Appointments
2008-08-18,28,"BHP Billiton Reports Earnings Results for the Second Half Ended June 30, 2008"
2008-08-20,21,BHP Billiton Announces Job Cuts at its Technology Centre
2008-08-21,23,Hyundai Steel Inks Coal Deal with BHP Billiton
2008-08-25,22,"BHP Billiton Ltd., Rio Tinto Plc, Mitsubishi Corp., International Finance Corporation to Build Build Replacement Concentrator At World's Largest Copper Mine"
2008-08-28,31,BHP Billiton Ltd. to Increase Iron Ore Expansion Projects
2008-09-06,31,BHP Billiton Ltd. Seeks Approval to Build a $3.5 Billion Water Desalinization Plant
2008-09-10,65,Autlan Reportedly Gets More Than 20 Bids
2008-09-17,23,BHP Billiton to Expand $400 Million Greater Angostura Project
2008-09-18,23,Bhp Billiton Ltd. Wins 10-Year Contract to Supply Iron Ore to BlueScope Steel Ltd
2008-09-23,51,BHP Billiton Ltd. - Conference Presentation Call
2008-09-23,23,"BHP Billiton Ltd. and Sk Energy Co., Ltd. Win $32.2 Million Contract from ANH"
2008-09-24,55,"BHP Billiton Ltd. to Report Fiscal Year 2009 Results on August 12, 2009"
2008-09-24,55,"BHP Billiton Ltd. to Report First Half, 2009 Results on Feb 04, 2009"
2008-09-24,55,"BHP Billiton Ltd. to Report First Half, 2009 Results on February 04, 2009"
2008-09-24,55,"BHP Billiton Ltd. to Report First Half, 2009 Results on February 04, 2009"
2008-09-24,55,"BHP Billiton Ltd. to Report First Half, 2009 Results on Feb 04, 2009"
2008-09-25,55,"BHP Billiton plc to Report First Half, 2009 Results on February 03, 2009"
2008-09-25,55,"BHP Group to Report First Half, 2009 Results on Feb 03, 2009"
2008-10-01,80,PT Indika Energy (JKSE: INDY) agreed to acquire PT BHP Kendilo Coal Indonesia from BHP Billiton Ltd and Mistui & Company (Australia) Ltd. for $20 million.
2008-10-10,21,BHP Billiton to Close Beijing Office in Restructuring
2008-10-23,65,Rio Tinto Denies Talks With BHP
2008-10-23,65,"Rockhopper Denies BHP Buying Its Assets, Confirms Talks With Others"
2008-10-28,21,BHP Billiton Ltd. to Cease Mining in Suriname by 2010
2008-10-30,31,BHP Billiton Ltd. Seeks Environmental Approval to Build Second Desalinization Plant in Chile
2008-10-31,31,BHP Billiton Ltd. Expects First Phase Olympic Dam Expansion in Production by 2013
2008-11-11,31,BHP Billiton Ltd. Announces Expansion of the Worsley Alumina Refinery in Western Australia
2008-11-12,65,BHP Billiton Mulls Spinning Off Iron Assets
2008-11-13,65,"BHP Billiton, Shell Philippines Interested To Bid For Oil Exploration Project"
2008-11-25,82,BHP Group (ASX:BHP) cancelled the acquisition of Rio Tinto Group (LSE:RIO).
2008-11-25,3,BHP Billiton Mulls Buys
2008-11-25,82,BHP Group (ASX:BHP) cancelled the acquisition of Rio Tinto Group.
2008-11-25,82,BHP Group (ASX:BHP) cancelled the acquisition of Rio Tinto Group.
2008-11-25,82,BHP Group (ASX:BHP) cancelled the acquisition of Rio Tinto Group.
2008-11-25,82,BHP Billiton Group cancelled the acquisition of Rio Tinto Group.
2008-11-25,31,BHP Billiton to Spend $4.8 Billion on Western Australia Iron Ore Expansion
2008-11-25,82,BHP Group (ASX:BHP) cancelled the acquisition of Rio Tinto Group (LSE:RIO).
2008-11-25,82,BHP Billiton Group cancelled the acquisition of Rio Tinto Group.
2008-11-25,82,BHP Group (ASX:BHP) cancelled the acquisition of Rio Tinto Group.
2008-11-25,82,BHP Group (ASX:BHP) cancelled the acquisition of Rio Tinto Group.
2008-11-25,82,BHP Group (ASX:BHP) cancelled the acquisition of Rio Tinto Group (LSE:RIO).
2008-11-25,82,BHP Billiton Group cancelled the acquisition of Rio Tinto Group.
2008-11-25,82,BHP Group (ASX:BHP) cancelled the acquisition of Rio Tinto Group.
2008-11-26,73,"BHP Billiton Ltd. Announces Impairment Charge for the Half Year Ending December 31, 2008"
2008-11-26,3,BHP Billiton Eyes Acquisitions
2008-11-28,16,"BHP Billiton Ltd. Appoints Hubrecht van Dalsen as President, Metallurgical Coal"
2008-12-03,31,BHP Billiton Ltd. Approves North West CWLH Redevelopment Project
2008-12-03,22,NWS Partners Approve $12 Billion Investment to Extend Production Beyond 2020
2008-12-11,65,BHP Eyes Rio Tinto’s Assets
2008-12-18,21,BHP Billiton Ltd. Cuts Jobs at Nickel Project in Mati City
2008-12-19,140,"BHP Group to Report Q4, 2009 Sales/Trading Statement Results on Jul 22, 2009"
2008-12-19,140,"BHP Group to Report Q1, 2010 Sales/Trading Statement Results on Oct 21, 2009"
2008-12-19,140,"BHP Billiton plc to Report Q4, 2009 Sales/Trading Statement Results on July 22, 2009"
2008-12-19,140,"BHP Billiton plc to Report Q1, 2010 Sales/Trading Statement Results on October 21, 2009"
2008-12-19,140,"BHP Billiton plc to Report Q3, 2009 Sales/Trading Statement Results on April 22, 2009"
2008-12-19,140,"BHP Group to Report Q3, 2009 Sales/Trading Statement Results on Apr 22, 2009"
2008-12-22,41,Blackthorn Resources and BHP Billiton Provide Mumbwa Drilling Results in Zambia
2008-12-23,22,"BHP Billiton Ltd., BP plc, Oil and Natural Gas Corp. Ltd., GVK Power and Infrastructure Ltd. and Reliance Industries Ltd. Sign Contract for Oil, Gas Exploration at 44 Indian Blocks"
2008-12-23,140,"BHP Group to Report Q2, 2009 Sales/Trading Statement Results on Jan 21, 2009"
2008-12-23,140,"BHP Billiton plc to Report Q2, 2009 Sales/Trading Statement Results on January 21, 2009"
2008-12-31,81,Independence Group NL (ASX:IGO) acquired E52/1711 exploration from BHP Billiton Group for AUD 4 million.
2008-12-31,81,Independence Group NL (ASX:IGO) acquired E52/1711 exploration from BHP Group (ASX:BHP) for AUD 4 million.
2009-01-14,65,Newcrest Eyes OZ’s Martabe
2009-01-15,80,A consortium of investors signed a memorandum of understanding to acquire 26% stake in Richards Bay Minerals (RBM) from Rio Tinto plc (LSE: RIO) and BHP Group (ASX:BHP).
2009-01-15,80,A consortium of investors signed a memorandum of understanding to acquire 26% stake in Richards Bay Minerals (RBM) from Rio Tinto plc (LSE: RIO) and BHP Billiton plc (LSE: BLT).
2009-01-19,21,BHP Billiton Plans to Cut 700 Jobs at Ravensthorpe Laterite Nickel Mine in Western Australia
2009-01-21,21,BHP Billiton Ltd. to Cut 200 South Australia Jobs
2009-01-21,28,"BHP Billiton Ltd. Reports Production Report for the Half Year Ended December 31, 2008"
2009-01-21,21,"BHP Billiton Ltd. Cuts 2,000 Workers Due to Low Copper Prices, Falling Grades"
2009-01-21,21,"BHP Billiton Ltd. to Cut 6,300 Jobs by June"
2009-01-21,21,"BHP Billiton Ltd. Cuts 1,400 Jobs in Queensland's Coal and Nickel Sectors"
2009-01-21,21,"BHP Billiton Ltd. to Slash 3,300 Australian Jobs"
2009-01-21,73,BHP Billiton Ltd. Announces Impairment Charge of $1.6 Billion
2009-01-21,21,"BHP Billiton Ltd. Plans to Axe 6,000 People from Global Workforce"
2009-01-21,21,BHP Billiton Ltd. to Cuts 6% of Jobs from Australia
2009-01-21,21,"BHP Billiton Ltd. to Reduce Workforce in Western Australia Up to 1,800 by June 2009"
2009-01-21,95,BHP Billiton Limited(ASX:BHP) added to S&P International 700
2009-01-21,95,BHP Billiton Limited(ASX:BHP) added to S&P Global 1200
2009-01-22,21,"BHP Billiton plc Plans to Axe About 1,000 Jobs"
2009-01-22,21,"BHP Billiton plc to Cut 6,000 Jobs, Shut Mine"
2009-01-22,21,BHP Billiton Ltd. Axes 350 Jobs At the Yabulu Nickel Refinery
2009-01-24,25,BHP Billiton Ltd. Faces Lawsuits
2009-01-29,22,Otto Energy Agrees to Farm Out 60% Interest in Service Contract 55 to BHP Billiton
2009-01-29,31,BHP Billiton Ltd. Invests $100 Million in Coal Mining in Central Kalimantan
2009-02-03,48,"BHP Group, H1 2009 Earnings Call, Feb 03, 2009"
2009-02-03,48,"BHP Group, H1 2009 Earnings Call, Feb 03, 2009"
2009-02-03,48,"BHP Billiton plc, Q2 2009 Earnings Call, Feb-03-2009"
2009-02-03,48,"BHP Group, H1 2009 Earnings Call, Feb 03, 2009"
2009-02-03,48,"BHP Billiton plc, Q2 2009 Earnings Call, Feb-03-2009"
2009-02-03,48,"BHP Group, H1 2009 Earnings Call, Feb 03, 2009"
2009-02-04,234,BHP Billiton plc's Equity Buyback has expired
2009-02-04,232,BHP Billiton plc announces an Equity Buyback
2009-02-05,81,Ecopetrol SA (BVC: ECOPETROL) acquired 25% stake in Fuerte Norte and Fuerte Sur Blocks in Colombia Caribbean Ocean from BHP Billiton Ltd. (ASX: BHP).
2009-02-05,81,Ecopetrol SA (BVC: ECOPETROL) acquired 25% stake in Fuerte Norte and Fuerte Sur Blocks in Colombia Caribbean Ocean from BHP Billiton Ltd. (ASX: BHP).
2009-02-05,31,Alumar Alumina Announces Refinery Expansion to Finish in Second Quarter of 2009
2009-02-05,81,Ecopetrol SA (BVC: ECOPETROL) acquired 25% stake in Fuerte Norte and Fuerte Sur Blocks in Colombia Caribbean Ocean from BHP Billiton Ltd. (ASX: BHP).
2009-02-05,81,Ecopetrol SA (BVC: ECOPETROL) acquired 25% stake in Fuerte Norte and Fuerte Sur Blocks in Colombia Caribbean Ocean from BHP Billiton Ltd. (ASX: BHP).
2009-02-08,3,BHP Billiton Eyes Buying Mines
2009-02-11,65,BHP Reportedly Mulls Counter Bid For Rio Tinto’s Assets
2009-02-16,16,BHP Billiton Ltd. Announces Resignation of Graeme Hunt as President of Uranium Division
2009-02-17,65,Suitors Reportedly Show Interest In Tavan Tolgoi
2009-02-17,21,BHP Billiton Ltd. Announces Job Cuts
2009-02-17,23,Sail Renegotiates Long-Term Contract with BHP Billiton Ltd
2009-02-20,16,"Andrew Mackenzie Starts as Group Executive, Chief Executive, Non Ferrous and Member of Group Management Committee of BHP Billiton Ltd"
2009-02-20,101,"Andrew Mackenzie Starts as Group Executive, Chief Executive, Non Ferrous and Member of Group Management Committee of BHP Billiton Ltd"
2009-02-24,21,BHP Billiton Ltd. Cuts Head Office Staff
2009-03-05,102,BHP Billiton Petroleum Appoints David D. Powell as Chief Financial Officer
2009-03-10,21,BHP Billiton Ltd. Axes SA Mining Jobs; Announces Expansion Plans
2009-03-10,31,BHP Billiton Ltd. Axes SA Mining Jobs; Announces Expansion Plans
2009-03-12,23,"Western Areas Announces Heads of Agreement with BHP Billiton for Contract to Sell Up to 10,000 Tonnes of Nickel"
2009-03-12,80,BHP Billiton Ltd. (ASX: BHP) agreed to acquire 10% stake in Mumbwa Iron Oxide Copper Gold Project from Blackthorn Resources Limited (ASX: BTR) for $1.1 million.
2009-03-12,80,BHP Billiton Ltd. (ASX: BHP) agreed to acquire 10% stake in Mumbwa Iron Oxide Copper Gold Project from Blackthorn Resources Limited (ASX: BTR) for $1.1 million.
2009-03-12,80,Inpex Corporation (TSE:1605) and Apache Corp. (NYSE:APA) agreed to acquire 40% stake in WA-35-L Block from BHP Billiton Ltd. (ASX: BHP).
2009-03-12,80,Inpex Corporation (TSE:1605) and Apache Corp. (NYSE:APA) agreed to acquire 40% stake in WA-35-L Block from BHP Billiton Ltd. (ASX: BHP).
2009-03-12,80,Inpex Corporation (TSE:1605) and Apache Corp. (NYSE:APA) agreed to acquire 50% stake in 1081 block of WA-255-P Block from BHP Billiton Ltd. (ASX: BHP).
2009-03-12,80,Inpex Corporation (TSE:1605) and Apache Corp. (NYSE:APA) agreed to acquire 40% stake in WA-35-L Block from BHP Billiton Ltd. (ASX: BHP).
2009-03-12,80,Inpex Corporation (TSE:1605) and Apache Corp. (NYSE:APA) agreed to acquire 40% stake in WA-35-L Block from BHP Billiton Ltd. (ASX: BHP).
2009-03-12,80,BHP Billiton Ltd. (ASX: BHP) agreed to acquire 10% stake in Mumbwa Iron Oxide Copper Gold Project from Blackthorn Resources Limited (ASX: BTR) for $1.1 million.
2009-03-12,80,BHP Billiton Ltd. (ASX: BHP) agreed to acquire 10% stake in Mumbwa Iron Oxide Copper Gold Project from Blackthorn Resources Limited (ASX: BTR) for $1.1 million.
2009-03-13,81,Inpex Corporation (TSE:1605) and Apache Corp. (NYSE:APA) completed the acquisition of 40% stake in WA-35-L Block from BHP Billiton Ltd. (ASX: BHP).
2009-03-13,81,Inpex Corporation (TSE:1605) and Apache Corp. (NYSE:APA) completed the acquisition of 40% stake in WA-35-L Block from BHP Billiton Ltd. (ASX: BHP).
2009-03-13,81,Inpex Corporation (TSE:1605) and Apache Corp. (NYSE:APA) completed the acquisition of 40% stake in WA-35-L Block from BHP Billiton Ltd. (ASX: BHP).
2009-03-13,81,Inpex Corporation (TSE:1605) and Apache Corp. (NYSE:APA) completed the acquisition of 40% stake in WA-35-L Block from BHP Billiton Ltd. (ASX: BHP).
2009-03-24,31,BHP Billiton Ltd. Announces Expansion of Olympic Dam Uranium and Copper Mine
2009-03-25,41,BHP Billiton Announces First Oil & Gas from the Shenzi Field in Deepwater Gulf of Mexico
2009-03-26,21,BHP Billiton Ltd. Axes 400 Coal Mining Contract Workers
2009-03-29,65,BHP Billiton Mulls Buys
2009-03-31,65,BHP Billiton Rumored To Be Eyeing Alcoa
2009-03-31,28,"BHP Billiton Ltd. Reports Earnings Results for the Half Year Ended December 31, 2008"
2009-03-31,81,Inpex Corporation (TSE:1605) and Apache Corp. (NYSE:APA) completed the acquisition of 50% stake in 1081 block of WA-255-P Block from BHP Billiton Ltd. (ASX: BHP).
2009-04-01,65,BHP Billiton Rumored To Eye POT
2009-04-02,25,BHP Billiton Ltd. Wins Loans Case Against ATO
2009-04-03,42,BHP Billiton Ltd. Prices Two Tranche Euro Bond
2009-04-13,1,BHP Fails To Sell Chinese Coal-Bed Methane Operations
2009-04-14,81,"StatoilHydro ASA (OB:STL) acquired 40% stake in 50 blocks in DeSoto Canyon, Gulf of Mexico from BHP Billiton Ltd. (ASX:BHP)."
2009-04-14,81,"StatoilHydro ASA (OB:STL) acquired 40% stake in 50 blocks in DeSoto Canyon, Gulf of Mexico from BHP Billiton Ltd. (ASX:BHP)."
2009-04-14,81,"StatoilHydro ASA (OB:STL) acquired 40% stake in 50 blocks in DeSoto Canyon, Gulf of Mexico from BHP Billiton Ltd. (ASX:BHP)."
2009-04-14,81,"StatoilHydro ASA (OB:STL) acquired 40% stake in 50 blocks in DeSoto Canyon, Gulf of Mexico from BHP Billiton Ltd. (ASX:BHP)."
2009-04-20,65,BHP Billiton Mum On Rio Tinto Talks
2009-04-21,55,"BHP Group to Report Fiscal Year 2009 Results on Aug 12, 2009"
2009-04-21,55,"BHP Billiton plc to Report Fiscal Year 2009 Results on August 12, 2009"
2009-04-22,28,"BHP Billiton Ltd. Reports Production Results for the Third Quarter Ended March 31, 2009"
2009-04-24,65,POT Quashes BHP Billiton Approach Rumors
2009-04-28,21,BHP Billiton Ltd. Sheds 360 Jobs at Queensland Coal Mine
2009-04-30,81,BHP Billiton Ltd. (ASX: BHP) completed the acquisition of additional 10% stake in Mumbwa Iron Oxide Copper Gold Project from Blackthorn Resources Limited (ASX: BTR).
2009-04-30,81,BHP Billiton Ltd. (ASX: BHP) completed the acquisition of additional 10% stake in Mumbwa Iron Oxide Copper Gold Project from Blackthorn Resources Limited (ASX: BTR).
2009-04-30,81,BHP Billiton Ltd. (ASX: BHP) completed the acquisition of additional 10% stake in Mumbwa Iron Oxide Copper Gold Project from Blackthorn Resources Limited (ASX: BTR).
2009-04-30,81,BHP Billiton Ltd. (ASX: BHP) completed the acquisition of additional 10% stake in Mumbwa Iron Oxide Copper Gold Project from Blackthorn Resources Limited (ASX: BTR).
2009-05-01,41,BHP Billiton Ltd. Seeks Government Approvals for Further Expansion of its Olympic Dam Uranium and Copper Mine in South Australia
2009-05-02,31,BHP Billiton Ltd. Step Closer to $20 Billion Olympic Dam Expansion
2009-05-04,65,BHP Denies Plans To Bid For OZ Minerals
2009-05-13,21,BHP Billiton plc Axes 240 Jobs at Leinster
2009-05-15,22,Commonwealth Scientific and Industrial Research Organisation and BHP Billiton Announce Collaboration Agreement
2009-05-20,23,Neptune Marine Services Ltd. Acquires $20 Million in New Contracts
2009-05-21,65,"BHP Billiton, GPN In Talks For Yabulu Refinery"
2009-05-22,41,BHP Billiton Ltd. and Toro Energy Ltd. Announces Progress on Uranium Projects in Western Australia
2009-05-23,65,BHP Reportedly In Talks To Sell Nickel Refinery
2009-05-26,62,"BHP Billiton Ltd., Annual General Meeting, Nov 26, 2009"
2009-05-26,62,"BHP Group, Annual General Meeting, Oct 29, 2009"
2009-05-26,62,"BHP Billiton plc, Annual General Meeting, Oct 29, 2009"
2009-05-29,22,Reliance Power May Form Coal Mining Joint Venture with BHP Billiton
2009-06-04,65,BHP May Launch Complete Takeover Bid For Rio Tinto
2009-06-05,22,Rio Tinto plc Drops Aluminum Corporation Of China Limited for BHP Billiton Ltd. Joint Venture
2009-06-05,22,Rio Tinto Ltd. and BHP Billiton Ltd. Announce WA iron ore Joint Venture
2009-06-09,1,Rio Tinto May Not Sell Stake In Escondida
2009-06-09,22,"BHP Billiton Ltd., Asiaticus Nearing Deal to Push Through with Nickel Project"
2009-06-17,21,BHP Billiton plc to Cut 15% of Jobs at its Hotazel Mine
2009-06-17,1,"Rio, BHP May Be Forced To Sell Assets"
2009-06-18,16,BHP Billiton Ltd. Appoints Wayne Murdy as Non-Executive Director
2009-06-22,16,BHP Billiton plc Appoints Wayne Murdy as Non-Executive Director
2009-06-22,25,BHP Billiton Ltd. and Asiaticus Management Corp. Agree to Withdraw Court Cases Against Each Other
2009-06-23,65,BHP Billiton Receives Interests For Stake In Maruwai
2009-06-25,65,BHP Reportedly Mulls Sale Of Ravensthorpe Nickel Mine
2009-06-26,65,"Xstrata, Gladstone Pacific Nickel Reportedly Eye BHP’s Yabulu"
2009-06-26,65,Four Indonesian Firms Show Interest In BHP's Haju Mine
2009-06-27,65,Forrest Reportedly Eyes Ravensthorpe Nickel Operation
2009-06-30,1,BHP Billiton Not Selling Australian Nickel Assets Anytime Soon
2009-07-01,65,Palmer Reportedly In Talks To Acquire Yabulu Nickel Refinery
2009-07-02,65,Bumi Eyes BHP’s Kalimantan Coal Mining
2009-07-02,16,BHP Billiton Appoints Wayne Murdy as Non-Executive
2009-07-03,80,Clive Palmer signed an agreement to acquire Yabulu nickel refinery from BHP Billiton Ltd. (ASX: BHP).
2009-07-03,65,Palmer Eyes BHP's Ravensthorpe And Leinster Mines
2009-07-03,80,Clive Palmer signed an agreement to acquire Yabulu nickel refinery from BHP Billiton Ltd. (ASX: BHP).
2009-07-03,80,Clive Palmer signed an agreement to acquire Yabulu nickel refinery from BHP Billiton Ltd. (ASX: BHP).
2009-07-03,80,Clive Palmer signed an agreement to acquire Yabulu nickel refinery from BHP Billiton Ltd. (ASX: BHP).
2009-07-03,80,Clive Palmer signed an agreement to acquire Yabulu nickel refinery from BHP Billiton Ltd. (ASX: BHP).
2009-07-03,80,Clive Palmer signed an agreement to acquire Yabulu nickel refinery from BHP Billiton Ltd. (ASX: BHP).
2009-07-09,31,BHP Billiton Ltd. Reports First Production from the Expansion of its Alumar Alumina Refinery in Brazil
2009-07-10,65,BHP Billiton Rumored To Be Eyeing Mosaic
2009-07-13,1,BHP Billiton To Sell Ravensthorpe Nickel Operations
2009-07-16,31,BHP Billiton Opens New Metallurgical Coal World Head Office in Brisbane
2009-07-17,93,BHP Billiton Ltd. has filed a Shelf Registration in the amount of $135.20 million.
2009-07-20,16,BHP Billiton Ltd. Announces Management Changes
2009-07-23,28,"BHP Billiton Ltd. Reports Production Results for the Fourth Quarter Ended June 30, 2009"
2009-07-24,56,Bhp Ltd. will Change its Name to BHP Billiton Ltd
2009-07-24,31,BHP Billiton Ltd. to Expand Mt Arthur Coal Mine in Australia on Rising Prices
2009-07-28,22,PNOC-Exploration Corp. May Form Joint Venture with BHP Billiton Ltd
2009-07-31,81,Clive Palmer completed the acquisition of Yabulu nickel refinery from BHP Billiton Ltd. (ASX: BHP).
2009-07-31,81,Clive Palmer completed the acquisition of Yabulu nickel refinery from BHP Billiton Ltd. (ASX: BHP).
2009-07-31,81,Clive Palmer completed the acquisition of Yabulu nickel refinery from BHP Billiton Ltd. (ASX: BHP).
2009-07-31,81,Clive Palmer completed the acquisition of Yabulu nickel refinery from BHP Billiton Ltd. (ASX: BHP).
2009-08-04,16,BHP Billiton plc Announces Management Changes
2009-08-05,41,Blackthorn Resources Limited and BHP Billiton Ltd. Announces Progress at Mumbwa JV Project
2009-08-08,1,BHP To Sell All Assets In Indonesia
2009-08-10,81,ESCOM Mining acquired an unknown stake in 14 Diamond Exploration Areas from BHP Billiton plc (LSE: BLT).
2009-08-10,81,ESCOM Mining acquired an unknown stake in 14 Diamond Exploration Areas from BHP Group (ASX:BHP).
2009-08-12,22,BHP Billiton plc to Form Joint Venture with Rio Tinto plc
2009-08-12,21,"BHP Billiton Ltd. to Cut 6,000 Jobs"
2009-08-13,3,BHP Billiton Eyeing Acquisitions
2009-08-14,65,BHP Billiton Reportedly Receives Interest For Ravensthorpe Operation
2009-08-14,23,Mincor Resources NL Extends Agreements with BHP Billiton Ltd
2009-08-14,65,Bayan Resources Eyes BHP Billiton’s Mining Assets
2009-08-15,65,BHP Billiton Reportedly Hires Merrill Lynch To Sell Ravensthorpe Mine
2009-08-25,65,Aneka Tambang Interested In BHP’s Mining Working Area
2009-08-25,21,BHP Billiton Ltd. Plans to Cut 70 Jobs
2009-08-28,65,Bukit Asam And Others Interested In BHP’s Local Assets
2009-09-03,44,Spence Workers Reject BHP Billiton Ltd.'s Latest Pay Offer
2009-09-03,31,BHP Billiton Ltd. Joins Exxon Mobil Corp. in Sulu Sea Oil and Gas Project
2009-09-10,23,BHP Billiton Ltd. Signs Eight-Year Iron Ore Supply Deal with Hyundai Steel
2009-09-12,3,BHP’s Petroleum Division Eyeing Acquisitions
2009-09-15,65,"BHP, Rio Looking At Merging Canadian Diamond Operations"
2009-09-16,1,BHP Mulls Joint Venture For Maruwai Coal Mine; To Keep Controlling Stake
2009-09-16,1,BHP Mulls Joint Venture For Maruwai Coal Mine; To Keep Controlling Stake
2009-09-18,3,BHP Billiton Eyeing Acquisitions Possibly Of Large Rivals
2009-09-21,28,"BHP Billiton Ltd. Reports Earnings Results for the Year Ended June 30, 2009"
2009-09-24,28,"BHP Billiton Ltd. Reports Earnings Results for the Year Ended June 30, 2009"
2009-09-24,50,BHP Billiton Ltd. - Shareholder/Analyst Call
2009-09-25,55,"BHP Billiton Ltd. to Report First Half, 2010 Results on February 10, 2010"
2009-09-28,65,Churchill Mining Receives Approaches
2009-09-28,65,Churchill Mining Receives Approaches
2009-09-30,44,Strike Likely at BHP Billiton Ltd.'s Spence Mine
2009-09-30,65,Tavan Tolgoi Attracts Multiple Suitors
2009-09-30,65,Tavan Tolgoi Attracts Multiple Suitors
2009-10-01,82,PT Indika Energy (JKSE: INDY) cancelled the acquisition of PT BHP Kendilo Coal Indonesia from BHP Billiton Ltd and Mistui & Company (Australia) Ltd.
2009-10-07,65,Bukit Asam Eyeing BHP Mining Site
2009-10-07,44,BHP Billiton To Start Negotiations with Unions at Minera Escondida
2009-10-07,65,Jinchuan Reportedly Hires Advisors For Ravensthorpe Bid
2009-10-08,21,"BHP Billiton Ltd. to Cut 6,000 Jobs"
2009-10-13,44,BHP Billiton Ltd. Announces Strike of Workers at its Spence Copper Mine in Chile's Northern Region Ii
2009-10-14,65,"Rio. BHP, Fortescue Reportedly Eyeing UMC’s Pilbara"
2009-10-15,22,BHP Billiton and Rio Tinto Sign Non-Binding Agreement to Establish Production Joint Venture
2009-10-20,65,BHP Speculated To Be Eyeing K+S
2009-10-20,140,"BHP Billiton Ltd. to Report Q1, 2010 Sales/Trading Statement Results on October 21, 2009"
2009-10-21,28,BHP Billiton Group Reports Production Results for the Third Quarter Ended September 2009
2009-10-21,28,BHP Billiton Ltd. Reports Production Results for the First Quarter Ended September 2009
2009-10-21,65,Foreign Buyers Reportedly Interested In BHP's Ravensthorpe Mine
2009-10-21,28,BHP Billiton Group Reports Production Results for the Third Quarter Ended September 2009
2009-10-22,1,BHP Hopes To Sell 25% Stake In Maruwai By Q1 2010
2009-10-23,65,Mongolia Shortlists 8 Potential Bidders For Coal Project
2009-10-23,65,Rajawali Eyes Buying BHP’s Coal Mine In Central Kalimantan
2009-10-27,44,BHP Billiton's Spence Workers on Strike Stage Peaceful Protest in Antofagasta
2009-10-28,44,BHP Billiton Offers to Start Contract Negotiations Early with Cerro Colorado Workers
2009-10-28,65,Indika Energy Submits Expression Of Interest For BHP Billiton’s Maruwai Coal Project; Seeks Other Acquisitions Too
2009-10-29,5,BHP Eyeing More JVs Like With Rio Tinto
2009-10-30,22,BHP Billiton Ltd. Signs Joint Venture with Rio Tinto Ltd
2009-10-30,41,Repsol Announces Two Oil Finds in Gulf of Mexico
2009-11-01,51,"BHP Billiton Ltd. Presents at Mines and Money London 2009, Dec-01-2009"
2009-11-02,65,"Minara, China Metallurgical Reportedly Eye BHP Billiton’s Ravensthorpe Nickel Mine"
2009-11-02,65,Minara Confirms Interest In Ravensthorpe
2009-11-06,149,"Terrapinn Limited, Corporate Finance World 2009, Nov-09-2009 through Nov-11-2009"
2009-11-06,149,"Terrapinn Limited, Corporate Finance World 2009, Nov 09, 2009 through Nov 11, 2009"
2009-11-06,51,"BHP Billiton Ltd. Presents at Corporate Finance World 2009, Nov-10-2009 09:00 AM"
2009-11-06,149,"Terrapinn Limited, Corporate Finance World 2009, Nov 09, 2009 through Nov 11, 2009"
2009-11-06,149,"Terrapinn Limited, Corporate Finance World 2009, Nov-09-2009 through Nov-11-2009"
2009-11-06,51,"BHP Billiton Ltd. Presents at Corporate Finance World 2009, Nov-10-2009 09:00 AM"
2009-11-06,51,"BHP Billiton Ltd. Presents at Corporate Finance World 2009, Nov-10-2009 09:00 AM"
2009-11-06,51,"BHP Billiton Ltd. Presents at Corporate Finance World 2009, Nov-10-2009 09:00 AM"
2009-11-09,44,"BHP Billiton Ltd.'s Spence Union Continues on Strike and Plans to Protest in Downtown Santiago on November 11, 2009"
2009-11-16,65,First Quantum Reportedly Eyes BHP Billiton’s Ravensthorpe Nickel Laterite Mine
2009-11-23,31,BHP Billiton plc Resumes Escondida Expansion Studies
2009-11-23,44,BHP Billiton Ltd.’s Spence Copper Mine to Return to Full Output in January After Union Strike
2009-11-24,65,BHP Reportedly Eyeing Woodside; Woodside Mum
2009-11-24,16,BHP Billiton plc Accepts the Resignation of Dr. David Morgan as Director
2009-11-24,44,BHP Reaches Agreement with Spence Copper Mine Workers
2009-11-25,65,Minara To Reportedly Submit A Joint Bid For Ravensthorpe
2009-11-25,65,Minara To Reportedly Submit A Joint Bid For Ravensthorpe
2009-11-26,232,BHP Billiton plc announces an Equity Buyback
2009-11-26,234,BHP Billiton plc's Equity Buyback has expired
2009-11-26,16,BHP Billiton plc and BHP Billiton Ltd. Approves the Election of Don Argus as Director
2009-11-26,22,BHP Billiton Ltd. Reiterates Iron Ore Production Joint Venture with Rio Tinto Ltd
2009-11-26,22,"BHP Billiton, PNOC Team Up for Filipino Exploration"
2009-11-30,149,"Aspermont UK, Mines and Money London 2009, Dec 01, 2009 through Dec 02, 2009"
2009-12-02,16,BHP Billiton Ltd. and BHP Billiton plc Elects Wayne Murdy as Director
2009-12-02,16,David A. L. Jenkins Ceases as Director of BHP Billiton Ltd. and BHP Billiton plc
2009-12-03,65,Woodside May Buy More Stake In Browse LNG Project
2009-12-03,65,Woodside May Buy More Stake In Browse LNG Project
2009-12-08,80,First Quantum Minerals Australia Pty Ltd. entered into a binding agreement to acquire Ravensthorpe Nickel Operations Pty Limited from BHP Billiton Ltd. (ASX: BHP) for $340 million.
2009-12-08,80,First Quantum Minerals Australia Pty Ltd. entered into a binding agreement to acquire Ravensthorpe Nickel Operations Pty Limited from BHP Billiton Ltd. (ASX: BHP) for $340 million.
2009-12-08,80,First Quantum Minerals Australia Pty Ltd. entered into a binding agreement to acquire Ravensthorpe Nickel Operations Pty Limited from BHP Billiton Ltd. (ASX: BHP) for $340 million.
2009-12-08,80,First Quantum Minerals Australia Pty Ltd. entered into a binding agreement to acquire Ravensthorpe Nickel Operations Pty Limited from BHP Billiton Ltd. (ASX: BHP) for $340 million.
2009-12-09,81,A consortium of investors completed the acquisition of 26% stake in Richards Bay Minerals (RBM) from Rio Tinto plc (LSE: RIO) and BHP Group (ASX:BHP).
2009-12-09,81,A consortium of investors completed the acquisition of 26% stake in Richards Bay Minerals (RBM) from Rio Tinto plc (LSE: RIO) and BHP Billiton plc (LSE: BLT).
2009-12-12,55,"BHP Billiton plc to Report First Half, 2010 Results on February 10, 2010"
2009-12-12,55,"BHP Group to Report First Half, 2010 Results on Feb 10, 2010"
2009-12-15,65,BHP Reportedly Approaches Government For Queensland Rail
2009-12-17,21,BHP Billiton Ltd. to Close Ravensthorpe Nickel Mine on the South Coast
2009-12-21,65,BHP To Divest Maruwai Coal Mine; Number of Companies Interested
2009-12-22,65,BHP Billiton Reportedly Planning To Sell Off Nickel Assets
2009-12-22,80,Asiaticus Management Corp. entered into the agreement to acquire 40% remaining stake in Hallmark Mining Corp. from BHP Billiton Ltd. (ASX: BHP).
2009-12-31,231,"Tranche Update on BHP Billiton plc (LSE:BLT)'s Equity Buyback Plan announced on November 26, 2009."
2009-12-31,81,Asiaticus Management Corp. completed the acquisition of 40% remaining stake in Hallmark Mining Corp. from BHP Billiton Ltd. (ASX: BHP).
2009-12-31,231,"Tranche Update on BHP Group (ASX:BHP)'s Equity Buyback Plan announced on November 26, 2009."
2010-01-04,149,"BMO Capital Markets Corp., BMO Capital Markets 2010 Global Metals & Mining Conference, Feb 28, 2010 through Mar 03, 2010"
2010-01-06,31,BHP Billiton Ltd. Approves Expansion of Capacity at the Antamina Copper and Zinc Mine in Northern Peru
2010-01-07,25,Court Upholds BHP Mining License
2010-01-14,55,"BHP Billiton Group to Report Fiscal Year 2010 Results on August 25, 2010"
2010-01-14,23,NRW Holdings Ltd. Wins Variation to an Existing Contract with BHP Billiton Ltd
2010-01-14,55,"BHP Group to Report Fiscal Year 2010 Results on Aug 25, 2010"
2010-01-18,31,BHP Billiton Ltd. Approves $267 Million Capital Expenditure for Two Australian Projects
2010-01-20,28,BHP Billiton Ltd. Reports Production Results for the First Half of Fiscal 2010
2010-01-20,28,"BHP Billiton plc Reports Production Results for the Half Year Ended Dec. 31, 2009"
2010-01-20,28,"BHP Billiton Ltd. Announces Production Results for the Second Quarter Ended December 31, 2009"
2010-01-25,25,"European Commission Launches Probe into Rio Tinto, BHP Mining Deal"
2010-01-27,65,BHP To Only Sell 25% Stake In Coal Project; Reportedly Selects Adaro Energy As Partner
2010-01-28,1,BHP Billiton Cancel Sale Of Coal Assets In Maruwai
2010-01-29,16,BHP Billiton Ltd. Announces Board Changes
2010-02-03,16,BHP Billiton plc Announces Cessation of Hon. E Gail De Planque as Director
2010-02-04,55,"BHP Billiton Ltd. to Report Fiscal Year 2010 Results on Aug 25, 2010"
2010-02-08,16,BHP Billiton Ltd. Announces Executive Changes
2010-02-09,48,"BHP Billiton plc, Q2 2010 Earnings Call, Feb-10-2010"
2010-02-09,48,"BHP Group, H1 2010 Earnings Call, Feb 10, 2010"
2010-02-10,81,First Quantum Minerals Australia Pty Ltd. completed the acquisition of Ravensthorpe Nickel Operations Pty Limited from BHP Billiton Ltd. (ASX: BHP).
2010-02-10,231,"Tranche Update on BHP Billiton plc (LSE:BLT)'s Equity Buyback Plan announced on November 26, 2009."
2010-02-10,231,"Tranche Update on BHP Group (ASX:BHP)'s Equity Buyback Plan announced on November 26, 2009."
2010-02-10,81,First Quantum Minerals Australia Pty Ltd. completed the acquisition of Ravensthorpe Nickel Operations Pty Limited from BHP Billiton Ltd. (ASX: BHP).
2010-02-10,81,First Quantum Minerals Australia Pty Ltd. completed the acquisition of Ravensthorpe Nickel Operations Pty Limited from BHP Billiton Ltd. (ASX: BHP).
2010-02-10,81,First Quantum Minerals Australia Pty Ltd. completed the acquisition of Ravensthorpe Nickel Operations Pty Limited from BHP Billiton Ltd. (ASX: BHP).
2010-02-10,3,BHP Billiton Looks For Acquisitions
2010-02-24,16,BHP Billiton Ltd. Announces Board Changes
2010-02-26,16,BHP Billiton Appoints Glenn Kellow as President of Stainless Steel Materials Division
2010-02-28,51,"BHP Group Presents at BMO Capital Markets 2010 Global Metals & Mining Conference, Feb-28-2010"
2010-02-28,51,"BHP Billiton plc Presents at BMO Capital Markets 2010 Global Metals & Mining Conference, Feb-28-2010"
2010-02-28,51,"BHP Group Presents at BMO Capital Markets 2010 Global Metals & Mining Conference, Feb-28-2010"
2010-02-28,51,"BHP Group Presents at BMO Capital Markets 2010 Global Metals & Mining Conference, Feb-28-2010"
2010-02-28,51,"BHP Billiton plc Presents at BMO Capital Markets 2010 Global Metals & Mining Conference, Feb-28-2010"
2010-02-28,51,"BHP Group Presents at BMO Capital Markets 2010 Global Metals & Mining Conference, Feb-28-2010"
2010-03-01,41,"First Oil Production Commences Schedule from BHP Billiton Ltd. Operated Pyrenees Project, Offshore Western Australia"
2010-03-04,25,The Supreme Court in Sydney to Rule on an Appeal by Two Liverpool Plains Farming Families Against BHP Billiton Ltd
2010-03-10,65,Buyers Circling Queensland Rail
2010-03-12,65,Buyers Reportedly Circling Statoil’s Peregrino Stake
2010-03-16,51,"BHP Billiton plc Presents at 2nd Euro Nickel Conference 2010, Mar-18-2010"
2010-03-16,51,"BHP Group Presents at 2nd Euro Nickel Conference 2010, Mar-18-2010"
2010-03-16,149,"Informa Australia Pty Ltd., 2nd Euro Nickel Conference 2010, Mar 18, 2010 through Mar 19, 2010"
2010-03-16,149,"Informa Australia Pty Ltd., 2nd Euro Nickel Conference 2010, Mar-18-2010 through Mar-19-2010"
2010-03-19,21,BHP Billiton Plans to Close a Plant for Fortnight
2010-03-22,23,"Formosa Plastics Group Secures Iron Ore from Miners BHP Billiton, Rio Tinto and Vale"
2010-03-31,22,"BHP, Adaro Energy Announces Joint Venture Deal for Coal Project"
2010-03-31,25,Australian Workers Union Considers Legal Action against BHP Billiton
2010-03-31,80,PT Adaro Energy Tbk (JKSE: ADRO) agreed to acquire 25% stake in Maruwai coal project in Kalimantan from BHP Billiton Ltd. (ASX: BHP) for $350 million.
2010-04-07,16,"BHP Billiton Ltd. and BHP Billiton plc Appoints Carolyn Hewson, as Director Effective from March 31, 2010"
2010-04-21,28,"BHP Billiton Ltd. Reports Alumina Production Results for the Third Quarter and Nine Months Ended March 31, 2010"
2010-04-21,28,BHP Billiton Ltd. Reports Production Results for the Third Quarter and Year to Date Ended March 2010
2010-04-21,28,"BHP Billiton plc Reports Production Report for the Nine Months Ended March 31, 2010"
2010-04-22,25,Authorities in United States Probe BHP Billiton Ltd. over $2.5 Million Payment Related to Exploration Project in Cambodia
2010-04-26,16,"BHP Billiton Ltd. Announces Executive Changes, Effective May 19, 2010"
2010-05-03,149,"BofA Merrill Lynch, Bank of America Merrill Lynch 2010 Global Metals and Mining Conference, May 11, 2010 through May 13, 2010"
2010-05-06,51,"BHP Billiton plc Presents at Bank of America Merrill Lynch 2010 Global Metals and Mining Conference, May-11-2010 10:30 AM"
2010-05-06,51,"BHP Group Presents at Bank of America Merrill Lynch 2010 Global Metals and Mining Conference, May-11-2010 10:30 AM"
2010-05-24,3,BHP Billiton Mulls Acquisitions
2010-05-24,3,BHP Petroleum Seeks Acquisitions
2010-05-26,22,Oil and Natural Gas Corp. Ltd. in Talks with Energy Giants for Gas Block Tie-Up
2010-05-27,81,PT Adaro Energy Tbk (JKSE: ADRO) completed the acquisition of 25% stake in Maruwai coal project in Kalimantan from BHP Billiton Ltd. (ASX: BHP) for approximately $340 million.
2010-05-31,22,Indonesian Government Approves Joint Venture Between PT Adaro Energy Tbk and BHP Billiton Ltd
2010-06-01,23,BHP Billiton and Eskom Sign an Amended Agreement for the Mozal Smelter in Mozambique
2010-06-03,31,BHP Billiton Ltd. Announces Creation of Pampa Norte Division; Announces Management Appointments
2010-06-03,16,BHP Billiton Ltd. Announces Creation of Pampa Norte Division; Announces Management Appointments
2010-06-09,28,"BHP Billiton Ltd. Reports Earnings Results for the Year Ended June 30, 2009"
2010-06-17,62,"BHP Group, Annual General Meeting, Oct 21, 2010"
2010-06-17,62,"BHP Billiton Ltd., Annual General Meeting, Nov 16, 2010"
2010-06-17,62,"BHP Billiton plc, Annual General Meeting, Oct 21, 2010"
2010-06-21,23,Rio Tinto plc and BHP Billiton Ltd. Enter into Royalty Deal with Western Australian Government
2010-06-22,65,Alinta Reportedly Receives Preliminary Bids
2010-07-21,28,"BHP Billiton plc Reports Production Results for the Fourth Quarter and Full Year Ended June 30, 2010"
2010-07-21,28,BHP Billiton Ltd. Announces Production Results for the Quarter Ended June 2010
2010-08-05,51,"BHP Billiton Ltd. Presents at SA Investor to Corporate Conference 2010, Oct-25-2010"
2010-08-05,149,"BofA Merrill Lynch, SA Investor to Corporate Conference 2010, Oct-25-2010 through Oct-29-2010"
2010-08-11,31,BHP Billiton Ltd Chooses Port of Vancouver USA as the Site for New Potash Export Facility
2010-08-17,80,"BHP Billiton plc (LSE: BLT) made an offer to acquire Potash Corp. of Saskatchewan, Inc. (NYSE: POT) for $38.6 billion."
2010-08-17,80,"BHP Billiton plc (LSE: BLT) made an offer to acquire Potash Corp. of Saskatchewan, Inc. (NYSE: POT) for $38.6 billion."
2010-08-25,48,"BHP Group, 2010 Earnings Call, Aug 25, 2010"
2010-08-25,48,"BHP Billiton plc, 2010 Earnings Call, Aug 25, 2010"
2010-08-26,3,BHP Billiton Eyeing Acquisitions
2010-08-27,149,"Coaltrans Conferences Limited, the Coaltrans Amsterdam World Coal Conference 2010, Oct-17-2010 through Oct-19-2010"
2010-08-27,51,"BHP Billiton Ltd. Presents at The Coaltrans Amsterdam World Coal Conference 2010, Oct-18-2010 09:00 AM"
2010-08-27,51,"BHP Billiton Ltd. Presents at The Coaltrans Amsterdam World Coal Conference 2010, Oct-18-2010 09:00 AM"
2010-08-27,51,"BHP Billiton Ltd. Presents at The Coaltrans Amsterdam World Coal Conference 2010, Oct-18-2010 09:00 AM"
2010-08-27,51,"BHP Billiton Ltd. Presents at The Coaltrans Amsterdam World Coal Conference 2010, Oct-18-2010 09:00 AM"
2010-08-27,149,"Coaltrans Conferences Limited, the Coaltrans Amsterdam World Coal Conference 2010, Oct-17-2010 through Oct-19-2010"
2010-08-29,1,BHP Could Sell Some Potash Corp Assets
2010-08-29,65,"Sinochem, Sinofert May Bid For Potash Corp"
2010-08-30,1,BHP Billiton Denies Speculations Of Plans To Sell Potash Corp’s Assets If It Wins The Bid
2010-09-02,65,Anadarko Rises On Possible Takeover Interest From BHP
2010-09-13,65,Drummond Hopes To Receive Offers For Colombian Operations
2010-09-18,3,BHP’s Oil And Gas Unit Seeks Acquisitions
2010-09-22,28,BHP Billiton plc Announces Earnings Results for the Fiscal Year 2010
2010-09-22,31,BHP Billiton Ltd. Selects Washington Site for Potash Export Center
2010-09-22,77,BHP Billiton Ltd. and BHP Billiton plc Proposes Amendments to Articles of Association
2010-09-22,25,Potash Files Complaint Against BHP Billiton Ltd
2010-09-22,50,BHP Billiton plc - Shareholder/Analyst Call
2010-09-22,50,BHP Group - Shareholder/Analyst Call
2010-09-24,22,"BHP Billiton Ltd. to Develop $1.5 Billion Macedon Gas Field at Exmouth, Western Australia in Joint Venture with Apache Northwest"
2010-09-24,31,BHP Billiton Ltd. to Develop the Macedon Gas Field
2010-09-27,25,Chicago Judge Rules Against BHP Billiton Ltd.'s Hostile Bid for Potash Corp
2010-10-01,25,BHP Billiton Ltd. Asks U.S. Court to Throw Out Lawsuit against the Company
2010-10-06,149,"BMO Capital Markets Corp., BMO Capital Markets' 2011 Global Metals & Mining Conference, Feb 27, 2011 through Mar 02, 2011"
2010-10-11,28,"BHP Billiton Ltd. Announces Earnings Results for the Year Ended June 30, 2010"
2010-10-13,149,"Jefferies & Company, Inc., Jefferies Global Energy Conference, Dec 01, 2010 through Dec 02, 2010"
2010-10-14,55,"BHP Billiton Ltd. to Report First Half, 2011 Results on Feb 16, 2011"
2010-10-14,140,"BHP Billiton Group to Report Q3, 2011  Sales/Trading Statement Results on Apr 20, 2011"
2010-10-14,140,"BHP Group to Report Q3, 2011 Sales/Trading Statement Results on Apr 20, 2011"
2010-10-14,140,"BHP Group to Report Q3, 2011 Sales/Trading Statement Results on Apr 20, 2011"
2010-10-14,55,"BHP Billiton Ltd. to Report Fiscal Year 2011 Results on Aug 24, 2011"
2010-10-14,219,"BHP Group to Report Q4, 2011 Operating Results on Jul 20, 2011"
2010-10-14,219,"BHP Billiton Group to Report Q4, 2011  Sales/Trading Statement Results on Jul 20, 2011"
2010-10-14,219,"BHP Group to Report Q4, 2011 Operating Results on Jul 20, 2011"
2010-10-14,219,"BHP Group to Report Q4, 2011 Operating Results on Jul 20, 2011"
2010-10-14,219,"BHP Billiton Group to Report Q4, 2011  Sales/Trading Statement Results on Jul 20, 2011"
2010-10-14,219,"BHP Group to Report Q4, 2011 Operating Results on Jul 20, 2011"
2010-10-14,140,"BHP Billiton Group to Report Q1, 2011  Sales/Trading Statement Results on Oct 20, 2010"
2010-10-14,140,"BHP Group to Report Q1, 2011 Sales/Trading Statement Results on Oct 20, 2010"
2010-10-14,140,"BHP Group to Report Q1, 2011 Sales/Trading Statement Results on Oct 20, 2010"
2010-10-14,140,"BHP Billiton Group to Report Q3, 2011  Sales/Trading Statement Results on Apr 20, 2011"
2010-10-14,140,"BHP Group to Report Q3, 2011 Sales/Trading Statement Results on Apr 20, 2011"
2010-10-14,140,"BHP Group to Report Q3, 2011 Sales/Trading Statement Results on Apr 20, 2011"
2010-10-14,140,"BHP Billiton Group to Report Q2, 2011  Sales/Trading Statement Results on Jan 19, 2011"
2010-10-14,140,"BHP Group to Report Q2, 2010 Sales/Trading Statement Results on Jan 19, 2011"
2010-10-14,140,"BHP Group to Report Q2, 2011 Sales/Trading Statement Results on Jan 19, 2011"
2010-10-14,140,"BHP Group to Report Q2, 2011 Sales/Trading Statement Results on Jan 19, 2011"
2010-10-14,140,"BHP Billiton Group to Report Q2, 2011  Sales/Trading Statement Results on Jan 19, 2011"
2010-10-14,140,"BHP Group to Report Q2, 2010 Sales/Trading Statement Results on Jan 19, 2011"
2010-10-14,140,"BHP Group to Report Q2, 2011 Sales/Trading Statement Results on Jan 19, 2011"
2010-10-14,140,"BHP Group to Report Q2, 2011 Sales/Trading Statement Results on Jan 19, 2011"
2010-10-14,140,"BHP Billiton Group to Report Q2, 2011  Sales/Trading Statement Results on Jan 19, 2011"
2010-10-14,140,"BHP Group to Report Q2, 2010 Sales/Trading Statement Results on Jan 19, 2011"
2010-10-14,140,"BHP Group to Report Q2, 2011 Sales/Trading Statement Results on Jan 19, 2011"
2010-10-14,140,"BHP Group to Report Q2, 2011 Sales/Trading Statement Results on Jan 19, 2011"
2010-10-14,140,"BHP Billiton Group to Report Q1, 2011  Sales/Trading Statement Results on Oct 20, 2010"
2010-10-14,140,"BHP Group to Report Q1, 2011 Sales/Trading Statement Results on Oct 20, 2010"
2010-10-14,140,"BHP Group to Report Q1, 2011 Sales/Trading Statement Results on Oct 20, 2010"
2010-10-17,22,Rio Tinto Ltd. and BHP Billiton Ltd. Call Off Iron Ore Joint Venture in the Pilbara in Western Australia
2010-10-20,28,"Bhp Billiton plc Reports Production Results for the Quarter Ended September 30, 2010"
2010-10-22,232,BHP Billiton plc announces an Equity Buyback
2010-10-22,232,"BHP Group (ASX:BHP) announces an Equity Buyback for 223,112,120 shares, representing 10% of its issued share capital."
2010-10-22,232,BHP Billiton plc announces an Equity Buyback
2010-10-22,232,"BHP Group (ASX:BHP) announces an Equity Buyback for 223,112,120 shares, representing 10% of its issued share capital."
2010-10-26,23,BHP Billiton Ltd and Rio Tinto Terminates the Iron Ore Production Joint Venture
2010-10-26,23,BHP Billiton Ltd and Rio Tinto Terminates the Iron Ore Production Joint Venture
2010-10-26,23,BHP Billiton Ltd and Rio Tinto Terminates the Iron Ore Production Joint Venture
2010-10-26,23,BHP Billiton Ltd and Rio Tinto Terminates the Iron Ore Production Joint Venture
2010-10-30,55,"BHP Billiton plc to Report First Half, 2011 Results on Feb 16, 2011"
2010-10-30,55,"BHP Group to Report First Half, 2011 Results on Feb 16, 2011"
2010-10-30,55,"BHP Group to Report Fiscal Year 2011 Results on Aug 24, 2011"
2010-10-30,55,"BHP Billiton plc to Report Fiscal Year 2011 Results on Aug 24, 2011"
2010-11-01,149,"Deutsche Bank Securities Inc., BRICS Metals & Mining Conference, Nov 03, 2010 through Nov 04, 2010"
2010-11-01,149,"Deutsche Bank Securities Inc., BRICS Metals & Mining Conference, Nov 03, 2010 through Nov 04, 2010"
2010-11-01,149,"Deutsche Bank Securities Inc., BRICS Metals & Mining Conference, Nov 03, 2010 through Nov 04, 2010"
2010-11-01,149,"Deutsche Bank Securities Inc., BRICS Metals & Mining Conference, Nov 03, 2010 through Nov 04, 2010"
2010-11-01,149,"Deutsche Bank Securities Inc., BRICS Metals & Mining Conference, Nov 03, 2010 through Nov 04, 2010"
2010-11-01,149,"Deutsche Bank Securities Inc., BRICS Metals & Mining Conference, Nov 03, 2010 through Nov 04, 2010"
2010-11-01,51,"BHP Billiton plc Presents at BRICS Metals & Mining Conference, Nov-03-2010"
2010-11-01,149,"Deutsche Bank Securities Inc., BRICS Metals & Mining Conference, Nov 03, 2010 through Nov 04, 2010"
2010-11-01,51,"BHP Group Presents at BRICS Metals & Mining Conference, Nov-03-2010"
2010-11-01,149,"Deutsche Bank Securities Inc., BRICS Metals & Mining Conference, Nov 03, 2010 through Nov 04, 2010"
2010-11-01,149,"Deutsche Bank Securities Inc., BRICS Metals & Mining Conference, Nov 03, 2010 through Nov 04, 2010"
2010-11-01,149,"Deutsche Bank Securities Inc., BRICS Metals & Mining Conference, Nov 03, 2010 through Nov 04, 2010"
2010-11-01,149,"Deutsche Bank Securities Inc., BRICS Metals & Mining Conference, Nov 03, 2010 through Nov 04, 2010"
2010-11-01,149,"Deutsche Bank Securities Inc., BRICS Metals & Mining Conference, Nov 03, 2010 through Nov 04, 2010"
2010-11-04,55,"BHP Billiton Ltd. to Report December,2010 Results on Jan 20, 2011"
2010-11-14,82,"BHP Billiton plc (LSE: BLT) cancelled the acquisition of Potash Corp. of Saskatchewan, Inc. (NYSE: POT)."
2010-11-14,82,"BHP Billiton plc (LSE: BLT) cancelled the acquisition of Potash Corp. of Saskatchewan, Inc. (NYSE: POT)."
2010-11-15,232,BHP Billiton plc announces an Equity Buyback
2010-11-16,77,BHP Billiton plc Amends Articles of Association
2010-11-16,77,BHP Billiton Ltd. Announces Amendments to the Constitution
2010-11-16,231,"Tranche Update on BHP Group (ASX:BHP)'s Equity Buyback Plan announced on November 26, 2009."
2010-11-16,3,BHP Billiton Seeks Big Acquisitions
2010-11-16,231,"Tranche Update on BHP Billiton plc (LSE:BLT)'s Equity Buyback Plan announced on November 26, 2009."
2010-11-18,31,BHP Billiton Ltd. to Spend $570 Million to Expand Infra at Western Australia Iron Ore Mine
2010-12-01,95,BHP Billiton Limited(ASX:BHP) added to MSCI Acwi + Frontier Markets(acwi Fm) All Cap Index
2010-12-01,31,BHP Billiton Ltd. Seeks to Expand its Iron Ore Production Capacity in Pilbara
2010-12-03,31,BHP Billiton Ltd. Adds More Details on Olympic Dam Expansion in South Australia
2010-12-04,51,"BHP Billiton Ltd. Presents at Jefferies Global Energy Conference, Dec-02-2010"
2010-12-07,51,"BHP Billiton Ltd. Presents at 17th World Steel Conference, Mar-14-2011"
2010-12-07,51,"BHP Billiton Ltd. Presents at BMO Capital Markets' 2011 Global Metals & Mining Conference, Feb-28-2011 08:00 AM"
2010-12-07,51,"BHP Billiton Ltd. Presents at BMO Capital Markets' 2011 Global Metals & Mining Conference, Feb-28-2011 08:00 AM"
2010-12-07,51,"BHP Billiton Ltd. Presents at 17th World Steel Conference, Mar-14-2011"
2010-12-07,51,"BHP Billiton Ltd. Presents at BMO Capital Markets' 2011 Global Metals & Mining Conference, Feb-28-2011 08:00 AM"
2010-12-07,149,"CRU Group, 17th World Steel Conference, Mar 14, 2011 through Mar 16, 2011"
2010-12-07,51,"BHP Billiton Ltd. Presents at 17th World Steel Conference, Mar-14-2011"
2010-12-07,51,"BHP Billiton Ltd. Presents at 17th World Steel Conference, Mar-14-2011"
2010-12-07,51,"BHP Billiton Ltd. Presents at BMO Capital Markets' 2011 Global Metals & Mining Conference, Feb-28-2011 08:00 AM"
2010-12-09,44,"National Union of Metalworkers of South Africa Down Tools at BHP Billiton in Richards Bay, KwaZulu-Natal"
2010-12-14,16,"BHP Billiton Ltd. Appoints Baroness Shriti Vadera as Non-Executive Director Effective January 1, 2011"
2010-12-15,149,"BofA Merrill Lynch, BofA Merrill Lynch Global Metals & Mining Conference, May 10, 2011 through May 12, 2011"
2010-12-17,44,BHP Billiton Ltd. Settles Wage Dispute with Aluminium Smelter Workers
2010-12-24,51,"BHP Billiton Ltd. Presents at The Annual Subsea Tieback Forum & Exhibition, Feb-22-2011 through Feb-24-2011"
2010-12-24,149,"PennWell Corporation, the Annual Subsea Tieback Forum & Exhibition, Feb 22, 2011 through Feb 24, 2011"
2010-12-30,65,BHP Billiton Eyeing Anadarko Petroleum
2010-12-31,231,Update to BHP Billiton plc's Equity Buyback Plan
2011-01-13,62,"BHP Group, Annual General Meeting, Oct 20, 2011"
2011-01-13,62,"BHP Billiton plc, Annual General Meeting, Oct 20, 2011"
2011-01-19,28,"BHP Billiton Ltd. Reports Production Results for the Half Year Ended December 31, 2010"
2011-01-20,31,BHP Billiton plc Announces Approval of Revised Costs for Petroleum Projects
2011-01-22,65,Vale Denies Buyout Speculation For Mosaic
2011-02-03,31,BHP Billiton Ltd. Moves to Next Phase of Proposed Jansen Potash Project in the Canadian Province of Saskatchewan
2011-02-08,149,"CRU Group, CRU's 16th World Aluminium Conference, Jun 13, 2011 through Jun 15, 2011"
2011-02-08,51,"BHP Billiton Ltd. Presents at BofA Merrill Lynch Global Metals & Mining Conference, May-10-2011 08:35 AM"
2011-02-08,51,"BHP Billiton Ltd. Presents at BofA Merrill Lynch Global Metals & Mining Conference, May-10-2011 08:35 AM"
2011-02-08,51,"BHP Billiton Ltd. Presents at BofA Merrill Lynch Global Metals & Mining Conference, May-10-2011 08:35 AM"
2011-02-08,51,"BHP Billiton Ltd. Presents at BofA Merrill Lynch Global Metals & Mining Conference, May-10-2011 08:35 AM"
2011-02-14,55,"BHP Group to Report Q1, 2012 Results on Oct 19, 2011"
2011-02-14,29,BHP Billiton Ltd. Provides Earnings Guidance for the Half and Full Year 2011
2011-02-14,55,"BHP Billiton plc to Report Q1, 2012 Results on Oct 19, 2011"
2011-02-14,48,"BHP Billiton plc, H1 2011 Earnings Call, Feb 16, 2011"
2011-02-14,48,"BHP Group, H1 2011 Earnings Call, Feb 16, 2011"
2011-02-14,55,"BHP Group to Report Q4, 2011 Final Results on Jul 20, 2011"
2011-02-14,55,"BHP Billiton plc to Report Q3, 2011 Results on Apr 20, 2011"
2011-02-14,55,"BHP Billiton plc to Report Q4, 2011 Final Results on Jul 20, 2011"
2011-02-14,55,"BHP Group to Report Q3, 2011 Results on Apr 20, 2011"
2011-02-15,231,"Tranche Update on BHP Billiton plc (LSE:BLT)'s Equity Buyback Plan announced on November 26, 2009."
2011-02-15,231,"Tranche Update on BHP Group (ASX:BHP)'s Equity Buyback Plan announced on November 26, 2009."
2011-02-16,48,"BHP Billiton Ltd., H1 2011 Earnings Call, Feb 16, 2011"
2011-02-16,231,"Tranche Update on BHP Billiton plc (LSE:BLT)'s Equity Buyback Plan announced on October 22, 2010."
2011-02-16,231,"Tranche Update on BHP Group (ASX:BHP)'s Equity Buyback Plan announced on October 22, 2010."
2011-02-16,231,"Tranche Update on BHP Billiton plc (LSE:BLT)'s Equity Buyback Plan announced on October 22, 2010."
2011-02-16,231,"Tranche Update on BHP Group (ASX:BHP)'s Equity Buyback Plan announced on October 22, 2010."
2011-02-18,65,SAIL Eyes BHP’s Coal Blocks
2011-02-20,3,BHP Billiton Seeks Acquisitions
2011-02-22,28,"BHP Billiton Ltd. Reports Earnings Results for the First Half Year Ended December 31, 2010"
2011-02-22,232,BHP Billiton Ltd. announces an Equity Buyback in the amount of AUD5000 mm
2011-02-24,65,Exxaro Studying South African Coal Assets Put Up For Sale By BHP Billiton
2011-03-03,31,BHP Billiton Ltd. Plans to Build an Export Center at Port of Vancouver
2011-03-08,51,"BHP Billiton Ltd. Presents at CRU's 16th World Aluminium Conference, Jun-14-2011 10:00 AM"
2011-03-14,41,Ivanhoe Mines Ltd. Discovers A New Zone of Shallow Copper-Molybdenum-Gold Mineralization 10 Kilometres North of the Ivanhoe Mines
2011-03-17,65,Suitors Reportedly Eye Raspadskaya
2011-03-23,16,BHP Billiton plc Announces Board Changes
2011-03-24,16,BHP Billiton Ltd. Announces Executive Changes
2011-03-24,31,BHP Billiton Announces Approval of $400 Million Investment to Expand Hunter Valley Energy Coal in New South Wales
2011-03-24,31,BHP Billiton to Invest USD 6.6 Billion in Western Australian Iron Ore Operations
2011-03-25,31,BHP Billiton to Invest $10 Billion in Australia
2011-03-25,149,"Deutsche Bank Securities Inc., 8th Annual Deutsche Bank BRICS Metals & Mining Conference 2011, Nov 02, 2011 through Nov 03, 2011"
2011-03-25,31,"BHP Billiton Approves Three Key Metallurgical Coal Projects Located in the Bowen Basin in Central Queensland, Australia"
2011-03-25,31,BHP Billiton Announces Approval of Capital Investment to Continue Production Growth in Western Australia Iron Ore Operations
2011-03-25,16,Lindsay Maxsted Joins as Director of BHP Billiton Plc and BHP Billiton Ltd
2011-03-28,41,Green Rock Energy Ltd. and BHP Billiton Ltd. Provide Update on Geothermal JV Project
2011-03-30,31,BHP Billiton Ltd. Approves $554 Million Expansion Project At Escondida Copper Mine
2011-03-30,31,"Bhp Billiton Ltd. Announces Expansion of its Olympic Dam Gold, Copper and Uranium Mine in South Australia"
2011-03-31,31,BHP Billiton Ltd. Approves USD 319 Million Investment At Chile's Escondida Copper Mine
2011-04-07,149,"Dahlman Rose & Company, LLC, Dahlman Rose's 2nd Annual Metals, Mining & Materials Conference, Nov 16, 2011 through Nov 17, 2011"
2011-04-11,65,Barnett Confirms BHP Move On Woodside
2011-04-11,65,BHP Billiton Reportedly In Talks Over Shell's Woodside Stake
2011-04-12,65,Woodside Denies Talk Of BHP Acquiring Stake In Woodside
2011-04-18,22,PT Adaro Energy Forms Joint Venture with BHP Billiton
2011-04-20,28,BHP Billiton Ltd. Reports Production Results for the Third Quarter and Nine Months Ended March 2011
2011-04-20,28,"BHP Billiton plc Announces Return on Equity and Return on Assets for the Nine Months Ended March 31, 2011"
2011-04-28,22,Global Alumina Announces Joint Venture Budget Approval
2011-05-01,149,"Independent Investment Research Pty Ltd, IIR's Aviation Logistics & the Resources Sector 2011, May 10, 2011 through May 11, 2011"
2011-05-01,149,"Independent Investment Research Pty Ltd, IIR's Aviation Logistics & the Resources Sector 2011, May 10, 2011 through May 11, 2011"
2011-05-01,149,"Independent Investment Research Pty Ltd, IIR's Aviation Logistics & the Resources Sector 2011, May 10, 2011 through May 11, 2011"
2011-05-01,51,"BHP Billiton Ltd. Presents at IIR's Aviation Logistics & the Resources Sector 2011, May-10-2011 12:00 PM"
2011-05-01,51,"BHP Billiton Ltd. Presents at IIR's Aviation Logistics & the Resources Sector 2011, May-10-2011 12:00 PM"
2011-05-01,51,"BHP Billiton Ltd. Presents at IIR's Aviation Logistics & the Resources Sector 2011, May-10-2011 12:00 PM"
2011-05-01,51,"BHP Billiton Ltd. Presents at IIR's Aviation Logistics & the Resources Sector 2011, May-10-2011 12:00 PM"
2011-05-01,149,"Independent Investment Research Pty Ltd, IIR's Aviation Logistics & the Resources Sector 2011, May 10, 2011 through May 11, 2011"
2011-05-02,31,BHP Billiton Ltd. Announces $3.5 Billion Expansion
2011-05-06,65,Woodside Petroleum Eyeing Partners Stake In Browse
2011-05-10,16,"BHP Billiton Names Tim Cutt to Head of its President of Diamonds and Specialty Products, Including Potash, Effective June 1, 2011"
2011-05-10,41,BHP Billiton Approves Misery Open Pit Project at Ekati Diamond Mine
2011-05-11,16,BHP Billiton Ltd. Appoints Tim Cutt as New President for its Diamonds and Specialty Products Division
2011-05-11,32,BHP Billiton Ltd. to Relocate Its Diamonds and Specialty Products Group to Saskatoon from Vancouver
2011-05-11,41,"Total SA, BHP Billiton Ltd. and Chaoyang Start-Up of Production from Phase 2 of the Greater Angostura Gas Field"
2011-05-12,41,BHP Billiton Ltd. Starts Drilling Gas at New Caribbean Project
2011-05-26,25,Bhp Billiton Ltd. Faces Class Action from US Landowners
2011-06-01,25,BHP Billiton plc Successful in High Court on Australian Taxation Office Assessments
2011-06-02,25,BHP Billiton Ltd. Wins £352 Million Tax Dispute
2011-06-14,149,"Ministry of Mines and Mineral Development, Zambia, Africa and Middle East Trade Ltd, Association of Zambian Mineral Exploration Companies, Chamber of Mines, Zambia, 1st Zambian International Mining & Energy Conference & Exhibition, Jun 15, 2011 through Jun 17, 2011"
2011-06-21,149,"Hart Energy Publishing, LP, Hart Energy's 2nd annual Developing Unconventional Gas Eagle Ford conference & exhibition, Oct 10, 2011 through Oct 12, 2011"
2011-06-23,31,BHP Billiton plc Announces Further Investment in the Jansen Potash Project
2011-06-23,3,BHP Billiton Eyes Acquisitions
2011-06-24,31,"BHP Billiton Ltd. Announces the Approval for $488 Million of Further Investment to Support Development of the Jansen Potash Project in Saskatchewan, Canada"
2011-06-30,234,BHP Billiton plc closed an Equity Buyback in the amount of $18794 mm
2011-06-30,149,"American Gas Association, CWC Group Limited, CWC Group Limited and American Gas Association's World Shale Gas 2011, Nov 07, 2011 through Nov 11, 2011"
2011-06-30,149,"American Gas Association, CWC Group Limited, CWC Group Limited and American Gas Association's World Shale Gas 2011, Nov 07, 2011 through Nov 11, 2011"
2011-07-04,149,"Aspermont, Beacon Events Ltd., Mines and Money London 2011, Dec 06, 2011 through Dec 07, 2011"
2011-07-04,149,"Aspermont, Beacon Events Ltd., Mines and Money London 2011, Dec 06, 2011 through Dec 07, 2011"
2011-07-04,149,"Aspermont, Beacon Events Ltd., Mines and Money London 2011, Dec 06, 2011 through Dec 07, 2011"
2011-07-04,149,"Aspermont, Beacon Events Ltd., Mines and Money London 2011, Dec 06, 2011 through Dec 07, 2011"
2011-07-07,149,"Jacob Fleming Group, Global Health & Safety Forum in Mining  Industry- Europe, Sep 26, 2011 through Sep 27, 2011"
2011-07-07,51,"BHP Billiton Presents at Global Health & Safety Forum in Mining Industry- Europe, Sep-26-2011"
2011-07-07,31,BHP Billiton to Invest $2.37 Billion Brazil's Minas Gerais State
2011-07-14,80,BHP Billiton Ltd. (ASX: BHP) signed a definitive agreement to acquire Petrohawk Energy Corporation (NYSE: HK) for $11.8 billion.
2011-07-14,80,BHP Billiton Ltd. (ASX: BHP) signed a definitive agreement to acquire Petrohawk Energy Corporation (NYSE: HK) for $11.8 billion.
2011-07-14,80,BHP Billiton Ltd. (ASX: BHP) signed a definitive agreement to acquire Petrohawk Energy Corporation (NYSE: HK) for $11.8 billion.
2011-07-14,80,BHP Billiton Ltd. (ASX: BHP) signed a definitive agreement to acquire Petrohawk Energy Corporation (NYSE: HK) for $11.8 billion.
2011-07-14,80,BHP Billiton Ltd. (ASX: BHP) signed a definitive agreement to acquire Petrohawk Energy Corporation (NYSE: HK) for $11.8 billion.
2011-07-14,80,BHP Billiton Ltd. (ASX: BHP) signed a definitive agreement to acquire Petrohawk Energy Corporation (NYSE: HK) for $11.8 billion.
2011-07-14,80,BHP Billiton Ltd. (ASX: BHP) signed a definitive agreement to acquire Petrohawk Energy Corporation (NYSE: HK) for $11.8 billion.
2011-07-14,80,BHP Billiton Ltd. (ASX: BHP) signed a definitive agreement to acquire Petrohawk Energy Corporation (NYSE: HK) for $11.8 billion.
2011-07-14,80,BHP Billiton Ltd. (ASX: BHP) signed a definitive agreement to acquire Petrohawk Energy Corporation (NYSE: HK) for $11.8 billion.
2011-07-15,3,BHP Billiton Seeks Acquisitions
2011-07-16,3,BHP Billiton Seeks Acquisitions
2011-07-19,28,BHP Billiton Ltd. Announces Production Results for the Year Ended June 2011
2011-07-20,28,"BHP Billiton Ltd. Reports Production Results for the Fourth Quarter and Full Year Ended June 30, 2011"
2011-07-21,62,"BHP Billiton Ltd., Annual General Meeting, Nov 17, 2011"
2011-07-24,149,"IIR Pty Ltd, IIR Pty Ltd's Mining South Australia 2011, Dec 06, 2011 through Dec 07, 2011"
2011-07-24,149,"IIR Pty Ltd, IIR Pty Ltd's Mining South Australia 2011, Dec 06, 2011 through Dec 07, 2011"
2011-07-24,149,"IIR Pty Ltd, IIR Pty Ltd's Mining South Australia 2011, Dec 06, 2011 through Dec 07, 2011"
2011-07-24,149,"IIR Pty Ltd, IIR Pty Ltd's Mining South Australia 2011, Dec 06, 2011 through Dec 07, 2011"
2011-07-27,44,Unions Call for Longer Work Stoppages at BHP Billiton Ltd. Coal Mines in Queensland
2011-07-29,31,BHP Billiton Ltd. Announces $279 Million Expansion of its Manganese Operations in Northern Territory
2011-08-02,149,"Citigroup, Inc., Citi's Global Resources Conference 2012, Mar 07, 2012 through Mar 08, 2012"
2011-08-03,31,BHP Billiton Ltd. Announces Phase II Expansion of Gemco Operation in Australia
2011-08-09,80,BHP Billiton Ltd. (ASX: BHP) signed a heads of agreement to acquire HWE Newman Mining Pty Limited and HWE Newman Services Pty Limited and HWE Newman Assets Pty Limited from HWE Mining Pty Limited for approximately AUD 710 million.
2011-08-09,65,BHP Reportedly Eyes Lundin Mining
2011-08-09,80,BHP Billiton Ltd. (ASX: BHP) signed a heads of agreement to acquire HWE Newman Mining Pty Limited and HWE Newman Services Pty Limited and HWE Newman Assets Pty Limited from HWE Mining Pty Limited for approximately AUD 710 million.
2011-08-09,80,BHP Billiton Ltd. (ASX: BHP) signed a heads of agreement to acquire HWE Newman Mining Pty Limited and HWE Newman Services Pty Limited and HWE Newman Assets Pty Limited from HWE Mining Pty Limited for approximately AUD 710 million.
2011-08-09,80,BHP Billiton Ltd. (ASX: BHP) signed a heads of agreement to acquire HWE Newman Mining Pty Limited and HWE Newman Services Pty Limited and HWE Newman Assets Pty Limited from HWE Mining Pty Limited for approximately AUD 710 million.
2011-08-14,51,"BHP Billiton Petroleum Presents at CWC Group Limited and American Gas Association's World Shale Gas 2011, Nov-08-2011 08:30 AM"
2011-08-18,31,BHP Billiton Ltd. to Spend $415 Million on Coal Mine Expansion
2011-08-18,31,"Anglo American plc, BHP Billiton Ltd., and Xstrata plc Approves $1.31 Billion Cerrejón Coal Mine Expansion"
2011-08-18,31,BHP Billiton Ltd. to Invest $437 Million in Cerrejon Expansion
2011-08-19,81,BHP Billiton Ltd. (ASX: BHP) completed the acquisition of Petrohawk Energy Corporation (NYSE: HK).
2011-08-19,81,BHP Billiton Ltd. (ASX: BHP) completed the acquisition of Petrohawk Energy Corporation (NYSE: HK).
2011-08-19,81,BHP Billiton Ltd. (ASX: BHP) completed the acquisition of Petrohawk Energy Corporation (NYSE: HK).
2011-08-19,81,BHP Billiton Ltd. (ASX: BHP) completed the acquisition of Petrohawk Energy Corporation (NYSE: HK).
2011-08-19,81,BHP Billiton Ltd. (ASX: BHP) completed the acquisition of Petrohawk Energy Corporation (NYSE: HK).
2011-08-19,81,BHP Billiton Ltd. (ASX: BHP) completed the acquisition of Petrohawk Energy Corporation (NYSE: HK).
2011-08-19,81,BHP Billiton Ltd. (ASX: BHP) completed the acquisition of Petrohawk Energy Corporation (NYSE: HK).
2011-08-19,81,BHP Billiton Ltd. (ASX: BHP) completed the acquisition of Petrohawk Energy Corporation (NYSE: HK).
2011-08-19,81,BHP Billiton Ltd. (ASX: BHP) completed the acquisition of Petrohawk Energy Corporation (NYSE: HK).
2011-08-22,48,"BHP Group, 2011 Earnings Call, Aug 24, 2011"
2011-08-22,48,"BHP Billiton Ltd., 2011 Earnings Call, Aug 24, 2011"
2011-08-22,55,"BHP Billiton Ltd. to Report Q1, 2012 Results on Oct 19, 2011"
2011-08-22,48,"BHP Group, 2011 Earnings Call, Aug 24, 2011"
2011-08-22,48,"BHP Billiton Ltd., 2011 Earnings Call, Aug 24, 2011"
2011-08-24,29,BHP Billiton plc Provides Capital Expenditure Guidance for the Year 2012
2011-08-25,3,BHP Billiton Updates On Acquisitions
2011-08-25,3,BHP Seeks Acquisitions
2011-08-25,28,BHP Billiton Announces Earnings Results for the Second Half Ended June 2011
2011-08-31,31,BHP Billiton Ltd. to Expand Coal Handling Operations at Newcastle in New South Wales State
2011-09-01,149,"Magenta Global Pte Ltd., the 4th West & Central Africa Mining Summit 2011, Sep 26, 2011 through Sep 27, 2011"
2011-09-01,51,"BHP Billiton Ltd. Presents at The 4th West & Central Africa Mining Summit 2011, Sep-26-2011"
2011-09-07,16,BHP Billiton plc Announces Executive Changes
2011-09-12,44,BHP Billiton Ltd. Suffers from Another Miners Strike
2011-09-13,28,"BHP Billiton Ltd. Reports Earnings Results for the Year Ended June 30, 2011"
2011-09-19,44,BHP Billiton Ltd.'s Talks Break Down with Unions at Queensland Coking Coal Mines
2011-09-20,234,BHP Billiton Ltd.'s Equity Buyback in the amount of AUD6000 mm has expired
2011-09-20,234,BHP Billiton plc's Equity Buyback has expired
2011-09-21,55,"BHP Billiton Ltd. to Report First Half, 2012 Results on Feb 08, 2012"
2011-09-21,55,"BHP Group to Report First Half, 2012 Results on Feb 08, 2012"
2011-09-21,55,"BHP Billiton plc to Report First Half, 2012 Results on Feb 08, 2012"
2011-09-27,44,BHP Billiton Workers to Vote on Bargaining Agreement
2011-09-29,16,BHP Billiton Ltd. Announces Executive Changes
2011-09-30,51,"BHP Billiton Ltd. Presents at 8th Annual Deutsche Bank BRICS Metals & Mining Conference 2011, Nov-02-2011 02:00 PM"
2011-09-30,149,"CIBC World Markets, Inc., CIBC 15th Annual Whistler Institutional Investor Conference, Jan 18, 2012 through Jan 20, 2012"
2011-09-30,81,BHP Billiton Ltd. (ASX: BHP) completed the acquisition of HWE Newman Mining Pty Limited and HWE Newman Services Pty Limited and HWE Newman Assets Pty Limited from HWE Mining Pty Limited.
2011-09-30,81,BHP Billiton Ltd. (ASX: BHP) completed the acquisition of HWE Newman Mining Pty Limited and HWE Newman Services Pty Limited and HWE Newman Assets Pty Limited from HWE Mining Pty Limited.
2011-09-30,81,BHP Billiton Ltd. (ASX: BHP) completed the acquisition of HWE Newman Mining Pty Limited and HWE Newman Services Pty Limited and HWE Newman Assets Pty Limited from HWE Mining Pty Limited.
2011-09-30,81,BHP Billiton Ltd. (ASX: BHP) completed the acquisition of HWE Newman Mining Pty Limited and HWE Newman Services Pty Limited and HWE Newman Assets Pty Limited from HWE Mining Pty Limited.
2011-10-07,51,"BHP Billiton Ltd. Presents at Hart Energy's 2nd Annual Developing Unconventional Gas Eagle Ford Conference & Exhibition, Oct-11-2011 04:30 PM"
2011-10-07,51,"BHP Billiton Uranium CSG Presents at IIR Pty Ltd's Mining South Australia 2011, Dec-06-2011 08:45 AM"
2011-10-07,51,"BHP Billiton Uranium CSG Presents at IIR Pty Ltd's Mining South Australia 2011, Dec-06-2011 08:45 AM"
2011-10-07,51,"BHP Billiton Uranium CSG Presents at IIR Pty Ltd's Mining South Australia 2011, Dec-06-2011 08:45 AM"
2011-10-07,51,"BHP Billiton Uranium CSG Presents at IIR Pty Ltd's Mining South Australia 2011, Dec-06-2011 08:45 AM"
2011-10-10,31,BHP Billiton Receives Environmental Approval for its Olympic Dam Project
2011-10-12,31,BHP Billiton Ltd. and South Australia Govt. Sign Deal on Olympic Dam Mine
2011-10-12,1,BHP Billiton Puts Construction Camp Up For Sale
2011-10-14,65,Anglo American And BHP Reportedly Eye Walter Energy
2011-10-14,65,ALROSA Reportedly Mulls BHP Canadian Asset Acquisition
2011-10-16,65,BHP Reportedly Mulls Bid For Ferrous Resources
2011-10-19,28,"BHP Billiton Ltd. Announces Production Results for the First Quarter Ended September 30, 2011"
2011-10-20,51,"BHP Billiton Ltd. Presents at Dahlman Rose's 2nd Annual Metals, Mining & Materials Conference, Nov-16-2011"
2011-10-20,50,BHP Group - Shareholder/Analyst Call
2011-10-20,50,BHP Billiton plc - Shareholder/Analyst Call
2011-10-21,149,"Macquarie Capital (USA) Inc., Macquarie Global Metals & Mining Conference, Dec 06, 2011 through Dec 07, 2011"
2011-11-01,31,Mitsubishi Corporation and BHP Billiton Ltd. to Expand Aussie Coal Biz
2011-11-01,31,BHP Billiton plc Approves Caval Ridge Mine Project
2011-11-01,44,Union Plans More Work Stoppages at BHP Billiton Ltd's Coking Coal Mines
2011-11-02,31,BHP Billiton Ltd. Approves Development of Caval Ridge Mine Project and Expansion of Peak Downs Mine in Queensland's Bowen Basin
2011-11-08,219,"BHP Group to Report Q1, 2013 Operating Results on Oct 17, 2012"
2011-11-08,219,"BHP Billiton plc to Report Q1, 2013 Operating Results on Oct 17, 2012"
2011-11-08,219,"BHP Billiton plc to Report Q4, 2012 Operating Results on Jul 18, 2012"
2011-11-08,219,"BHP Group to Report Q4, 2012 Operating Results on Jul 18, 2012"
2011-11-08,55,"BHP Billiton plc to Report Fiscal Year 2012 Results on Aug 22, 2012"
2011-11-08,219,"BHP Billiton plc to Report Q2, 2012 Operating Results on Jan 18, 2012"
2011-11-08,219,"BHP Group to Report Q2, 2012 Operating Results on Jan 18, 2012"
2011-11-08,219,"BHP Billiton plc to Report Q3, 2012 Operating Results on Apr 18, 2012"
2011-11-08,219,"BHP Group to Report Q3, 2012 Operating Results on Apr 18, 2012"
2011-11-08,55,"BHP Group to Report Fiscal Year 2012 Results on Aug 22, 2012"
2011-11-12,51,"BHP Billiton Ltd. Presents at Mines and Money London 2011, Dec-07-2011 09:05 AM"
2011-11-14,93,"BHP Billiton Limited has filed a Shelf Registration in the amount of AUD 5,000.00 million."
2011-11-15,31,BHP Billiton Ltd. to Invest $4.5 Billion in U.S Shale Gas Production for the Year 2011
2011-11-16,31,BHP Billiton Limited Approves USD 822 Million Investment for the Development of Orebody 24 Mine
2011-11-16,31,BHP Billiton plc Approves to Invest $822 Million in Orebody 24 in Western Australia
2011-11-17,231,"Tranche Update on BHP Billiton plc (LSE:BLT)'s Equity Buyback Plan announced on October 22, 2010."
2011-11-17,231,"Tranche Update on BHP Group (ASX:BHP)'s Equity Buyback Plan announced on October 22, 2010."
2011-11-17,231,"Tranche Update on BHP Billiton plc (LSE:BLT)'s Equity Buyback Plan announced on October 22, 2010."
2011-11-17,231,"Tranche Update on BHP Group (ASX:BHP)'s Equity Buyback Plan announced on October 22, 2010."
2011-11-17,232,BHP Billiton plc announces an Equity Buyback
2011-11-17,232,BHP Billiton plc announces an Equity Buyback
2011-11-17,232,"BHP Group (ASX:BHP) announces an Equity Buyback for 213,618,545 shares, representing 10% of its issued share capital."
2011-11-17,234,BHP Billiton plc's Equity Buyback has expired
2011-11-17,51,"BHP Billiton Ltd. Presents at BofA Merrill Lynch 2012 Global Agriculture Conference, Feb-29-2012"
2011-11-17,149,"BofA Merrill Lynch, BofA Merrill Lynch 2012 Global Agriculture Conference, Feb 29, 2012 through Mar 01, 2012"
2011-11-17,16,BHP Billiton Ltd. and BBHP Billiton plc Appoint Lindsay Maxsted as a Director
2011-11-17,3,BHP Billiton Mulls Acquisitions
2011-11-17,232,"BHP Group (ASX:BHP) announces an Equity Buyback for 213,618,545 shares, representing 10% of its issued share capital."
2011-11-18,44,BHP Billiton Ltd's Own Workers Protest at AGM
2011-11-27,16,BHP Billiton Ltd. Announces Changes to its Senior Management Team
2011-11-28,51,"BHP Billiton Ltd. Presents at Macquarie Global Metals & Mining Conference, Dec-06-2011"
2011-11-28,102,BHP Billiton plc Announces Senior Executive Changes
2011-11-28,16,BHP Billiton plc Announces Senior Executive Changes
2011-11-30,1,BHP Billiton To Sell Diamond Mining Interests
2011-11-30,1,BHP Billiton Evaluates Ekati Sale
2011-12-08,65,"BHP Reportedly Mulls Aluminium, Nickel Units Sale"
2011-12-10,51,"BHP Billiton Ltd. Presents at Citi's Global Resources Conference 2012, Mar-07-2012 through Mar-08-2012"
2011-12-10,149,"Citigroup, Inc., Citigroup 9th Annual Australian & New Zealand Conference, Mar 05, 2012 through Mar 06, 2012"
2011-12-13,80,A consortium led by Pembani Group (Pty) Ltd agreed to acquire 8% stake in BHP Billiton Energy Coal South Africa Limited from BHP Billiton plc (LSE:BLT).
2011-12-13,80,A consortium led by Pembani Group (Pty) Ltd agreed to acquire 8% stake in BHP Billiton Energy Coal South Africa Limited from BHP Group (ASX:BHP).
2011-12-15,16,BHP Billiton Ltd. Announces Change in Deputy Company Secretary
2011-12-21,149,"Mining Indaba LLC, Investing in African Mining Indaba 2012, Feb 06, 2012 through Feb 09, 2012"
2011-12-26,44,Australian Coking Coal Miners Suspends Strike Action Against BHP Billiton Ltd
2011-12-29,31,BHP Billiton Ltd. Seals Deal to Acquire 60% Stake in an Oil Prospect Offshore Palawan from Otto Energy Ltd. for $7.3 Million
2012-01-12,51,"BHP Billiton Ltd. Presents at CIBC 15th Annual Whistler Institutional Investor Conference, Jan-19-2012 02:05 PM"
2012-01-18,28,"BHP Billiton plc Reports Production Results for the Second Quarter and Half Year Ended December 31, 2011"
2012-01-20,149,"The Goldman Sachs Group, Inc., Goldman Sachs Eighth Annual Australasian Investment Forum and Emerging Resources Forum, Mar 07, 2012 through Mar 09, 2012"
2012-01-20,51,"BHP Billiton Ltd. Presents at Goldman Sachs Eighth Annual Australasian Investment Forum and Emerging Resources Forum, Mar-07-2012"
2012-01-20,51,"BHP Billiton Ltd. Presents at Citigroup 9th Annual Australian & New Zealand Conference, Mar-05-2012"
2012-01-20,149,"Citigroup, Inc., Citi Milan Symposium 2012, May 10, 2012"
2012-01-31,44,BHP Billiton plc's West Cliff Mine Workers Set to Strike
2012-02-01,21,BHP Billiton Ltd. Sheds Jobs as Nickel Price Falls
2012-02-01,80,Rio Tinto International Holdings Limited agreed to acquire 37% each in Richards Bay Mining (Pty) Ltd. and Richards Bay Titanium (Pty) Ltd. from BHP Billiton Group for $1.9 billion.
2012-02-01,80,Rio Tinto International Holdings Limited agreed to acquire 37% each in Richards Bay Mining (Pty) Ltd. and Richards Bay Titanium (Pty) Ltd. from BHP Group (ASX:BHP) for $1.9 billion.
2012-02-02,16,BHP Appoints Paul Monaghan as a Partner
2012-02-02,16,BHP Appoints Paul Monaghan as a Partner
2012-02-02,16,BHP Appoints Paul Monaghan as a Partner
2012-02-02,16,BHP Appoints Paul Monaghan as a Partner
2012-02-02,16,BHP Appoints Paul Monaghan as a Partner
2012-02-02,16,BHP Appoints Paul Monaghan as a Partner
2012-02-03,55,"BHP Billiton Ltd. to Report Fiscal Year 2012 Results on Aug 22, 2012"
2012-02-03,219,"BHP Billiton Ltd. to Report Q4, 2012 Operating Results on Jul 18, 2012"
2012-02-03,219,"BHP Billiton Ltd. to Report Q3, 2012 Operating Results on Apr 18, 2012"
2012-02-03,219,"BHP Billiton Ltd. to Report Q1, 2013 Operating Results on Oct 17, 2012"
2012-02-06,48,"BHP Billiton Ltd., H1 2012 Earnings Call, Feb 08, 2012"
2012-02-06,48,"BHP Group, H1 2012 Earnings Call, Feb 08, 2012"
2012-02-06,48,"BHP Billiton Ltd., H1 2012 Earnings Call, Feb 08, 2012"
2012-02-06,48,"BHP Group, H1 2012 Earnings Call, Feb 08, 2012"
2012-02-06,48,"BHP Billiton Ltd., H1 2012 Earnings Call, Feb 08, 2012"
2012-02-06,48,"BHP Group, H1 2012 Earnings Call, Feb 08, 2012"
2012-02-06,48,"BHP Billiton Ltd., H1 2012 Earnings Call, Feb 08, 2012"
2012-02-06,48,"BHP Group, H1 2012 Earnings Call, Feb 08, 2012"
2012-02-08,231,"Tranche Update on BHP Billiton plc (LSE:BLT)'s Equity Buyback Plan announced on November 17, 2011."
2012-02-08,51,"BHP Billiton Ltd. Presents at Next Generation Mining Summit Australia, Mar-20-2012"
2012-02-08,149,"GDS International Ltd., Next Generation Mining Summit Australia, Mar 20, 2012 through Mar 22, 2012"
2012-02-08,48,"BHP Billiton plc, H1 2012 Earnings Call, Feb 08, 2012"
2012-02-08,48,"BHP Group, H1 2012 Earnings Call, Feb 08, 2012"
2012-02-09,28,"BHP Billiton Ltd. Announces Earnings Results for the Half-Year Ended December 31, 2011"
2012-02-09,44,BHP Billiton Ltd. Blames Complex Labor Workplace Laws for Creating the Conditions for Current Strike Action at the Coal Operations
2012-02-14,31,BHP Billiton plc Approves $2.6 Billion Investment in Two Projects at Escondida
2012-02-14,224,BHP Billiton Group Plans to Restart Pinto Valley Copper-Molybdenum Mine in Arizona at the End of 2012
2012-02-21,149,"CLSA Limited, 19th CLSA Invetors Forum 2012, Sep 10, 2012 through Sep 14, 2012"
2012-02-22,80,BHP Group (ASX:BHP) agreed to acquire 50% stake in three existing wells in Reeves County from Energen Resources Corporation for $18 million.
2012-02-22,80,BHP Billiton Group agreed to acquire 50% stake in three existing wells in Reeves County from Energen Resources Corporation for $18 million.
2012-02-22,42,BHP Billiton plc Prices $5.25 Billion Bond
2012-02-22,22,Energen Resources Announces Joint Exploration Agreement with BHP Bilition
2012-02-23,21,BHP Billiton plc Announces Temporarily Shut Down Operations at the Temco Facility at George Town
2012-02-29,81,BHP Billiton Group completed the acquisition of 50% stake in three existing wells in Reeves County from Energen Resources Corporation.
2012-02-29,51,"BHP Billiton plc Presents at Bank of America Merrill Lynch 2012 Global Metals, Mining & Steel Conference, May-15-2012 09:00 AM"
2012-02-29,51,"BHP Group Presents at Bank of America Merrill Lynch 2012 Global Metals, Mining & Steel Conference, May-15-2012 09:00 AM"
2012-02-29,81,BHP Group (ASX:BHP) completed the acquisition of 50% stake in three existing wells in Reeves County from Energen Resources Corporation.
2012-03-02,149,"Metal Bulletin Ltd., 27th International Aluminium Conference, Sep 12, 2012 through Sep 14, 2012"
2012-03-03,149,"Barclays Capital PLC, Barclays Capital CEO Energy/Power Conference, Sep 04, 2012 through Sep 06, 2012"
2012-03-07,25,Sacked Mine Manager Sues BHP Billiton Ltd. for $2 Million
2012-03-14,65,"Harry Winston, KKR And Apollo Reportedly Eyeing BHP’s Ekati Mine"
2012-03-20,65,Gem Backs Out Of Ekati Bidding
2012-03-28,44,Unions at BHP Billiton Ltd. Queensland Coking Coal Mines Walk Off Job in Labor Pact Protest
2012-03-28,44,BHP Billiton plc Workers Strike over Roster Reneging
2012-03-31,16,BHP Billiton Announces Board Changes
2012-04-03,25,Arabunna Elder Files Legal Action Against BHP Billiton Ltd
2012-04-04,44,"Mine Workers at BHP Billiton's Central Queensland Operations to Head Back to Work on April 4, 2012"
2012-04-04,44,Workers to Continue Strike at BHP Billiton plc's Bowen Basin Coal Mines
2012-04-10,51,"BHP Billiton Ltd. Presents at 17th Asia Oil Week 2012, Jun-25-2012 11:15 AM"
2012-04-10,149,"Global Pacific & Partners, 17th Asia Oil Week 2012, Jun 25, 2012 through Jun 27, 2012"
2012-04-11,51,"BHP Billiton Ltd. Presents at FT Global Commodities Summit 2012, Apr-24-2012 09:25 AM"
2012-04-11,149,"Financial Times Group Ltd., FT Global Commodities Summit 2012, Apr 23, 2012 through Apr 25, 2012"
2012-04-11,149,"Financial Times Group Ltd., FT Global Commodities Summit 2012, Apr 23, 2012 through Apr 25, 2012"
2012-04-11,149,"Financial Times Group Ltd., FT Global Commodities Summit 2012, Apr 23, 2012 through Apr 25, 2012"
2012-04-11,149,"Financial Times Group Ltd., FT Global Commodities Summit 2012, Apr 23, 2012 through Apr 25, 2012"
2012-04-11,51,"BHP Billiton Ltd. Presents at FT Global Commodities Summit 2012, Apr-24-2012 09:25 AM"
2012-04-11,51,"BHP Billiton Ltd. Presents at FT Global Commodities Summit 2012, Apr-24-2012 09:25 AM"
2012-04-11,51,"BHP Billiton Ltd. Presents at FT Global Commodities Summit 2012, Apr-24-2012 09:25 AM"
2012-04-12,21,BHP Billiton Ltd. to Close Australian Coalmine
2012-04-12,21,"BHP Billiton plc to Cease Production at its Norwich Park Coke Coal Mine, Near Dysart"
2012-04-15,65,KKR Reportedly Mulls Acquiring And Merging Diamond Operation Of BHP And Rio Tinto
2012-04-16,31,"Polar Star Mining Corporation Completes Definitive Agreement with BHP Billiton Ltd. on 172,800 Hectares of Exploration Land"
2012-04-18,226,"BHP Billiton Ltd. Reports Production Results for the Third Quarter and Nine Months Ended March 31, 2012; Re-Affirms Production Guidance for Fiscal Year 2012"
2012-04-18,29,"BHP Billiton Ltd. Reports Production Results for the Third Quarter and Nine Months Ended March 31, 2012; Re-Affirms Production Guidance for Fiscal Year 2012"
2012-04-21,44,BHP Billiton plc and Union Agree to Talk
2012-04-27,65,Pisces Reportedly Seeks To Acquire Properties
2012-04-28,44,BHP Billiton plc Union Drops Out at Moranbah
2012-04-30,31,"Kensington Exploration Pty Ltd. Signs an Agreement with BHP Billiton Ltd. for the Sale of Five Exploration Tenements Covering 3,699 Sq Km of the Stuart Shelf Region for $8 Million in Cash"
2012-05-01,194,"Energen Corp., BHP Billiton Ltd. - Special Call"
2012-05-07,51,"BHP Billiton Ltd. Presents at Citi Milan Symposium 2012, May-10-2012"
2012-05-08,16,"BHP Billiton Ltd. Announces Executive Appointments Effective from July 1, 2012"
2012-05-11,149,"Merrill Lynch & Co., Inc., Bank of America Merrill Lynch 2012 Global Metals, Mining & Steel Conference, May 15, 2012 through May 17, 2012"
2012-05-11,149,"Merrill Lynch & Co., Inc., Bank of America Merrill Lynch 2012 Global Metals, Mining & Steel Conference, May 15, 2012 through May 17, 2012"
2012-05-11,149,"Merrill Lynch & Co., Inc., Bank of America Merrill Lynch 2012 Global Metals, Mining & Steel Conference, May 15, 2012 through May 17, 2012"
2012-05-11,149,"Merrill Lynch & Co., Inc., Bank of America Merrill Lynch 2012 Global Metals, Mining & Steel Conference, May 15, 2012 through May 17, 2012"
2012-05-11,149,"Merrill Lynch & Co., Inc., Bank of America Merrill Lynch 2012 Global Metals, Mining & Steel Conference, May 15, 2012 through May 17, 2012"
2012-05-11,149,"Merrill Lynch & Co., Inc., Bank of America Merrill Lynch 2012 Global Metals, Mining & Steel Conference, May 15, 2012 through May 17, 2012"
2012-05-11,149,"Merrill Lynch & Co., Inc., Bank of America Merrill Lynch 2012 Global Metals, Mining & Steel Conference, May 15, 2012 through May 17, 2012"
2012-05-11,149,"Merrill Lynch & Co., Inc., Bank of America Merrill Lynch 2012 Global Metals, Mining & Steel Conference, May 15, 2012 through May 17, 2012"
2012-05-11,81,"BHP Billiton Ltd. (ASX:BHP) acquired CEU Hawkville, LLC for $90 million."
2012-05-11,149,"Merrill Lynch & Co., Inc., Bank of America Merrill Lynch 2012 Global Metals, Mining & Steel Conference, May 15, 2012 through May 17, 2012"
2012-05-12,21,BHP Billiton Ltd. Shut its Norwich Park Coalmine
2012-05-13,16,"BHP Billiton Ltd. Appoints Pat Davies as Independent Non-Executive Director, Effective 1 June 2012"
2012-05-14,16,"BHP Billiton plc Announces Appointment of Mr. Pat Davies as Independent Non-Executive Director, Effective June 1, 2012"
2012-05-16,25,A coalition of Environmental Groups Files Suit against BHP Billiton Ltd.'s Plans to Expand Mining Activities at Navajo Mine
2012-05-17,3,BHP Not To Make Investments
2012-05-18,44,"BHP Billiton Ltd.'s Workers to Strike from May 24, 2012"
2012-05-18,44,"Coalminers Declare a Mass, Seven-Day Strike Across BHP Billiton plc"
2012-05-22,44,Union to Begin Negotiations with BHP Billiton plc in Pilbara
2012-05-23,42,BHP Billiton Ltd. Prices €2.0 Billion Bond
2012-05-23,44,BHP Billiton Ltd. Provides Updates on Strike on Pilbara Mines
2012-05-29,65,KKR Reportedly Drops Ekati Acquisition
2012-05-31,83,Global Ore Limited announced that it has received $2.5 million in funding from a group of investors
2012-05-31,65,BHP Billiton To Sell Yeelirrie Deposit
2012-05-31,83,Global Ore Limited announced that it has received $2.50 million in funding from a group of investors.
2012-06-04,16,BHP Billiton plc and BHP Billiton Ltd. Appoint Pat Davies as Director
2012-06-05,1,BHP Mulls Buyers For Guinea Alumina
2012-06-13,80,BHP Billiton Ltd. (ASX:BHP) agreed to acquire six tenements in South Australia from Tasman Resources Ltd. (ASX:TAS) for AUD 3 million.
2012-06-13,80,BHP Billiton Ltd. (ASX:BHP) agreed to acquire six tenements in South Australia from Tasman Resources Ltd. (ASX:TAS) for AUD 3 million.
2012-06-13,80,BHP Billiton Ltd. (ASX:BHP) agreed to acquire six tenements in South Australia from Tasman Resources Ltd. (ASX:TAS) for AUD 3 million.
2012-06-13,80,BHP Billiton Ltd. (ASX:BHP) agreed to acquire six tenements in South Australia from Tasman Resources Ltd. (ASX:TAS) for AUD 3 million.
2012-06-15,44,BHP Billiton Ltd. Dispute Talks to Focus on Rosters
2012-06-16,65,De Beers Reportedly Not Interested In Ekati
2012-06-19,65,Harry Winston Reportedly Eyes Assets
2012-06-20,25,Former Worker at Whyalla Shipyards Won Case Against BHP Billiton Ltd
2012-06-22,31,BHP Billiton plc Approves Investment of $845 Million to Sustain Operations at Illawarra Coal
2012-07-12,65,BHP Reportedly Exploring Sale Of Aluminum Assets in Brazil
2012-07-15,1,BHP Planning To Sell Mount Nimba Project
2012-07-18,226,"BHP Billiton Ltd. Announces Exploration and Development Report for the Year Ended June 30, 2012"
2012-07-18,29,"BHP Billiton Ltd. Reports Production Results for the Fourth Quarter and Year Ended June 30, 2012; Provides Production Guidance for 2013"
2012-07-18,51,"BHP Billiton Presents at 27th International Aluminium Conference, Sep-12-2012"
2012-07-18,226,"BHP Billiton plc Announces Production Results for the Fourth Quarter and Year Ended June 30, 2012"
2012-07-18,226,"BHP Billiton Ltd. Reports Production Results for the Fourth Quarter and Year Ended June 30, 2012; Provides Production Guidance for 2013"
2012-07-26,62,"BHP Billiton Ltd., Annual General Meeting, Nov 29, 2012"
2012-07-26,62,"BHP Billiton plc, Annual General Meeting, Oct 25, 2012"
2012-07-26,62,"BHP Group, Annual General Meeting, Oct 25, 2012"
2012-07-31,29,BHP Billiton plc Provides Capex Guidance for 2012
2012-08-07,65,Harry Winston Reportedly Eyes Ekati Mine
2012-08-13,51,"BHP Billiton Limited Presents at DbAccess BRICS Metals & Mining Conference, Nov-06-2012 11:00 AM"
2012-08-13,149,"Deutsche Bank Securities Inc., DbAccess BRICS Metals & Mining Conference, Nov 06, 2012 through Nov 07, 2012"
2012-08-13,149,"Macquarie Capital (USA) Inc., Macquarie Annual Global Metals and Mining Conference, Dec 11, 2012 through Dec 12, 2012"
2012-08-16,51,"BHP Group Presents at Barclays Capital CEO Energy/Power Conference, Sep-04-2012 10:45 AM"
2012-08-16,51,"BHP Billiton plc Presents at Barclays Capital CEO Energy/Power Conference, Sep-04-2012 10:45 AM"
2012-08-17,21,BHP Billiton Ltd. Plans to Cut Jobs at Australian Coal Mines
2012-08-17,65,Alumina Plans To Acquire Assets Of BHP Billiton
2012-08-21,48,"BHP Group, 2012 Earnings Call, Aug 22, 2012"
2012-08-21,48,"BHP Billiton plc, 2012 Earnings Call, Aug 22, 2012"
2012-08-22,48,"BHP Billiton Ltd., 2012 Earnings Call, Aug 22, 2012"
2012-08-22,29,BHP Billiton Ltd. Provides Capital Expenditure Guidance for the Fiscal Year 2013
2012-08-26,80,Cameco Corp. (TSX:CCO) signed an agreement to acquire Yeelirrie uranium deposit from BHP Billiton Ltd. (ASX:BHP) for $430 million.
2012-08-26,80,Cameco Corp. (TSX:CCO) signed an agreement to acquire Yeelirrie uranium deposit from BHP Billiton Ltd. (ASX:BHP) for $430 million.
2012-08-26,80,Cameco Corp. (TSX:CCO) signed an agreement to acquire Yeelirrie uranium deposit from BHP Billiton Ltd. (ASX:BHP) for $430 million.
2012-08-26,80,Cameco Corp. (TSX:CCO) signed an agreement to acquire Yeelirrie uranium deposit from BHP Billiton Ltd. (ASX:BHP) for $430 million.
2012-08-28,29,BHP Billiton Ltd. Provides Production Guidance for the Second Half of 2012 and for the Financial Year 2013
2012-08-29,21,BHP Billiton Limited to Cut Jobs as it Downsizes Olympic Dam Project Team
2012-09-06,51,"BHP Billiton plc Presents at 19th CLSA Invetors Forum 2012, Sep-10-2012"
2012-09-06,51,"BHP Group Presents at 19th CLSA Invetors Forum 2012, Sep-10-2012"
2012-09-07,81,Rio Tinto International Holdings Limited completed the acquisition of 37% each in Richards Bay Mining (Pty) Ltd. and Richards Bay Titanium (Pty) Ltd. from BHP Billiton Group.
2012-09-07,81,Rio Tinto International Holdings Limited completed the acquisition of 37% each in Richards Bay Mining (Pty) Ltd. and Richards Bay Titanium (Pty) Ltd. from BHP Group (ASX:BHP).
2012-09-10,82,BHP Billiton Ltd. (ASX:BHP) cancelled the acquisition of six tenements in South Australia from Tasman Resources Ltd. (ASX:TAS).
2012-09-10,82,BHP Billiton Ltd. (ASX:BHP) cancelled the acquisition of six tenements in South Australia from Tasman Resources Ltd. (ASX:TAS).
2012-09-10,82,BHP Billiton Ltd. (ASX:BHP) cancelled the acquisition of six tenements in South Australia from Tasman Resources Ltd. (ASX:TAS).
2012-09-10,82,BHP Billiton Ltd. (ASX:BHP) cancelled the acquisition of six tenements in South Australia from Tasman Resources Ltd. (ASX:TAS).
2012-09-11,21,BHP Billiton Limited to Cease Production at its Gregory Mine
2012-09-12,149,"Mining Indaba LLC, Mining Indaba LLC's African Mining Indaba 2013, Feb 04, 2013 through Feb 07, 2013"
2012-09-12,149,"Mining Indaba LLC, Mining Indaba LLC's African Mining Indaba 2013, Feb 04, 2013 through Feb 07, 2013"
2012-09-12,149,"Mining Indaba LLC, Mining Indaba LLC's African Mining Indaba 2013, Feb 04, 2013 through Feb 07, 2013"
2012-09-12,149,"Mining Indaba LLC, Mining Indaba LLC's African Mining Indaba 2013, Feb 04, 2013 through Feb 07, 2013"
2012-09-14,44,Three Unions at BHP Billiton Limited Rejects the Latest Workplace Agreement
2012-09-17,55,"BHP Billiton Limited to Report First Half, 2013 Results on Feb 20, 2013"
2012-09-17,28,"BHP Billiton Limited Announces Unaudited Consolidated Earnings Results for the Year Ended June 30, 2012"
2012-09-17,55,"BHP Billiton Limited to Report Fiscal Year 2013 Results on Aug 20, 2013"
2012-09-18,55,"BHP Billiton plc to Report First Half, 2013 Results on Feb 20, 2013"
2012-09-18,81,An undisclosed buyer completed the acquisition of 33.76% stake in West Cameron 76 and 30.95% stake in Starlifter from BHP Petroleum (Americas) Inc. and BHP Billiton Limited (ASX:BHP).
2012-09-18,55,"BHP Group to Report First Half, 2013 Results on Feb 20, 2013"
2012-09-21,51,"BHP Billiton Petroleum Presents at 2012 SPE Asia Pacific Oil & Gas Conference, Oct-24-2012 02:00 PM"
2012-09-21,149,"Society Of Petroleum Engineers (Spe), Inc., 2012 SPE Asia Pacific Oil & Gas Conference, Oct 22, 2012 through Oct 24, 2012"
2012-10-04,65,BHP Billiton Reportedly In Talks To Buy Petrobras Gulf Assets
2012-10-05,65,Petrobras Reportedly In Talks With Three Bidders
2012-10-08,21,BHP Billiton Limited Confirms to Cut Jobs in Iron Ore Division
2012-10-17,226,BHP Billiton Limited Announces Production Results for the Quarter Ended September 2012
2012-10-17,29,BHP Billiton plc Provides Group Capital and Exploration Expenditure Guidance for the Year 2013
2012-10-17,31,BHP Billiton Petroleum Launches Texas Jobs Drive
2012-10-17,226,"BHP Billiton plc Reports Production Results for the Quarter Ended September 30, 2012"
2012-10-22,55,"BHP Billiton plc to Report Fiscal Year 2013 Results on Aug 20, 2013"
2012-10-22,219,"BHP Billiton plc to Report Q3, 2013 Operating Results on Apr 17, 2013"
2012-10-22,219,"BHP Group to Report Q3, 2013 Operating Results on Apr 17, 2013"
2012-10-22,55,"BHP Group to Report Fiscal Year 2013 Results on Aug 20, 2013"
2012-10-22,219,"BHP Billiton plc to Report Q2, 2013 Operating Results on Jan 23, 2013"
2012-10-22,219,"BHP Group to Report Q4, 2013 Operating Results on Jul 17, 2013"
2012-10-22,219,"BHP Billiton plc to Report Q4, 2013 Operating Results on Jul 17, 2013"
2012-10-22,219,"BHP Group to Report Q2, 2013 Operating Results on Jan 23, 2013"
2012-10-23,219,"BHP Billiton Limited to Report Q1, 2014 Operating Results on Oct 22, 2013"
2012-10-23,219,"BHP Billiton Limited to Report Q2, 2013 Operating Results on Jan 23, 2013"
2012-10-23,44,BHP Billiton Limited Reaches New Labor Deal at Australian Met Coal Mines
2012-10-23,219,"BHP Billiton Limited to Report Q3, 2013 Operating Results on Apr 17, 2013"
2012-10-23,219,"BHP Billiton Limited to Report Q4, 2013 Operating Results on Jul 17, 2013"
2012-10-24,65,BHP Billiton Reportedly To Sell Pinto Valley Mine
2012-10-31,31,Bhp Billiton Sees Queensland Coal Production Capacity Up 50% by 2015
2012-11-01,80,Global Aluminia International Ltd entered into a sale and purchase agreement to acquire 33.33% interest in Guinea Alumina Corporation Limited from BHP Billiton Limited (ASX:BHP) for AUD 20 million.
2012-11-07,65,B&A Mineracao Reportedly To Acquire BHP's Nimbo Project
2012-11-07,44,BHP Billiton Limited Deal with Workers Failed to Recognize the Importance of Skilled Workers and Apprentices
2012-11-13,80,Harry Winston Diamond Mines Ltd entered into an agreement to acquire BHP Billiton Diamonds Inc. from BHP Billiton Limited for $500 million.
2012-11-18,51,"BHP Billiton Limited Presents at Merrill Lynch 30th Annual Global Metals, Mining & Steel Conference, May-14-2013 09:00 AM"
2012-11-18,51,"BHP Billiton Limited Presents at Merrill Lynch 30th Annual Global Metals, Mining & Steel Conference, May-14-2013 09:00 AM"
2012-11-18,51,"BHP Billiton Limited Presents at Merrill Lynch 30th Annual Global Metals, Mining & Steel Conference, May-14-2013 09:00 AM"
2012-11-18,149,"Merrill Lynch & Co., Inc., Merrill Lynch 30th Annual Global Metals, Mining & Steel Conference, May 14, 2013 through May 16, 2013"
2012-11-18,51,"BHP Billiton Limited Presents at Merrill Lynch 30th Annual Global Metals, Mining & Steel Conference, May-14-2013 09:00 AM"
2012-11-18,149,"Merrill Lynch & Co., Inc., Merrill Lynch 30th Annual Global Metals, Mining & Steel Conference, May 14, 2013 through May 16, 2013"
2012-11-18,149,"Merrill Lynch & Co., Inc., Merrill Lynch 30th Annual Global Metals, Mining & Steel Conference, May 14, 2013 through May 16, 2013"
2012-11-18,149,"Merrill Lynch & Co., Inc., Merrill Lynch 30th Annual Global Metals, Mining & Steel Conference, May 14, 2013 through May 16, 2013"
2012-11-19,44,BHP Billiton Limited Unit Facing Two-Week Strike at Appin Coking Coal Mine
2012-11-24,65,BHP Billiton Reportedly To Sell Its Temco Manganese Alloys Smelter
2012-11-29,231,"Tranche Update on BHP Group (ASX:BHP)'s Equity Buyback Plan announced on November 17, 2011."
2012-11-29,232,"BHP Group (ASX:BHP) announces an Equity Buyback for 213,618,545 shares, representing 10% of its issued share capital."
2012-11-29,232,"BHP Billiton plc (LSE:BLT) announces an Equity Buyback for 213,618,545 shares, representing 10% of its issued share capital."
2012-11-29,232,"BHP Group (ASX:BHP) announces an Equity Buyback for 213,618,545 shares, representing 10% of its issued share capital."
2012-11-29,232,"BHP Billiton plc (LSE:BLT) announces an Equity Buyback for 213,618,545 shares, representing 10% of its issued share capital."
2012-11-29,234,BHP Billiton plc's Equity Buyback has expired
2012-11-29,234,BHP Billiton plc's Equity Buyback has expired
2012-11-29,234,BHP Billiton plc's Equity Buyback has expired
2012-11-29,234,BHP Billiton plc's Equity Buyback has expired
2012-11-29,231,"Tranche Update on BHP Billiton plc (LSE:BLT)'s Equity Buyback Plan announced on November 17, 2011."
2012-11-30,51,"BHP Billiton Limited Presents at China Iron Ore 2013, Feb-27-2013 11:40 AM"
2012-11-30,149,"Metal Bulletin Ltd., China Iron Ore 2013, Feb 26, 2013 through Feb 28, 2013"
2012-11-30,51,"BHP Billiton Limited Presents at China Iron Ore 2013, Feb-27-2013 11:40 AM"
2012-11-30,51,"BHP Billiton Limited Presents at China Iron Ore 2013, Feb-27-2013 11:40 AM"
2012-11-30,51,"BHP Billiton Limited Presents at China Iron Ore 2013, Feb-27-2013 11:40 AM"
2012-12-05,65,BHP Reportedly To Make Cash Offer For Walter Energy
2012-12-06,60,BHP Billiton Plans to Move its Brisbane Headquarters to Grocon's Queen Street Tower
2012-12-11,51,"BHP Group Presents at Macquarie Annual Global Metals and Mining Conference, Dec-11-2012"
2012-12-11,51,"BHP Billiton plc Presents at Macquarie Annual Global Metals and Mining Conference, Dec-11-2012"
2012-12-12,80,Petrochina International Investment (Australia) Pty Ltd signed a definitive agreement to acquire 8.33% interest in the east browse joint venture and 20% in the west browse joint venture from BHP Billiton Group for $1.6 billion.
2012-12-12,80,Petrochina International Investment (Australia) Pty Ltd signed a definitive agreement to acquire 8.33% interest in the east browse joint venture and 20% in the west browse joint venture from BHP Group (ASX:BHP) for $1.6 billion.
2012-12-13,82,A consortium led by Pembani Group (Pty) Ltd terminated the acquisition of 8% stake in BHP Billiton Energy Coal South Africa Limited from BHP Group (ASX:BHP).
2012-12-13,82,A consortium led by Pembani Group (Pty) Ltd terminated the acquisition of 8% stake in BHP Billiton Energy Coal South Africa Limited from BHP Billiton plc (LSE:BLT).
2012-12-18,81,Cameco Corp. (TSX:CCO) completed the acquisition of Yeelirrie uranium deposit from BHP Billiton Ltd. (ASX:BHP).
2012-12-18,81,Cameco Corp. (TSX:CCO) completed the acquisition of Yeelirrie uranium deposit from BHP Billiton Ltd. (ASX:BHP).
2012-12-18,81,Cameco Corp. (TSX:CCO) completed the acquisition of Yeelirrie uranium deposit from BHP Billiton Ltd. (ASX:BHP).
2012-12-18,81,Cameco Corp. (TSX:CCO) completed the acquisition of Yeelirrie uranium deposit from BHP Billiton Ltd. (ASX:BHP).
2012-12-19,65,BHP Billiton Reportedly Selects B&A Mineracao As Preferred Bidder For Mount Nimba Stake
2012-12-19,1,BHP Billiton Plans To Sell UK Petroleum Operations
2012-12-27,44,BHP Billiton Limited Still in Wage Talks with Workers at Escondida Mine in Chile
2013-01-04,51,"BHP Billiton Limited Presents at Mining Indaba LLC's African Mining Indaba 2013, Feb-06-2013 09:52 AM"
2013-01-04,51,"BHP Billiton Limited Presents at Mining Indaba LLC's African Mining Indaba 2013, Feb-06-2013 09:52 AM"
2013-01-04,51,"BHP Billiton Limited Presents at Mining Indaba LLC's African Mining Indaba 2013, Feb-06-2013 09:52 AM"
2013-01-04,51,"BHP Billiton Limited Presents at Mining Indaba LLC's African Mining Indaba 2013, Feb-06-2013 09:52 AM"
2013-01-10,21,BHP Plans Job Cuts at Navajo Coal Mine Prior to Sale to Tribe
2013-01-15,65,BHP Billiton Reportedly In Talks To Sell Temco
2013-01-18,25,Fipke Holdings Files Lawsuit against BHP Billiton Over the Sale of the Mine to Harry Winston for $500 Million
2013-01-23,226,"BHP Billiton plc Reports Production Results for the Second Quarter and Six Months Ended December 31, 2012"
2013-01-23,29,BHP Billiton Limited Reaffirms Production Guidance for the Financial Year 2013
2013-02-01,44,Union Representing Coal Miners from the Navajo and San Juan Mines Rejects Contract Offer from BHP Billiton Limited
2013-02-01,65,Norilsk Nickel May Sell Lake Johnston
2013-02-04,44,BHP Billiton Limited's Union Votes Down New Labor Deal at Two New Mexico Coal Mines
2013-02-06,1,BHP Considers Options For EuroNimba JV
2013-02-06,21,BHP Billiton Limited Announces Job Cuts at the Olympic Dam Project
2013-02-06,21,BHP Billiton Slashes Jobs at Olympic Dam Mine
2013-02-07,1,BHP Billiton Seeks To Sell Gregory Crinum
2013-02-07,31,BHP Billiton Petroleum Signs Lease for New Four Oaks Place Building
2013-02-12,44,Workers Threaten Strike at BHP Billiton's Cerro Matoso in Colombia
2013-02-14,1,BHP South African Assets Not For Sale
2013-02-19,48,"BHP Group, H1 2013 Earnings Call, Feb 20, 2013"
2013-02-19,48,"BHP Billiton Limited, H1 2013 Earnings Call, Feb 20, 2013"
2013-02-19,48,"BHP Group, H1 2013 Earnings Call, Feb 20, 2013"
2013-02-19,48,"BHP Billiton Limited, H1 2013 Earnings Call, Feb 20, 2013"
2013-02-20,231,"Tranche Update on BHP Group (ASX:BHP)'s Equity Buyback Plan announced on November 17, 2011."
2013-02-20,231,"Tranche Update on BHP Group (ASX:BHP)'s Equity Buyback Plan announced on November 29, 2012."
2013-02-20,231,"Tranche Update on BHP Billiton plc (LSE:BLT)'s Equity Buyback Plan announced on November 29, 2012."
2013-02-20,231,"Tranche Update on BHP Group (ASX:BHP)'s Equity Buyback Plan announced on November 29, 2012."
2013-02-20,231,"Tranche Update on BHP Billiton plc (LSE:BLT)'s Equity Buyback Plan announced on November 29, 2012."
2013-02-20,231,"Tranche Update on BHP Billiton plc (LSE:BLT)'s Equity Buyback Plan announced on November 17, 2011."
2013-02-20,29,BHP Billiton Provides Capex Guidance for the Year Ending in 2013
2013-02-20,16,BHP Billiton plc Announces Executive Changes
2013-02-20,101,BHP Billiton plc Announces Executive Changes
2013-02-22,65,B&A Mineracao Dismissed Speculations That It Is Eyeing Simandou Deposits
2013-02-28,3,Rio Tinto And BHP Not To Pursue Acquisitions
2013-03-09,1,BHP Billiton To Sell Around 10 Assets
2013-03-14,21,BHP Billiton Fires 400 Contract Workers at its Escondida
2013-03-19,149,"Saskatchewan Mining Association, Saskatchewan Mining Supply Chain Forum, Apr 10, 2013"
2013-03-20,25,BHP Billiton Limited's Shale Gas Division Faces Two Claims
2013-03-20,65,Navajo Nation Eyes Coal Mine From BHP Billiton
2013-03-28,51,"BHP Billiton Limited Presents at Australia Conference, May-01-2013"
2013-03-28,149,"Macquarie Group Limited, Australia Conference, May 01, 2013 through May 03, 2013"
2013-03-28,149,"HSBC Bank plc, HSBC 4th Annual Asian Natural Resources Conference, Sep 09, 2013 through Sep 10, 2013"
2013-03-28,149,"HSBC Bank plc, HSBC 4th Annual Asian Natural Resources Conference, Sep 09, 2013 through Sep 10, 2013"
2013-03-28,149,"HSBC Bank plc, HSBC 4th Annual Asian Natural Resources Conference, Sep 09, 2013 through Sep 10, 2013"
2013-03-28,149,"HSBC Bank plc, HSBC 4th Annual Asian Natural Resources Conference, Sep 09, 2013 through Sep 10, 2013"
2013-04-01,65,BHP And Rio Tinto Reportedly Put Assets On The Block
2013-04-02,149,"JPMorgan Cazenove Limited, J.P. Morgan Nordic Mining & Steel Day, Apr 12, 2013"
2013-04-02,51,"BHP Billiton plc Presents at J.P. Morgan Nordic Mining & Steel Day, Apr-12-2013"
2013-04-02,51,"BHP Group Presents at J.P. Morgan Nordic Mining & Steel Day, Apr-12-2013"
2013-04-03,149,"Hart Energy Publishing LLLP, Hart Energy's DUG Australia Conference, Aug 27, 2013 through Aug 29, 2013"
2013-04-08,51,"BHP Billiton Presents at Saskatchewan Mining Supply Chain Forum, Apr-10-2013"
2013-04-10,81,Harry Winston Diamond Mines Ltd completed the acquisition of BHP Billiton Diamonds Inc. from BHP Billiton Limited.
2013-04-17,226,"BHP Billiton plc Reports Production Results for the Third Quarter and Nine Months Ended March 31, 2013"
2013-04-17,226,"BHP Billiton Limited Announces Production Results for the Quarter and Nine Months Ended March 31, 2013; Reaffirms Production Guidance for the Full Year of 2013"
2013-04-17,29,"BHP Billiton Limited Announces Production Results for the Quarter and Nine Months Ended March 31, 2013; Reaffirms Production Guidance for the Full Year of 2013"
2013-04-17,101,BHP Billiton Limited Announces New Senior Management Team
2013-04-17,16,BHP Billiton Limited Announces New Senior Management Team
2013-04-18,16,BHP Billiton Announces Chief Counsel Changes
2013-04-18,16,BHP Billiton plc Announces Management Changes
2013-04-19,80,BHP Billiton Limited (ASX:BHP) executed an asset purchase agreement to acquire 6.25% stake in Hawkville Project in McMullen County from Antares Energy Ltd. (ASX:AZZ) for $10 million.
2013-05-07,87,BHP Billiton Finance Limited has announced a Fixed-Income Offering in the amount of CAD 749.56 million.
2013-05-07,87,BHP Billiton Limited has announced a Fixed-Income Offering in the amount of CAD 749.56 million.
2013-05-10,16,BHP Billiton Limited and BHP Billiton plc Announces Retirement of Marius Kloppers as Chief Executive Officer and Executive Director
2013-05-10,101,BHP Billiton Limited and BHP Billiton plc Announces Retirement of Marius Kloppers as Chief Executive Officer and Executive Director
2013-05-10,81,BHP Billiton Limited (ASX:BHP) completed the acquisition of 6.25% stake in Hawkville Project in McMullen County from Antares Energy Ltd. (ASX:AZZ).
2013-05-14,87,BHP Billiton Limited has completed a Fixed-Income Offering in the amount of CAD 749.56 million.
2013-05-14,87,BHP Billiton Finance Limited has completed a Fixed-Income Offering in the amount of CAD 749.56 million.
2013-05-14,29,BHP Billiton Plc Provides Group Capital and Exploration Expenditure Guidance for the Year 2014
2013-05-15,80,Mubadala Development Company and Dubai Aluminium Company Limited signed a share purchase agreement to acquire 33.33% stake in Guinea Alumina Corporation Limited from BHP Billiton Limited (ASX:BHP).
2013-05-15,80,Mubadala Development Company and Dubai Aluminium Company Limited signed a share purchase agreement to acquire 33.33% stake in Guinea Alumina Corporation Limited from BHP Billiton Limited (ASX:BHP).
2013-05-15,80,Mubadala Development Company and Dubai Aluminium Company Limited signed a share purchase agreement to acquire 33.33% stake in Guinea Alumina Corporation Limited from BHP Billiton Limited (ASX:BHP).
2013-05-15,82,Global Aluminia International Ltd cancelled the acquisition of 33.33% interest in Guinea Alumina Corporation Limited from BHP Billiton Limited (ASX:BHP).
2013-05-15,65,Euronimba Stake Sale Close To Completion
2013-05-15,80,Mubadala Development Company and Dubai Aluminium Company Limited signed a share purchase agreement to acquire 33.33% stake in Guinea Alumina Corporation Limited from BHP Billiton Limited (ASX:BHP).
2013-05-23,3,Sherritt Mull Acquisitions
2013-06-07,29,BHP Billiton Limited Provides Capital Expenditure Guidance for the Year 2013 and 2014
2013-06-07,81,Petrochina International Investment (Australia) Pty Ltd completed the acquisition of 8.33% interest in the east browse joint venture and 20% in the west browse joint venture from BHP Billiton Group.
2013-06-07,81,Petrochina International Investment (Australia) Pty Ltd completed the acquisition of 8.33% interest in the east browse joint venture and 20% in the west browse joint venture from BHP Group (ASX:BHP).
2013-06-13,62,"BHP Group, Annual General Meeting, Oct 24, 2013"
2013-06-13,62,"BHP Billiton Limited, Annual General Meeting, Nov 21, 2013"
2013-06-13,62,"BHP Billiton plc, Annual General Meeting, Oct 24, 2013"
2013-06-21,80,ITOCHU Corporation (TSE:8001) and Mitsui & Co. Ltd. (TSE:8031) entered into a binding agreement to acquire 15% stake in BHP Iron Ore (Jimblebar) Pty Ltd. from BHP Billiton Limited (ASX:BHP) for $1.5 billion.
2013-06-21,80,ITOCHU Corporation (TSE:8001) and Mitsui & Co. Ltd. (TSE:8031) entered into a binding agreement to acquire 15% stake in BHP Iron Ore (Jimblebar) Pty Ltd. from BHP Billiton Limited (ASX:BHP) for $1.5 billion.
2013-06-21,80,ITOCHU Corporation (TSE:8001) and Mitsui & Co. Ltd. (TSE:8031) entered into a binding agreement to acquire 15% stake in BHP Iron Ore (Jimblebar) Pty Ltd. from BHP Billiton Limited (ASX:BHP) for $1.5 billion.
2013-06-21,80,ITOCHU Corporation (TSE:8001) and Mitsui & Co. Ltd. (TSE:8031) entered into a binding agreement to acquire 15% stake in BHP Iron Ore (Jimblebar) Pty Ltd. from BHP Billiton Limited (ASX:BHP) for $1.5 billion.
2013-06-21,22,BHP Billiton Limited Announces Extension of Long Term Joint Venture Relationship with ITOCHU Corporation and Mitsui & Co. Ltd
2013-06-25,65,Linc Reportedly In Talks To Acquire Gregory Crinum Mine
2013-06-27,65,Linc Denies Rumor Of Gregory Crinum Asset Acquisition
2013-06-28,51,"BHP Billiton Limited Presents at HSBC 4th Annual Asian Natural Resources Conference, Sep-09-2013"
2013-06-28,51,"BHP Billiton Limited Presents at HSBC 4th Annual Asian Natural Resources Conference, Sep-09-2013"
2013-06-28,51,"BHP Billiton Limited Presents at HSBC 4th Annual Asian Natural Resources Conference, Sep-09-2013"
2013-06-28,51,"BHP Billiton Limited Presents at HSBC 4th Annual Asian Natural Resources Conference, Sep-09-2013"
2013-06-30,1,Shareholders Of BHP And Rio Tinto Urge To Find Alternative Ways To Sell Assets
2013-07-01,65,Linc Energy Confirmes Coal Division Divestment Plan
2013-07-09,81,Mubadala Development Company and Dubai Aluminium Company Limited completed the acquisition of 33.33% stake in Guinea Alumina Corporation Limited from BHP Billiton Limited (ASX:BHP).
2013-07-09,81,Mubadala Development Company and Dubai Aluminium Company Limited completed the acquisition of 33.33% stake in Guinea Alumina Corporation Limited from BHP Billiton Limited (ASX:BHP).
2013-07-09,81,Mubadala Development Company and Dubai Aluminium Company Limited completed the acquisition of 33.33% stake in Guinea Alumina Corporation Limited from BHP Billiton Limited (ASX:BHP).
2013-07-09,81,Mubadala Development Company and Dubai Aluminium Company Limited completed the acquisition of 33.33% stake in Guinea Alumina Corporation Limited from BHP Billiton Limited (ASX:BHP).
2013-07-10,81,ITOCHU Corporation (TSE:8001) and Mitsui & Co. Ltd. (TSE:8031) completed the acquisition of 15% stake in BHP Iron Ore (Jimblebar) Pty Ltd. from BHP Billiton Limited (ASX:BHP).
2013-07-10,81,ITOCHU Corporation (TSE:8001) and Mitsui & Co. Ltd. (TSE:8031) completed the acquisition of 15% stake in BHP Iron Ore (Jimblebar) Pty Ltd. from BHP Billiton Limited (ASX:BHP).
2013-07-10,81,ITOCHU Corporation (TSE:8001) and Mitsui & Co. Ltd. (TSE:8031) completed the acquisition of 15% stake in BHP Iron Ore (Jimblebar) Pty Ltd. from BHP Billiton Limited (ASX:BHP).
2013-07-10,81,ITOCHU Corporation (TSE:8001) and Mitsui & Co. Ltd. (TSE:8031) completed the acquisition of 15% stake in BHP Iron Ore (Jimblebar) Pty Ltd. from BHP Billiton Limited (ASX:BHP).
2013-07-17,226,"BHP Billiton plc Reports Production Results for the Fourth Quarter and Full Year Ended June 30, 2013"
2013-07-17,226,"BHP Billiton Announces Production Results for the Fourth Quarter and Full Year Ended June 30, 2013"
2013-07-26,31,"BHP Billiton Group Approves Investment of $1,972 Million to Sustain Operations at Escondida in Chile"
2013-07-31,1,BHP Fails To Find Buyer For Australian Gregory Crinum Coal Mine
2013-08-09,219,"BHP Billiton plc to Report Q1, 2014 Operating Results on Oct 22, 2013"
2013-08-09,219,"BHP Group to Report Q1, 2014 Operating Results on Oct 22, 2013"
2013-08-19,48,"BHP Billiton Limited, 2013 Earnings Call, Aug 20, 2013"
2013-08-19,48,"BHP Group, 2013 Earnings Call, Aug 20, 2013"
2013-08-19,48,"BHP Group, 2013 Earnings Call, Aug 20, 2013"
2013-08-19,48,"BHP Billiton Limited, 2013 Earnings Call, Aug 20, 2013"
2013-08-19,1,BHP Seeks To Sell Iron Ore Project In The Pilbara
2013-08-20,28,"Illawarra Announces Earnings Results for the Year Ended June 30, 2013"
2013-08-20,226,"BHP Billiton Aluminium Announces Earnings and Production Results for the Year Ended June 30, 2013"
2013-08-20,226,"Nickel West Announces Earnings and Production Results for the Year Ended June 30, 2013"
2013-08-20,28,"Nickel West Announces Earnings and Production Results for the Year Ended June 30, 2013"
2013-08-20,28,"BHP Billiton Aluminium Announces Earnings and Production Results for the Year Ended June 30, 2013"
2013-08-20,31,BHP Billiton Announces USD 2.6 Billion Investment in Jansen Potash Project
2013-08-20,5,BHP Billiton Mulls Partners For Its Jansen Potash Project
2013-08-24,51,"BHP Billiton Limited Presents at Hart Energy's DUG Australia Conference, Aug-29-2013 01:30 PM"
2013-08-25,16,BHP Billiton Limited Announces Senior Executive Changes
2013-08-26,16,BHP Billiton plc Announces Executive Changes
2013-08-26,22,BHP Billiton Selects Four Polar Star Properties for Joint Venture
2013-09-02,16,BHP Billiton Limited Appoints Nicole Duncan as Company Secretary
2013-09-05,22,Mitsubishi Corp. and BHP Billiton Open New Coal Mine in Australia
2013-09-12,152,"BHP Billiton Limited seeks Shareholder Approval to launch an Equity Buyback on November 21, 2013."
2013-09-13,60,BHP Billiton Limited Announces Address Change of its Global Head Office
2013-09-13,60,BHP Billiton plc Announces Change of Registered Office
2013-09-20,31,BHP Opens Major Western Australia Gas Plant
2013-09-24,29,"BHP Billiton Limited Reports Consolidated Earnings Results for the Year Ended June 30, 2013; Provides Capital Expenditure Guidance for the Fiscal 2014"
2013-09-24,28,"BHP Billiton Limited Reports Consolidated Earnings Results for the Year Ended June 30, 2013; Provides Capital Expenditure Guidance for the Fiscal 2014"
2013-09-24,55,"BHP Billiton Limited to Report First Half, 2014 Results on Feb 18, 2014"
2013-09-24,55,"BHP Billiton Limited to Report Fiscal Year 2014 Results on Aug 19, 2014"
2013-09-24,50,BHP Billiton Limited - Shareholder/Analyst Call
2013-09-24,50,BHP Billiton Limited - Shareholder/Analyst Call
2013-09-24,50,BHP Billiton Limited - Shareholder/Analyst Call
2013-09-24,50,BHP Billiton Limited - Shareholder/Analyst Call
2013-09-25,55,"BHP Billiton plc to Report First Half, 2014 Results on Feb 18, 2014"
2013-09-25,50,BHP Billiton plc - Shareholder/Analyst Call
2013-09-25,50,BHP Group - Shareholder/Analyst Call
2013-09-25,231,"Tranche Update on BHP Billiton plc (LSE:BLT)'s Equity Buyback Plan announced on November 29, 2012."
2013-09-25,55,"BHP Group to Report First Half, 2014 Results on Feb 18, 2014"
2013-09-26,42,BHP Billiton plc Prices $5.0 Billion Bond
2013-10-08,149,"Bank of America Corporation, Bank of America Merrill Lynch 2014 Global Metals, Mining and Steel Conference, May 13, 2014 through May 15, 2014"
2013-10-09,149,"Citigroup, Inc., Citigroup Global Resources Conference, Mar 12, 2014 through Mar 13, 2014"
2013-10-09,149,"Credit Suisse Group AG, Credit Suisse 17th Asian Investment Conference, Mar 24, 2014 through Mar 28, 2014"
2013-10-09,149,"Citigroup, Inc., Citigroup Global Resources Conference, Mar 12, 2014 through Mar 13, 2014"
2013-10-21,226,BHP Billiton Limited Provides Production Guidance for the Full Year of 2013
2013-10-21,226,BHP Billiton Limited Reports Production Results for the September Quarter of 2013; Provides Production Guidance for the Full Year of 2013
2013-10-21,29,BHP Billiton Limited Provides Production Guidance for the Full Year of 2013
2013-10-21,29,BHP Billiton Limited Reports Production Results for the September Quarter of 2013; Provides Production Guidance for the Full Year of 2013
2013-10-21,226,BHP Billiton Limited Provides Production Guidance for the Full Year of 2013
2013-10-21,226,BHP Billiton Limited Reports Production Results for the September Quarter of 2013; Provides Production Guidance for the Full Year of 2013
2013-10-22,80,Eni ULX Limited signed an agreement to acquire the remaining 46.1% stake in Liverpool Bay Limited from BHP Billiton Limited (ASX:BHP).
2013-10-22,80,Eni ULX Limited signed an agreement to acquire the remaining 46.1% stake in Liverpool Bay Limited from BHP Billiton Limited (ASX:BHP).
2013-10-22,226,"BHP Billiton plc Reports Production Results for the Quarter Ended September 30, 2013"
2013-10-22,80,Eni ULX Limited signed an agreement to acquire the remaining 46.1% stake in Liverpool Bay Limited from BHP Billiton Limited (ASX:BHP).
2013-10-22,80,Eni ULX Limited signed an agreement to acquire the remaining 46.1% stake in Liverpool Bay Limited from BHP Billiton Limited (ASX:BHP).
2013-10-22,1,BHP Plans To Sell Half Of Oil And Gas Acreage In Permian Basin
2013-10-23,29,BHP Billiton Revises Production Guidance for the Fiscal Year Ending June 2014
2013-10-25,16,BHP Billiton Announces Resignation of Nicola Kleynhans as Deputy Company Secretary
2013-10-28,1,BHP Billiton Seeks To Sell Assets
2013-11-03,31,BHP Billiton Scraps Plans for New Coal Port at Abbot Point in Queensland
2013-11-12,1,BHP Abandons Temco Sale
2013-11-20,62,"BHP Billiton plc, Annual General Meeting, Nov 21, 2013"
2013-11-20,62,"BHP Billiton Limited, Annual General Meeting, Nov 21, 2013"
2013-11-21,232,BHP Billiton plc authorizes a Buyback Plan.
2013-11-21,232,"BHP Billiton plc (LSE:BLT) announces an Equity Buyback for 213,618,545 shares, representing 10% of its issued share capital."
2013-11-21,232,"BHP Group (ASX:BHP) announces an Equity Buyback for 213,618,545 shares, representing 10% of its issued share capital."
2013-11-21,232,"BHP Billiton plc (LSE:BLT) announces an Equity Buyback for 213,618,545 shares, representing 10% of its issued share capital."
2013-11-21,232,"BHP Group (ASX:BHP) announces an Equity Buyback for 213,618,545 shares, representing 10% of its issued share capital."
2013-11-21,234,"BHP Billiton plc's Equity Buyback announced on November 29, 2012, has expired."
2013-11-21,234,"BHP Group's Equity Buyback announced on November 29, 2012, has expired."
2013-11-21,234,"BHP Billiton plc's Equity Buyback announced on November 29, 2012, has expired."
2013-11-21,234,"BHP Group's Equity Buyback announced on November 29, 2012, has expired."
2013-11-21,29,BHP Billiton Limited Provides Capital Expenditure Guidance for the Fiscal 2014 and 2015
2013-11-21,16,BHP Billiton plc Approves the Election of Ian Dunlop as Director
2013-11-27,16,"BHP Billiton Opens New Global Head Office in Collins Street, Melbourne"
2013-11-27,65,ONGC Mulls Stake In 9 Exploration Blocks Of BHP Billiton
2013-11-29,226,Bhp Billiton plc Reports Earnings and Operating Results Nine Months Ended September 2013
2013-11-29,28,Bhp Billiton plc Reports Earnings and Operating Results Nine Months Ended September 2013
2013-12-05,65,ONGC May Look At Acquiring BHP's Blocks
2013-12-09,50,BHP Billiton plc - Shareholder/Analyst Call
2013-12-09,50,BHP Group - Shareholder/Analyst Call
2013-12-09,50,BHP Billiton plc - Shareholder/Analyst Call
2013-12-09,50,BHP Group - Shareholder/Analyst Call
2013-12-16,21,BHP to Stop Operations in Sub-Level Cave at Perseverance Due to Safety Concerns
2013-12-17,21,BHP Billiton to Shut Down Leinster Nickel Mine Affecting 200 Jobs
2013-12-18,224,BHP Billiton Halts Production at Australian Nickel Mine
2013-12-31,81,Eni ULX Limited completed the acquisition of the remaining 46.1% stake in Liverpool Bay Limited from BHP Billiton Limited (ASX:BHP).
2013-12-31,81,Eni ULX Limited completed the acquisition of the remaining 46.1% stake in Liverpool Bay Limited from BHP Billiton Limited (ASX:BHP).
2013-12-31,81,Eni ULX Limited completed the acquisition of the remaining 46.1% stake in Liverpool Bay Limited from BHP Billiton Limited (ASX:BHP).
2013-12-31,81,Eni ULX Limited completed the acquisition of the remaining 46.1% stake in Liverpool Bay Limited from BHP Billiton Limited (ASX:BHP).
2014-01-15,16,"BHP Billiton Announces Board Changes, Effective March 3, 2014"
2014-01-16,65,BHP Considers BHP Billiton's Spinoff Again
2014-01-21,43,"BHP Billiton Group Announces Restatement of Consolidated Earnings Results for the Year Ended June 30, 2013 and for the Half Year Ended December 31, 2012"
2014-01-21,226,"BHP Billiton Limited Reports Production Results for the Quarter and Half Year Ended December 31, 2013; Retains Production Guidance for the Financial Year 2014; Provides Earnings Guidance for the Financial Year 2014"
2014-01-21,226,"BHP Billiton plc Reports Production Results for the Month and Year to Date Ended December 31, 2013 ; Provides Exploration Expenditure Guidance for the Financial Year 2014"
2014-01-21,29,"BHP Billiton Limited Reports Production Results for the Quarter and Half Year Ended December 31, 2013; Retains Production Guidance for the Financial Year 2014; Provides Earnings Guidance for the Financial Year 2014"
2014-01-21,29,"BHP Billiton plc Reports Production Results for the Month and Year to Date Ended December 31, 2013 ; Provides Exploration Expenditure Guidance for the Financial Year 2014"
2014-01-22,55,"BHP Billiton Limited to Report June,2014 Results on Jul 23, 2014"
2014-01-22,55,"BHP Billiton Limited to Report December,2013 Results on Jan 22, 2014"
2014-01-22,55,"BHP Billiton Limited to Report March,2014 Results on Apr 16, 2014"
2014-01-28,81,Norges Bank acquired additional 0.01% stake in BHP Group (ASX:BHP).
2014-01-28,81,Norges Bank acquired additional 0.01% stake in BHP Billiton plc (LSE:BLT).
2014-01-30,51,"BHP Billiton Limited Presents at IHS Energy CERAWeek 2014, Mar-04-2014 09:35 AM"
2014-01-30,149,"IHS Inc., IHS Energy CERAWeek 2014, Mar 03, 2014 through Mar 07, 2014"
2014-02-03,51,"BHP Billiton plc Presents at IHS Energy CERAWeek 2014, Mar-04-2014 07:30 AM"
2014-02-03,51,"BHP Group Presents at IHS Energy CERAWeek 2014, Mar-04-2014 07:30 AM"
2014-02-07,21,BHP Billiton to Cut 230 Jobs from Australia's Saraji Coal Mine
2014-02-09,51,"BHP Group Presents at Bank of America Merrill Lynch 2014 Global Metals, Mining and Steel Conference, May-13-2014 10:00 AM"
2014-02-09,51,"BHP Billiton plc Presents at Bank of America Merrill Lynch 2014 Global Metals, Mining and Steel Conference, May-13-2014 10:00 AM"
2014-02-11,65,BHP Billiton To Reportedly Divest Global Thermal Coal Business
2014-02-18,28,BHP Billiton Announces Earnings Results for the First Half Ended December 2013; Provides Earnings Guidance for the Six Months Period Ending June 2014
2014-02-18,152,BHP Billiton Limited's Board intends to launch an Equity Buyback
2014-02-18,48,"BHP Billiton plc, H1 2014 Earnings Call, Feb 18, 2014"
2014-02-18,48,"BHP Group, H1 2014 Earnings Call, Feb 18, 2014"
2014-02-18,48,"BHP Billiton Limited, H1 2014 Earnings Call, Feb 18, 2014"
2014-02-18,29,"BHP Billiton Group Reports Consolidated Earnings Results for the Year Ended December 31, 2013; Provides Capital Expenditure Guidance for the Year 2014"
2014-02-18,29,BHP Billiton Announces Earnings Results for the First Half Ended December 2013; Provides Earnings Guidance for the Six Months Period Ending June 2014
2014-02-18,231,"Tranche Update on BHP Billiton plc (LSE:BLT)'s Equity Buyback Plan announced on November 21, 2013."
2014-02-18,28,"BHP Billiton Group Reports Consolidated Earnings Results for the Year Ended December 31, 2013; Provides Capital Expenditure Guidance for the Year 2014"
2014-02-21,65,BHP Reportedly Seeks To Sell $500 Million Energy Assets In Pakistan
2014-02-22,51,"BHP Billiton Limited Presents at Credit Suisse 17th Asian Investment Conference, Mar-24-2014"
2014-02-27,51,"BHP Group Presents at Citigroup Global Resources Conference, Mar-12-2014 through Mar-13-2014"
2014-02-27,51,"BHP Billiton plc Presents at Citigroup Global Resources Conference, Mar-12-2014 through Mar-13-2014"
2014-03-05,65,Glencore Xstrata Mulls Bid For BHP’s And Tinto's Assets
2014-03-10,65,Goldman Sachs To Sell BHP Billiton's Nickel West
2014-03-11,149,"The Australian Journal of Mining, Australian Journal of Mining Global Iron Ore and Steel Forecast Conference, Mar 12, 2014"
2014-03-11,1,BHP Billiton To Sell West African Assets
2014-03-11,51,"BHP Billiton Limited Presents at Australian Journal of Mining Global Iron Ore and Steel Forecast Conference, Mar-12-2014"
2014-03-12,65,BHP Poised To Sell Nickel West
2014-03-14,28,"BHP Billiton Limited Reports Earnings Results for the Quarter and Ended December 31, 2013"
2014-03-19,51,"BHP Billiton Limited Presents at 13th World Copper Conference, Apr-08-2014 12:35 PM"
2014-03-19,149,"CRU Group, 13th World Copper Conference, Apr 07, 2014 through Apr 09, 2014"
2014-04-01,1,BHP Seeks To Sell Stake In Non-Core Assets
2014-04-04,81,Aberdeen Asset Management PLC (LSE:ADN) acquired an additional 0.6% stake in BHP Group (ASX:BHP).
2014-04-04,81,Aberdeen Asset Management PLC (LSE:ADN) acquired an additional 0.6% stake in BHP Billiton plc (LSE:BLT).
2014-04-04,65,Vale Denies Interest In Acquisition Of Non-Core Assets Of BHP Billiton
2014-04-14,219,"BHP Billiton plc to Report Q3, 2014 Operating Results on Apr 16, 2014"
2014-04-14,219,"BHP Group to Report Fiscal Year 2014 Operating Results on Jul 23, 2014"
2014-04-14,219,"BHP Billiton plc to Report Q4, 2014 Operating Results on Jul 23, 2014"
2014-04-14,219,"BHP Group to Report Nine Months, 2014 Operating Results on Apr 16, 2014"
2014-04-15,16,"BHP Billiton Appoints Malcolm Brinded as an Independent Non-Executive Director, and Member of the Sustainability Committee"
2014-04-15,29,"BHP Billiton Limited Announces Production Results for the Quarter and Nine Months Ended March 31, 2014; Provides Production Guidance for the Full Year 2014"
2014-04-15,226,"BHP Billiton Limited Announces Production Results for the Quarter and Nine Months Ended March 31, 2014; Provides Production Guidance for the Full Year 2014"
2014-04-16,226,"BHP Billiton plc Reports Production Results for the Third Quarter and Nine Months Ended March 31, 2014; Provides Capital and Exploration Expenditure Guidance for the Year 2014"
2014-04-16,29,"BHP Billiton plc Reports Production Results for the Third Quarter and Nine Months Ended March 31, 2014; Provides Capital and Exploration Expenditure Guidance for the Year 2014"
2014-04-17,55,"BHP Billiton plc to Report Fiscal Year 2014 Results on Aug 19, 2014"
2014-04-17,55,"BHP Group to Report Fiscal Year 2014 Results on Aug 19, 2014"
2014-04-17,65,BHP Billiton May Reportedly Acquire Potash Corp.
2014-04-18,219,"BHP Group to Report Nine Months, 2015 Operating Results on Apr 22, 2015"
2014-04-18,219,"BHP Billiton plc to Report Q2, 2015 Operating Results on Jan 21, 2015"
2014-04-18,219,"BHP Group to Report First Half, 2015 Operating Results on Jan 21, 2015"
2014-04-18,219,"BHP Group to Report Fiscal Year 2015 Operating Results on Jul 22, 2015"
2014-04-18,219,"BHP Billiton plc to Report Q4, 2015 Operating Results on Jul 22, 2015"
2014-04-18,219,"BHP Group to Report Q1, 2015 Operating Results on Oct 22, 2014"
2014-04-18,219,"BHP Billiton plc to Report Q1, 2015 Operating Results on Oct 22, 2014"
2014-04-18,219,"BHP Billiton plc to Report Q3, 2015 Operating Results on Apr 22, 2015"
2014-04-21,44,BHP Billiton Train Drivers Give Up on Wage Hike
2014-04-22,16,"BHP Billiton Appoints Malcolm Brinded as Independent Non-Executive Director, and a Member of the Sustainability Committee, Effective April 22, 2014"
2014-04-28,65,Former Xstrata Boss Reportedly In Talks To Buy BHP Assets For $15 Billion
2014-04-28,65,X2 Resources To Reportedly Acquire BHP Billiton's Non-Core Assets
2014-05-07,65,BHP Billiton Reportedly Mulls Sale Of Queensland Portfolio
2014-05-09,65,Arcelormittal Is In Talks To Buy BHP Billiton Iron Ore Asset In Guinea
2014-05-14,63,BHP Billiton Reviewing Options For Nickel West Business
2014-05-15,65,Updates on Nickel West Sale
2014-05-27,21,BHP May Axe Dozens of Alumina Jobs
2014-06-03,3,BHP Billiton Seeks Acquisitions In Mexico
2014-06-04,21,BHP Billiton Ltd. to Slash 500 Jobs at Illawarra Coal Mines
2014-06-05,21,BHP Billiton Axes 100 Iron Ore Jobs
2014-06-09,21,"BHP Billiton Cuts Jobs at WA Iron Ore Operations, Including Mount Whaleback in Pilbara"
2014-06-10,21,BHP Billiton to Cut 170 Jobs from its Iron Ore Operations
2014-06-12,51,"BHP Billiton plc Presents at Macquarie Global Iron Ore Conference, Jun-27-2014 11:15 AM"
2014-06-12,149,"Macquarie Group Limited, Macquarie Global Iron Ore Conference, Jun 27, 2014"
2014-06-12,51,"BHP Group Presents at Macquarie Global Iron Ore Conference, Jun-27-2014 11:15 AM"
2014-06-24,21,"BHP Billiton Plans More Job Cuts, 3,000 Positions at Risk in Iron Division"
2014-06-26,62,"BHP Billiton Limited, Annual General Meeting, Nov 20, 2014"
2014-06-26,62,"BHP Group, Annual General Meeting, Oct 23, 2014"
2014-06-26,62,"BHP Billiton Limited, Annual General Meeting, Nov 20, 2014"
2014-06-26,62,"BHP Billiton Limited, Annual General Meeting, Nov 20, 2014"
2014-06-26,62,"BHP Billiton Limited, Annual General Meeting, Nov 20, 2014"
2014-06-26,62,"BHP Billiton plc, Annual General Meeting, Oct 23, 2014"
2014-06-27,81,Norges Bank sold 0.01% stake in BHP Group (ASX:BHP).
2014-06-27,81,Norges Bank sold 0.01% stake in BHP Billiton plc (LSE:BLT).
2014-07-02,149,"Bank of America Corporation, 29th Australian Investment Conference, NYC - 2014, Sep 11, 2014 through Sep 12, 2014"
2014-07-03,21,BHP Billiton to Cut 163 Coal Mining Jobs in NSW
2014-07-06,65,Six Bidders Reportedly Looking To Buy BHP'S Nickel West Unit
2014-07-15,1,BHP Considers The Sale Of Its Non Core Assets
2014-07-17,5,BHP Billiton Worsley To Reportedly Launch An IPO
2014-07-23,65,BHP And Anglo American To Sell Manganese Assets
2014-07-23,226,"BHP Billiton plc Announces Production Results for the Fourth Quarter and Year Ended June 30, 2014; Provides Production Guidance for the Financial Year 2015"
2014-07-23,29,"BHP Billiton plc Announces Production Results for the Fourth Quarter and Year Ended June 30, 2014; Provides Production Guidance for the Financial Year 2015"
2014-07-24,65,BHP And Anglo Reportedly In Talks To Sell Its Manganese Assets
2014-08-07,65,BHP Billiton May Reportedly Not Sell Nickel West
2014-08-15,1,BHP Billiton Seeks To Spin-Off Unwanted Assets
2014-08-18,48,"BHP Billiton Limited, 2014 Earnings Call, Aug 19, 2014"
2014-08-19,137,"The Board of Directors of BHP Group (ASX:BHP) announced the spin-off of certain aluminium, coal, manganese, nickel and silver assets."
2014-08-19,137,"The Board of Directors of BHP Group (ASX:BHP) announced the spin-off of certain aluminium, coal, manganese, nickel and silver assets."
2014-08-19,137,"The Board of Directors of BHP Billiton Group announced the spin-off of certain aluminium, coal, manganese, nickel and silver assets."
2014-08-19,5,BHP Billiton To List Assets
2014-08-19,65,BHP Billiton Seeking to Sell its Nickel West Division In Australia
2014-08-19,16,BHP Billiton plc Announces Senior Executive Changes
2014-08-19,16,"BHP Billiton Announces Executive Changes, Effective 1 October 2014"
2014-08-19,48,"BHP Billiton plc, 2014 Earnings Call, Aug 19, 2014"
2014-08-19,137,"The Board of Directors of BHP Group (ASX:BHP) announced the spin-off of certain aluminium, coal, manganese, nickel and silver assets."
2014-08-19,137,"The Board of Directors of BHP Group (ASX:BHP) announced the spin-off of certain aluminium, coal, manganese, nickel and silver assets."
2014-08-19,137,"The Board of Directors of BHP Billiton Group announced the spin-off of certain aluminium, coal, manganese, nickel and silver assets."
2014-08-19,48,"BHP Group, 2014 Earnings Call, Aug 19, 2014"
2014-08-19,28,"BHP Billiton Limited Reports Unaudited Consolidated Earnings Results for the Year Ended June 30, 2014; Provides CapEx Guidance for the Year 2015"
2014-08-19,28,"BHP Billiton plc Reports Unaudited Consolidated Earnings Results for the Year Ended June 30, 2014; Provides Earnings Guidance for the Fiscal Year 2015"
2014-08-19,31,BHP Billiton plc Announces Creation of a New Global Metals and Mining Company
2014-08-19,231,"Tranche Update on BHP Billiton plc (LSE:BLT)'s Equity Buyback Plan announced on November 21, 2013."
2014-08-19,102,BHP Billiton plc Announces Senior Executive Changes
2014-08-19,102,"BHP Billiton Announces Executive Changes, Effective 1 October 2014"
2014-08-19,29,"BHP Billiton Limited Reports Unaudited Consolidated Earnings Results for the Year Ended June 30, 2014; Provides CapEx Guidance for the Year 2015"
2014-08-19,29,"BHP Billiton plc Reports Unaudited Consolidated Earnings Results for the Year Ended June 30, 2014; Provides Earnings Guidance for the Fiscal Year 2015"
2014-08-20,65,BHP Billiton's Assets Up For Sale
2014-08-25,80,Cavalla Resources Ltd agreed to acquire Liberian Iron Ore Interests from BHP Billiton Limited (ASX:BHP).
2014-08-26,65,BHP Billiton In Talks With Jinchuan Group And Glencore For Sale Of Nickel West
2014-08-28,51,"BHP Billiton Limited Presents at 30th International Ferro-Alloys Conference, Nov-10-2014 04:15 PM"
2014-08-28,149,"Metal Bulletin Ltd., 30th International Ferro-Alloys Conference, Nov 09, 2014 through Nov 11, 2014"
2014-09-02,51,"BHP Billiton Limited Presents at 29th Australian Investment Conference, NYC - 2014, Sep-11-2014 03:00 PM"
2014-09-05,65,BHP Billiton To Sell NPA
2014-09-06,149,"Hart Energy Publishing LP, 5th annual DUG Eagle Ford Conference, Sep 15, 2014 through Sep 17, 2014"
2014-09-12,51,"BHP Billiton Presents at 5th annual DUG Eagle Ford Conference, Sep-16-2014 04:45 PM"
2014-09-17,21,BHP Billiton Cuts 35 Iron Ore Jobs in Port Hedland
2014-09-23,21,BHP Billiton to Cut 700 Jobs in Australia
2014-09-24,5,BHP Billiton To List New Company In London
2014-09-24,50,BHP Billiton Limited - Shareholder/Analyst Call
2014-09-24,5,BLT Considers London Listing For New Company
2014-09-25,16,David Crawford to Retire from the Board of Bhp Billiton Limited and Bhp Billiton plc in November
2014-09-25,55,"BHP Billiton plc to Report First Half, 2015 Results on Feb 24, 2015"
2014-09-25,55,"BHP Group to Report First Half, 2015 Results on Feb 24, 2015"
2014-09-25,55,"BHP Billiton Limited to Report First Half, 2015 Results on Feb 24, 2015"
2014-09-27,22,BHP Billiton and Pemex Sign Agreement to Exchange Deepwater Expertise
2014-10-01,194,BHP Billiton Limited - Special Calls
2014-10-03,23,Poseidon Nickel Signs a Conditional Offtake Agreement with BHP Billiton’S Nickel West Division to Supply Ore from its Windarra Operation
2014-10-05,50,BHP Billiton Limited - Shareholder/Analyst Call
2014-10-06,31,BHP Billiton Plans to Increase Capacity
2014-10-09,149,"Daiwa Securities Co., Ltd., the 9th Annual Daiwa Investment Conference 2015, Mar 02, 2015 through Mar 06, 2015"
2014-10-09,149,"Daiwa Securities Co., Ltd., the 9th Annual Daiwa Investment Conference 2015, Mar 02, 2015 through Mar 06, 2015"
2014-10-09,149,"Daiwa Securities Co., Ltd., the 9th Annual Daiwa Investment Conference 2015, Mar 02, 2015 through Mar 06, 2015"
2014-10-09,149,"Daiwa Securities Co., Ltd., the 9th Annual Daiwa Investment Conference 2015, Mar 02, 2015 through Mar 06, 2015"
2014-10-12,102,BHP Billiton plc Announces Senior Executive Changes
2014-10-22,226,"BHP Billiton Limited Reports Production Results for the First Quarter Ended September 30, 2014"
2014-10-22,226,"BHP Billiton plc Reports Production Results for the First Quarter Ended September 30, 2014"
2014-10-23,234,"BHP Group's Equity Buyback announced on November 21, 2013 has expired."
2014-10-23,234,"BHP Billiton plc’s Equity Buyback announced on November 21, 2013 has expired."
2014-10-23,234,"BHP Group's Equity Buyback announced on November 21, 2013 has expired."
2014-10-23,234,"BHP Billiton plc’s Equity Buyback announced on November 21, 2013 has expired."
2014-10-23,50,BHP Group - Shareholder/Analyst Call
2014-10-23,50,BHP Billiton plc - Shareholder/Analyst Call
2014-10-27,192,BHP Billiton plc - Analyst/Investor Day
2014-10-27,192,BHP Group - Analyst/Investor Day
2014-10-27,1,BHP Eyes US Shale Gas Sale
2014-10-28,192,"BHP Billiton Limited, Analyst/Investor Day, Oct 27, 2014"
2014-10-31,31,BHP Looks at Options to Expand Olympic Dam
2014-11-04,21,BHP to Cut 150 Jobs at Mount Arthur Coal Mine
2014-11-05,21,"BHP Billiton Ltd. Announces another Round of Layoffs at the Mt. Arthur Thermal Coal Mine in New South Wales, Australia"
2014-11-13,80,Anglo American plc (LSE:AAL) agreed to acquire 50% stake in Samancor Holdings Proprietary Limited from BHP Billiton Group.
2014-11-13,80,Anglo American plc (LSE:AAL) agreed to acquire 50% stake in Samancor Holdings Proprietary Limited from BHP Group (ASX:BHP).
2014-11-13,21,BHP Billiton to Cut 90 Jobs from Nickel West
2014-11-20,16,BHP Billiton Limited and BHP Billiton plc Approves Election of Ian Dunlop as Director
2014-11-20,81,"J-W Operating Company, Inc. acquired Oil and Gas Properties in Northern Louisiana from BHP Billiton Limited (ASX:BHP) for approximately $140 million."
2014-11-20,50,BHP Group - Shareholder/Analyst Call
2014-11-20,50,BHP Billiton plc - Shareholder/Analyst Call
2014-11-21,16,BHP Billiton plc and BHP Billiton Limited Announces Retirement of David Crawford as Independent Non-Executive Director
2014-11-23,16,BHP Billiton Appoints Ricus Grimbeek as President and COO Elect Australia
2014-11-23,16,"BHP Billiton Limited Announces Executive Changes, Effective from January 1, 2015"
2014-11-24,52,"Isizinda Aluminium, Hulamin Limited, BHP Billiton - M&A Call"
2014-11-24,16,BHP Billiton plc Announces Executive Appointments
2014-11-24,29,BHP Billiton plc Revises Capital and Exploration Expenditure Guidance for the Fiscal Year of 2015; Provides Capital Expenditure Guidance for the Financial Year of 2016
2014-11-24,16,BHP Billiton Announces Executive Changes
2014-11-24,80,Isizinda Aluminium agreed to acquire casthouse at the Bayside smelter from BHP Billiton Limited (ASX:BHP).
2014-11-24,65,BHP Billiton Won’t Sell More Spin-Off Assets
2014-12-04,55,"BHP Billiton Limited to Report Fiscal Year 2015 Results on Aug 25, 2015"
2014-12-04,55,"BHP Group to Report Fiscal Year 2015 Results on Aug 25, 2015"
2014-12-04,55,"BHP Billiton plc to Report Fiscal Year 2015 Results on Aug 25, 2015"
2014-12-04,81,Anglo American plc (LSE:AAL) completed the acquisition of 50% stake in Samancor Holdings Proprietary Limited from BHP Billiton Group.
2014-12-04,81,Anglo American plc (LSE:AAL) completed the acquisition of 50% stake in Samancor Holdings Proprietary Limited from BHP Group (ASX:BHP).
2014-12-04,219,"BHP Billiton Limited to Report Fiscal Year 2015 Operating Results on Jul 22, 2015"
2014-12-04,219,"BHP Billiton Limited to Report Q3, 2015 Operating Results on Apr 22, 2015"
2014-12-04,219,"BHP Billiton Limited to Report December,2014 Operating Results on Jan 21, 2015"
2014-12-08,1,BHP Billiton To Spin Off South32
2014-12-12,16,BHP Billiton Limited Announces Board Changes
2014-12-12,16,BHP Billiton Limited and BHP Billiton plc Announce Management Changes
2014-12-12,16,BHP Billiton Limited Announces Executive Changes
2014-12-12,16,BHP Billiton Limited Announces Executive Changes
2014-12-12,16,BHP Billiton Limited Announces Board Changes
2015-01-08,149,"Barclays Capital PLC, Barclays Select Series 2015 Metals & Materials Cross Asset Forum, Mar 23, 2015 through Mar 24, 2015"
2015-01-08,149,"Barclays Capital PLC, Barclays Select Series 2015 Metals & Materials Cross Asset Forum, Mar 23, 2015 through Mar 24, 2015"
2015-01-20,226,"BHP Billiton Limited Reports Production Results for the Quarter and Half Year Ended December 31, 2014; Retains Production Guidance for the Financial Year 2015"
2015-01-20,16,BHP Billiton Limited Announces Executive Changes
2015-01-20,29,"BHP Billiton Limited Reports Production Results for the Quarter and Half Year Ended December 31, 2014; Retains Production Guidance for the Financial Year 2015"
2015-01-21,29,"BHP Billiton Announces Operating Results for the Half Year Ended December 31, 2014; Provides Operating Guidance for the Year of 2015"
2015-01-21,226,"BHP Billiton Announces Operating Results for the Half Year Ended December 31, 2014; Provides Operating Guidance for the Year of 2015"
2015-01-21,21,"BHP Billiton Cuts Oil Rigs in US, Plans to Lay Off 7,000 Workers"
2015-01-30,21,BHP Billiton Sheds Olympic Dam Jobs
2015-01-30,149,"Nomura Securities International, Inc., Nomura European Responsible Investing Conference, May 21, 2015"
2015-02-13,224,BHP Billiton Announces Stoppage of Copper Production at Olympic Dam Mill for Six Months
2015-02-13,224,BHP Billiton Announces Stoppage of Copper Production at Olympic Dam Mill for Six Months
2015-02-13,224,BHP Billiton Announces Stoppage of Copper Production at Olympic Dam Mill for Six Months
2015-02-13,224,BHP Billiton Announces Stoppage of Copper Production at Olympic Dam Mill for Six Months
2015-02-16,80,Tri- Resources Investment Inc. signed an agreement to acquire BHP Petroleum (Pakistan) Pty Ltd. from BHP Group (ASX:BHP).
2015-02-16,80,Tri- Resources Investment Inc. signed an agreement to acquire BHP Petroleum (Pakistan) Pty Ltd. from BHP Billiton Group.
2015-02-16,65,BHP Billiton To Sell Algerian Assets
2015-02-17,16,BHP Billiton Announces Board Appointments
2015-02-19,21,BHP Billiton Cuts 50 Jobs at its Nickel West Division
2015-02-24,28,"BHP Billiton Limited Reports Unaudited Consolidated Earnings and Production Results for the Half Year Ended December 31, 2014; Provides Capital Expenditure and Production Guidance for the Year 2015"
2015-02-24,226,"BHP Billiton Limited Reports Unaudited Consolidated Earnings and Production Results for the Half Year Ended December 31, 2014; Provides Capital Expenditure and Production Guidance for the Year 2015"
2015-02-24,29,"BHP Billiton Limited Reports Unaudited Consolidated Earnings and Production Results for the Half Year Ended December 31, 2014; Provides Capital Expenditure and Production Guidance for the Year 2015"
2015-02-24,48,"BHP Group, H1 2015 Earnings Call, Feb 24, 2015"
2015-02-24,48,"BHP Billiton Limited, BHP Billiton plc, H1 2015 Earnings Call, Feb 24, 2015"
2015-02-24,48,"BHP Group, H1 2015 Earnings Call, Feb 24, 2015"
2015-02-24,48,"BHP Billiton Limited, BHP Billiton plc, H1 2015 Earnings Call, Feb 24, 2015"
2015-02-24,149,"Macquarie Group Limited, Macquarie's Triple M: Global Metals, Mining & Materials Conference 2015, Jun 10, 2015 through Jun 11, 2015"
2015-02-24,29,"BHP Billiton Group Announces Group Financial Results for the Six Months Ended December 31, 2014; Provides Capital and Exploration Expenditure Guidance for the Year of 2015 and 2016"
2015-02-24,28,"BHP Billiton Group Announces Group Financial Results for the Six Months Ended December 31, 2014; Provides Capital and Exploration Expenditure Guidance for the Year of 2015 and 2016"
2015-02-25,1,BHP Billiton Drops US Shale Asset Sale
2015-02-27,51,"BHP Billiton Limited Presents at The 9th Annual Daiwa Investment Conference 2015, Mar-02-2015"
2015-02-27,51,"BHP Billiton Limited Presents at The 9th Annual Daiwa Investment Conference 2015, Mar-02-2015"
2015-02-27,51,"BHP Billiton Limited Presents at The 9th Annual Daiwa Investment Conference 2015, Mar-02-2015"
2015-02-27,51,"BHP Billiton Limited Presents at The 9th Annual Daiwa Investment Conference 2015, Mar-02-2015"
2015-03-02,149,"Barclays Capital PLC, Barclays CEO Energy-Power Conference 2015, Sep 08, 2015 through Sep 10, 2015"
2015-03-05,51,"BHP Billiton Presents at Nomura European Responsible Investing Conference, May-21-2015"
2015-03-10,65,X2 Resources Reportedly Mulls Acquisition From Mining Firms
2015-03-16,62,"BHP Billiton Limited, Special/Extraordinary Shareholders Meeting, May 06, 2015"
2015-03-16,50,BHP Billiton Limited - Shareholder/Analyst Call
2015-03-16,62,"BHP Billiton Limited, Annual General Meeting, May 06, 2015"
2015-03-16,97,"BHP Billiton Limited, Annual General Meeting, May 06, 2015"
2015-03-16,97,"BHP Billiton Limited, Special/Extraordinary Shareholders Meeting, May 06, 2015"
2015-03-16,194,BHP Billiton Limited - Special Call
2015-03-17,97,"BHP Group, Special/Extraordinary Shareholders Meeting, May 06, 2015"
2015-03-17,97,"BHP Billiton plc, Special/Extraordinary Shareholders Meeting, May 06, 2015"
2015-03-20,51,"BHP Billiton plc Presents at Barclays Select Series 2015 Metals & Materials Cross Asset Forum, Mar-23-2015"
2015-03-20,51,"BHP Group Presents at Barclays Select Series 2015 Metals & Materials Cross Asset Forum, Mar-23-2015"
2015-03-24,16,BHP Billiton Announces Appointment of Dale Calhoun as Chief People Officer
2015-04-07,16,BHP Billiton Appoints Non-Executive Directors to the Board of Metals and Mining Spinoff South32
2015-04-22,226,BHP Billiton Limited Reports Production Results for the Quarter and Nine Months Ended March 2015; Provides Production Guidance for the Full Year 2015
2015-04-22,42,BHP Billiton plc Prices EUR 2.0 Billion Bond
2015-04-22,29,"BHP Billiton plc Reports Production Results for the Third Quarter and Nine Months Ended March 31, 2015; Revises Production Guidance for the Year of 2015"
2015-04-22,29,BHP Billiton Limited Reports Production Results for the Quarter and Nine Months Ended March 2015; Provides Production Guidance for the Full Year 2015
2015-04-22,226,"BHP Billiton plc Reports Production Results for the Third Quarter and Nine Months Ended March 31, 2015; Revises Production Guidance for the Year of 2015"
2015-04-29,149,"Macquarie Group Limited, Macquarie Australia & New Zealand Corporate Day - Singapore, Sep 03, 2015"
2015-05-01,16,BHP Billiton Limited and BHP Billiton plc Announces Executive Changes
2015-05-06,3,South32 Mulls Acquisitions
2015-05-06,50,BHP Group - Shareholder/Analyst Call
2015-05-06,50,BHP Billiton plc - Shareholder/Analyst Call
2015-05-06,3,BHP Billiton Eyes Acquisitions
2015-05-08,3,BHP Mulls Acquisitions
2015-05-10,16,BHP Billiton Limited and South32 Ltd. Announces Board Changes
2015-05-16,51,"BHP Billiton Limited Presents at Macquarie's Triple M: Global Metals, Mining & Materials Conference 2015, Jun-10-2015"
2015-05-18,137,BHP Group (ASX:BHP) completed the Spin-Off of South32 Limited for AUD 11.3 billion.
2015-05-18,137,BHP Billiton Group completed the Spin-Off of South32 Limited for AUD 11.3 billion.
2015-05-18,137,BHP Group (ASX:BHP) completed the Spin-Off of South32 Limited for AUD 11.3 billion.
2015-05-18,137,BHP Group (ASX:BHP) completed the Spin-Off of South32 Limited for AUD 11.3 billion.
2015-05-18,137,BHP Billiton Group completed the Spin-Off of South32 Limited for AUD 11.3 billion.
2015-05-18,3,BHP Mulls Acquisitions
2015-05-18,137,BHP Group (ASX:BHP) completed the Spin-Off of South32 Limited for AUD 11.3 billion.
2015-05-20,24,The Securities and Exchange Commission Charges BHP Billiton with Violating the Foreign Corrupt Practices Act
2015-05-22,16,Keith Rumble to Retire as Independent Non-Executive Director of BHP Billiton Limited and BHP Billiton
2015-06-19,65,"BHP, Teck Resources Reportedly Among Suitors For Zaldivar Mine"
2015-06-19,65,BHP Billiton Reportedly Contender For Zaldivar
2015-06-23,3,BHP Billiton Mulls Acquisitions
2015-06-25,21,BHP Billiton Cuts 140 Jobs
2015-06-26,28,BHP Billiton Announces Earnings Results for the First Quarter Ended March 2015
2015-06-30,16,"BHP Billiton plc Announces Potash, Petroleum Heads"
2015-07-01,81,Isizinda Aluminium completed the acquisition of casthouse at the Bayside smelter from BHP Billiton Limited (ASX:BHP).
2015-07-03,21,BHP Billiton Announces Lay Offs of 30 Mine Workers at Mount Arthur Coal Mine in the Hunter Valley
2015-07-06,65,China Molybdenum In Race To Zaldivar
2015-07-07,16,BHP Billiton Ltd. Announces Executive Changes
2015-07-08,65,Final Bids Obtained For Zaldivar Copper Mine
2015-07-14,16,Sir John Buchanan Senior Independent Director of BHP Billiton Plc Passes Away
2015-07-15,3,BHP Mulls Acquisitions
2015-07-15,31,BHP Billiton Plans to Invest USD 1.5 Billion in the Onshore US in the 2016 Financial Year
2015-07-16,65,Barrick Reportedly Poised to Sell More Gold Mines
2015-07-17,16,BHP Billiton Limited Ceases John Buchanan to be an Independent Non-Executive Director
2015-07-21,28,BHP Billiton Announces Earnings Results for the Full Year of 2015
2015-07-21,29,"BHP Billiton Announces Production Results for the Fourth Quarter and Year Ended June 30, 2015; Provides Production Guidance for the Year 2016"
2015-07-21,226,"BHP Billiton Announces Production Results for the Fourth Quarter and Year Ended June 30, 2015; Provides Production Guidance for the Year 2016"
2015-07-22,219,"BHP Billiton Limited to Report Q1, 2016 Operating Results on Oct 21, 2015"
2015-07-22,219,"BHP Billiton Limited to Report Q2, 2016 Operating Results on Jan 20, 2016"
2015-07-22,43,"BHP Billiton Limited Restates Unaudited Consolidated Earnings Results for the Year Ended June 30, 2014, the Year Ended June 30, 2013 and Half Year Ended December 31, 2014"
2015-07-24,31,BHP Billiton Submits the Environmental Impact Study with Chile's Environmental Evaluation Service to Extend the Life of its Spence Mine in Northern Antofagasta Region (II)
2015-07-24,41,BHP Billiton Submits Environmental Impact Study with Chile's Environmental Evaluation Service to Extend the Life of its Spence Mine
2015-07-28,21,BHP Billiton Plans to Cut More Than Third of its Workforce at its Melbourne Head Office
2015-08-09,21,BHP Billiton Announces About 380 Job Losses as Olympic Dam Operations Are Reviewed in South Australia
2015-08-12,62,"BHP Billiton Limited, Annual General Meeting, Nov 19, 2015"
2015-08-12,62,"BHP Group, Annual General Meeting, Oct 22, 2015"
2015-08-12,51,"BHP Billiton Limited Presents at Barclays CEO Energy-Power Conference 2015, Sep-09-2015 07:40 AM"
2015-08-12,62,"BHP Billiton plc, Annual General Meeting, Oct 22, 2015"
2015-08-14,16,BHP Billiton Announces Board Changes
2015-08-14,16,BHP Billiton Announces Executive Changes
2015-08-14,16,"BHP Billiton Plc Appoints Anita Frew as Non-Executive Director, Effective September 15, 2015"
2015-08-14,16,BHP Billiton Announces Executive Changes
2015-08-14,16,BHP Billiton Announces Board Changes
2015-08-24,28,"BHP Billiton plc Reports Consolidated Earnings Results for the Year Ended June 30, 2015"
2015-08-24,28,"BHP Billiton plc Reports Consolidated Earnings Results for the Year Ended June 30, 2015"
2015-08-25,48,"BHP Group, 2015 Earnings Call, Aug 25, 2015"
2015-08-25,48,"BHP Group, 2015 Earnings Call, Aug 25, 2015"
2015-08-25,48,"BHP Billiton Limited, BHP Billiton plc, 2015 Earnings Call, Aug 25, 2015"
2015-08-25,28,"BHP Billiton Limited Announces Unaudited Consolidated Earnings Results for the Year Ended June 30, 2015; Provides Earnings Guidance for the Financial Year 2016 and Capital Expenditure Guidance for the Year 2017"
2015-08-25,28,BHP Billiton Limited Provides Earnings Guidance for the Financial Year 2016 and Capital Expenditure Guidance for the Year 2017
2015-08-25,29,"BHP Billiton Limited Announces Unaudited Consolidated Earnings Results for the Year Ended June 30, 2015; Provides Earnings Guidance for the Financial Year 2016 and Capital Expenditure Guidance for the Year 2017"
2015-08-25,29,BHP Billiton Limited Provides Earnings Guidance for the Financial Year 2016 and Capital Expenditure Guidance for the Year 2017
2015-08-25,29,"BHP Billiton Limited Announces Unaudited Consolidated Earnings Results for the Year Ended June 30, 2015; Provides Earnings Guidance for the Financial Year 2016 and Capital Expenditure Guidance for the Year 2017"
2015-08-25,29,BHP Billiton Limited Provides Earnings Guidance for the Financial Year 2016 and Capital Expenditure Guidance for the Year 2017
2015-08-25,48,"BHP Billiton Limited, BHP Billiton plc, 2015 Earnings Call, Aug 25, 2015"
2015-08-26,3,BHP Billiton Seeks Acquisitions
2015-08-28,51,"BHP Billiton Limited Presents at Australia and New Zealand Corporate Day - Hong Kong, Sep-01-2015"
2015-08-28,51,"BHP Billiton Limited Presents at Macquarie Australia & New Zealand Corporate Day - Singapore, Sep-03-2015"
2015-08-28,149,"Macquarie Group Limited, Australia and New Zealand Corporate Day - Hong Kong, Sep 01, 2015 through Sep 02, 2015"
2015-09-11,219,"BHP Billiton plc to Report Q1, 2016 Operating Results on Oct 21, 2015"
2015-09-11,219,"BHP Group to Report Q1, 2016 Operating Results on Oct 21, 2015"
2015-09-21,16,BHP Billiton plc and BHP Billiton Limited Appoint Anita Frew as Director
2015-09-22,50,BHP Billiton Limited - Shareholder/Analyst Call
2015-09-23,149,"The Oil Council, 2015 North America Assembly and Dinner, Oct 06, 2015"
2015-09-23,77,BHP Billiton plc Proposes Amendments to Articles of Association
2015-09-23,51,"BHP Billiton Limited Presents at 2015 North America Assembly and Dinner, Oct-06-2015 09:25 AM"
2015-09-25,21,BHP Billiton Announces Triennial Shutdown of the Kalgoorlie Nickel Smelter
2015-09-28,80,"Green Mountain Inc. entered into a nonbinding letter of intent to acquire Odyssey Resources Ltd. (TSXV:ODX.H) from Dundee Resources Limited, Nassau Capital Management Partners Inc. and other shareholders in a reverse merger transaction."
2015-09-28,80,"Green Mountain Inc. entered into a nonbinding letter of intent to acquire Odyssey Resources Ltd. (TSXV:ODX.H) from Dundee Resources Limited, Nassau Capital Management Partners Inc. and other shareholders in a reverse merger transaction."
2015-09-28,80,"Green Mountain Inc. entered into a nonbinding letter of intent to acquire Odyssey Resources Ltd. (TSXV:ODX.H) from Dundee Resources Limited, Nassau Capital Management Partners Inc. and other shareholders in a reverse merger transaction."
2015-09-28,80,"Green Mountain Inc. entered into a nonbinding letter of intent to acquire Odyssey Resources Ltd. (TSXV:ODX.H) from Dundee Resources Limited, Nassau Capital Management Partners Inc. and other shareholders in a reverse merger transaction."
2015-09-28,80,"Green Mountain Inc. entered into a nonbinding letter of intent to acquire Odyssey Resources Ltd. (TSXV:ODX.H) from Dundee Resources Limited, Nassau Capital Management Partners Inc. and other shareholders in a reverse merger transaction."
2015-09-28,80,"Green Mountain Inc. entered into a nonbinding letter of intent to acquire Odyssey Resources Ltd. (TSXV:ODX.H) from Dundee Resources Limited, Nassau Capital Management Partners Inc. and other shareholders in a reverse merger transaction."
2015-09-28,80,"Green Mountain Inc. entered into a nonbinding letter of intent to acquire Odyssey Resources Ltd. (TSXV:ODX.H) from Dundee Resources Limited, Nassau Capital Management Partners Inc. and other shareholders in a reverse merger transaction."
2015-09-28,80,"Green Mountain Inc. entered into a nonbinding letter of intent to acquire Odyssey Resources Ltd. (TSXV:ODX.H) from Dundee Resources Limited, Nassau Capital Management Partners Inc. and other shareholders in a reverse merger transaction."
2015-09-28,80,"Green Mountain Inc. entered into a nonbinding letter of intent to acquire Odyssey Resources Ltd. (TSXV:ODX.H) from Dundee Resources Limited, Nassau Capital Management Partners Inc. and other shareholders in a reverse merger transaction."
2015-10-01,194,BHP Billiton Limited - Special Calls
2015-10-21,50,BHP Billiton plc - Shareholder/Analyst Call
2015-10-21,50,BHP Group - Shareholder/Analyst Call
2015-10-21,226,"BHP Billiton Limited Reports Production Results for the Third Quarter Ended September 30, 2015"
2015-10-21,226,"BHP Billiton plc Reports Production Results for the First Quarter Ended September 30, 2015; Provides Production and Capital Expenditure Guidance for the Fiscal Year 2016"
2015-10-21,29,"BHP Billiton plc Reports Production Results for the First Quarter Ended September 30, 2015; Provides Production and Capital Expenditure Guidance for the Fiscal Year 2016"
2015-10-21,81,BHP Billiton Limited (ASX:BHP) acquired Beagle Sub-Basin in Western Australia.
2015-10-29,22,"GE and BHP Billiton Announce Global Partnership to Improve Efficiency, Reduce Emissions in Mining Sector"
2015-10-30,81,"Cavalla Resources Ltd completed the acquisition of Liberian Iron Ore Interests from BHP Billiton Limited (ASX:BHP) on October 30, 2015."
2015-11-02,65,BHP Billiton Limited May Consider Acquiring Woodside Petroleum Ltd.
2015-11-17,50,BHP Billiton plc - Shareholder/Analyst Call
2015-11-17,50,BHP Group - Shareholder/Analyst Call
2015-11-19,77,BHP Billiton Limited Approves Amendments to Articles of Association
2015-11-19,16,BHP Billiton plc and BHP Billiton Limited Announce the Retirement of Carlos Cordeiro as Independent Non-Executive Director
2015-11-20,149,"Daiwa Securities Co., Ltd., 10th Annual Daiwa Investment Conference 2016, Feb 29, 2016 through Mar 04, 2016"
2015-11-29,25,Brazil Sues BHP Billiton and Vale for Mega Toxic Spill 13 Dead
2015-11-30,55,"BHP Billiton Limited to Report First Half, 2016 Results on Feb 23, 2016"
2015-11-30,55,"BHP Billiton plc to Report First Half, 2016 Results on Feb 23, 2016"
2015-11-30,55,"BHP Group to Report First Half, 2016 Results on Feb 23, 2016"
2015-12-01,194,BHP Group - Special Call
2015-12-01,194,BHP Billiton plc - Special Call
2015-12-02,194,BHP Billiton Limited - Special Calls
2015-12-04,21,BHP Billiton Plans to Cut 76 Jobs from Canada Potash Operations
2015-12-07,21,BHP Billiton plc to Cut 70 Jobs in Saskatoon’S Potash Business Due to Weak Prices
2015-12-10,149,"Citigroup Inc., Citi Global Resources Conference 2016, Mar 09, 2016 through Mar 10, 2016"
2015-12-10,149,"Citigroup Inc., Citi Global Resources Conference 2016, Mar 09, 2016 through Mar 10, 2016"
2015-12-11,149,"Barclays Capital PLC, Barclays Global Cross-Asset Class Materials Conference 2016, Mar 29, 2016 through Mar 31, 2016"
2015-12-11,149,"Barclays Capital PLC, Barclays Global Cross-Asset Class Materials Conference 2016, Mar 29, 2016 through Mar 31, 2016"
2015-12-21,3,BHP Billiton Eyes Acquisitions
2015-12-22,16,"BHP Billiton Appoints Flávio Bulcão as Country Director, Brazil"
2015-12-31,81,Tri- Resources Investment Inc. completed the acquisition of BHP Petroleum (Pakistan) Pty Ltd. from BHP Group (ASX:BHP).
2015-12-31,81,Tri- Resources Investment Inc. completed the acquisition of BHP Petroleum (Pakistan) Pty Ltd. from BHP Billiton Group.
2016-01-06,51,"BHP Billiton Limited Presents at 10th Annual Daiwa Investment Conference 2016, Feb-29-2016"
2016-01-19,219,"BHP Group to Report Nine Months, 2016 Operating Results on Apr 20, 2016"
2016-01-19,55,"BHP Group to Report Fiscal Year 2016 Results on Aug 16, 2016"
2016-01-19,55,"BHP Billiton Limited to Report Fiscal Year 2016 Results on Aug 16, 2016"
2016-01-19,55,"BHP Group to Report Fiscal Year 2016 Results on Aug 16, 2016"
2016-01-19,55,"BHP Billiton Limited to Report Fiscal Year 2016 Results on Aug 16, 2016"
2016-01-19,219,"BHP Billiton Limited to Report March,2016 Operating Results on Apr 20, 2016"
2016-01-19,219,"BHP Billiton Limited to Report Q4, 2016 Operating Results on Jul 20, 2016"
2016-01-19,219,"BHP Billiton plc to Report Q3, 2016 Operating Results on Apr 20, 2016"
2016-01-19,219,"BHP Billiton plc to Report Q4, 2016 Operating Results on Jul 20, 2016"
2016-01-19,219,"BHP Group to Report Fiscal Year 2016 Operating Results on Jul 20, 2016"
2016-01-20,226,"BHP Billiton Announces Production Results for the Second Quarter and Half Year December 31, 2015; Provides Production and Capital Expenditure Guidance for the Full Year of 2016 and Earnings Guidance for the Half Year Ended December 2015"
2016-01-20,226,"BHP Billiton plc Announces Production Results for the Second Quarter and Six Months Ended December 31, 2015; Announces Capital Expenditures for the Six Months Ended December 31, 2015; Provides Capital Expenditures Guidance for the Full Year of Fiscal 2016"
2016-01-20,28,"BHP Billiton plc Announces Production Results for the Second Quarter and Six Months Ended December 31, 2015; Announces Capital Expenditures for the Six Months Ended December 31, 2015; Provides Capital Expenditures Guidance for the Full Year of Fiscal 2016"
2016-01-20,149,"Macquarie Group Limited, Macquarie Global Metals, Mining and Materials Conference, Jun 15, 2016 through Jun 16, 2016"
2016-01-20,29,"BHP Billiton Announces Production Results for the Second Quarter and Half Year December 31, 2015; Provides Production and Capital Expenditure Guidance for the Full Year of 2016 and Earnings Guidance for the Half Year Ended December 2015"
2016-01-20,29,"BHP Billiton plc Announces Production Results for the Second Quarter and Six Months Ended December 31, 2015; Announces Capital Expenditures for the Six Months Ended December 31, 2015; Provides Capital Expenditures Guidance for the Full Year of Fiscal 2016"
2016-01-28,22,Aston Bay Holdings and BHP Billiton Ltd. Sign Letter of Intent to Advance the Storm Copper Project
2016-02-09,22,BHP Billiton and SaskPower Establish Carbon Capture and Storage Knowledge Centre
2016-02-22,28,"BHP Billiton Limited Announces Consolidated Earnings Results for the Half Year Ended December 31, 2015; Provides Capital Expenditure Guidance for the Fiscal Year 2016 and 2017"
2016-02-22,29,"BHP Billiton Limited Announces Consolidated Earnings Results for the Half Year Ended December 31, 2015; Provides Capital Expenditure Guidance for the Fiscal Year 2016 and 2017"
2016-02-22,16,BHP Billiton Limited Announces Management Changes
2016-02-23,48,"BHP Billiton Limited, BHP Billiton plc, H1 2016 Earnings Call, Feb 23, 2016"
2016-02-23,16,"BHP Billiton plc Announces Executive Changes, Effective March 1, 2016"
2016-02-23,3,BHP Seeks Acquisitions
2016-02-23,48,"BHP Billiton Limited, BHP Billiton plc, H1 2016 Earnings Call, Feb 23, 2016"
2016-02-23,48,"BHP Group, H1 2016 Earnings Call, Feb 23, 2016"
2016-02-23,48,"BHP Group, H1 2016 Earnings Call, Feb 23, 2016"
2016-02-24,25,Robbins Geller Rudman & Dowd LLP Files Class Action Suit Against BHP Billiton Limited and BHP Billiton Plc
2016-02-29,51,"BHP Group Presents at Citi Global Resources Conference 2016, Mar-09-2016"
2016-02-29,51,"BHP Billiton plc Presents at Citi Global Resources Conference 2016, Mar-09-2016"
2016-03-02,65,Glencore Plans To Buy Anglo's Stake In Colombia Coal Mine
2016-03-08,21,BHP Billiton Slashes 290 Jobs from NSW Coal Mine
2016-03-09,3,Rio and BHP Seeks Acquisitions
2016-03-17,51,"BHP Group Presents at Barclays Global Cross-Asset Class Materials Conference 2016, Mar-29-2016"
2016-03-17,51,"BHP Billiton plc Presents at Barclays Global Cross-Asset Class Materials Conference 2016, Mar-29-2016"
2016-03-17,149,"Daiwa Securities Co., Ltd., the 11th Annual Daiwa Investment Conference Tokyo 2017, Feb 27, 2017 through Mar 03, 2017"
2016-03-25,51,"BHP Billiton Limited Presents at Macquarie Managing Climate Change Risks: Corporate Perspectives, Apr-06-2016"
2016-03-25,149,"Macquarie Group Limited, Macquarie Managing Climate Change Risks: Corporate Perspectives, Apr 06, 2016"
2016-03-28,25,"Glancy, Prongay & Murray Files Securities Class Action against Bhp Billiton Limited"
2016-04-07,219,"BHP Group to Report Q1, 2017 Operating Results on Oct 19, 2016"
2016-04-07,219,"BHP Billiton plc to Report Q1, 2017 Operating Results on Oct 19, 2016"
2016-04-07,219,"BHP Group to Report First Half, 2017 Operating Results on Jan 25, 2017"
2016-04-07,219,"BHP Billiton plc to Report First Half, 2017 Operating Results on Jan 25, 2017"
2016-04-07,219,"BHP Billiton Limited to Report Q1, 2017 Operating Results on Oct 19, 2016"
2016-04-07,55,"BHP Billiton Limited to Report First Half, 2017 Results on Feb 21, 2017"
2016-04-13,149,"UBS Investment Bank, UBS European Conference 2016, Nov 15, 2016 through Nov 16, 2016"
2016-04-13,65,Anglo American Reportedly Shortlisting Bidders For Moranbah Mine
2016-04-20,29,"BHP Billiton Limited Announces Production Results for the Third Quarter and Nine Month Ended March 31, 2016; Announces Capital Expenditure Results for Nine Months of Fiscal 2016; Provides Production and Capital Expenditure Guidance for the Fiscal 2016"
2016-04-20,226,"BHP Billiton Limited Announces Production Results for the Third Quarter and Nine Month Ended March 31, 2016; Announces Capital Expenditure Results for Nine Months of Fiscal 2016; Provides Production and Capital Expenditure Guidance for the Fiscal 2016"
2016-04-20,226,"BHP Billiton plc Reports Production Results for the Third Quarter and Nine Months Ended March 31, 2016; Revises Production Guidance for the Financial Year 2016"
2016-04-20,28,"BHP Billiton Limited Announces Production Results for the Third Quarter and Nine Month Ended March 31, 2016; Announces Capital Expenditure Results for Nine Months of Fiscal 2016; Provides Production and Capital Expenditure Guidance for the Fiscal 2016"
2016-04-20,29,"BHP Billiton plc Reports Production Results for the Third Quarter and Nine Months Ended March 31, 2016; Revises Production Guidance for the Financial Year 2016"
2016-04-20,1,BHP Billiton Seeks To Sell
2016-05-04,25,"Samarco, Vale and BHP Billiton Face $43 Billion Lawsuit for Samarco Dam Disaster in Brazil"
2016-05-11,81,"BHP Billiton Limited (ASX:BHP) acquired 102,000 and 41,000 hectares of land in Peru and South West."
2016-05-11,81,"BHP Billiton Limited (ASX:BHP) acquired 102,000 and 41,000 hectares of land in Peru and South West."
2016-05-11,81,"BHP Billiton Limited (ASX:BHP) acquired 102,000 and 41,000 hectares of land in Peru and South West."
2016-05-11,81,"BHP Billiton Limited (ASX:BHP) acquired 102,000 and 41,000 hectares of land in Peru and South West."
2016-05-11,81,"BHP Billiton Limited (ASX:BHP) acquired 102,000 and 41,000 hectares of land in Peru and South West."
2016-05-11,81,"BHP Billiton Limited (ASX:BHP) acquired 102,000 and 41,000 hectares of land in Peru and South West."
2016-05-11,81,"BHP Billiton Limited (ASX:BHP) acquired 102,000 and 41,000 hectares of land in Peru and South West."
2016-05-11,81,"BHP Billiton Limited (ASX:BHP) acquired 102,000 and 41,000 hectares of land in Peru and South West."
2016-05-11,81,"BHP Billiton Limited (ASX:BHP) acquired 102,000 and 41,000 hectares of land in Peru and South West."
2016-05-17,149,"Bank of America Corporation, Bank of America Merrill Lynch 31st Australian Investment Conference, New York 2016, Sep 08, 2016 through Sep 09, 2016"
2016-05-20,51,"BHP Billiton Limited Presents at Macquarie Global Metals, Mining and Materials Conference, Jun-15-2016"
2016-06-08,22,BHP Billiton and Peking University to Accelerate CCUS Research
2016-06-14,149,"Credit Suisse Group AG, 2016 Global Steel and Mining Conference, Sep 12, 2016 through Sep 13, 2016"
2016-06-15,1,"Exxon, BHP Considering Sale Of Australia Oil And Gas Assets"
2016-06-16,149,"Aspermont Limited, 3rd Annual International Mining and Resources Conference, Nov 07, 2016 through Nov 10, 2016"
2016-06-16,149,"Aspermont Limited, 3rd Annual International Mining and Resources Conference, Nov 07, 2016 through Nov 10, 2016"
2016-06-16,149,"Aspermont Limited, 3rd Annual International Mining and Resources Conference, Nov 07, 2016 through Nov 10, 2016"
2016-06-16,149,"Aspermont Limited, 3rd Annual International Mining and Resources Conference, Nov 07, 2016 through Nov 10, 2016"
2016-06-21,3,BHP Billiton Seeks Acquisitions
2016-07-01,62,"BHP Billiton Limited, Annual General Meeting, Nov 17, 2016"
2016-07-01,62,"BHP Billiton plc, Annual General Meeting, Oct 20, 2016"
2016-07-01,62,"BHP Group, Annual General Meeting, Oct 20, 2016"
2016-07-20,29,"BHP Billiton plc Reports Production Results for the Fourth Quarter and Year Ended June 30, 2016; Provides Production Guidance for the Financial Year 2017; Reports Capital Expenditure Results for the Full Year Ended June 30, 2016"
2016-07-20,29,"BHP Billiton plc Reports Production Results for the Fourth Quarter and Year Ended June 30, 2016; Provides Production Guidance for the Financial Year 2017"
2016-07-20,28,"BHP Billiton Announces Production Results for the Fourth Quarter and Year Ended June 30, 2016; Provides Production Guidance for the Year 2017; Reports Capital Expenditure Results for the Full Year Ended June 30, 2016"
2016-07-20,51,"BHP Billiton plc Presents at UBS European Conference 2016, Nov-15-2016"
2016-07-20,51,"BHP Group Presents at UBS European Conference 2016, Nov-15-2016"
2016-07-20,29,"BHP Billiton Announces Production Results for the Fourth Quarter and Year Ended June 30, 2016; Provides Production Guidance for the Year 2017; Reports Capital Expenditure Results for the Full Year Ended June 30, 2016"
2016-07-20,226,"BHP Billiton plc Reports Production Results for the Fourth Quarter and Year Ended June 30, 2016; Provides Production Guidance for the Financial Year 2017"
2016-07-20,226,"BHP Billiton Announces Production Results for the Fourth Quarter and Year Ended June 30, 2016; Provides Production Guidance for the Year 2017; Reports Capital Expenditure Results for the Full Year Ended June 30, 2016"
2016-07-20,226,"BHP Billiton plc Reports Production Results for the Fourth Quarter and Year Ended June 30, 2016; Provides Production Guidance for the Financial Year 2017; Reports Capital Expenditure Results for the Full Year Ended June 30, 2016"
2016-07-22,23,"BHP Billiton, Eni and Sonatrach Extend Production Sharing Contract for the Rhourde Ouled Djemma Unit in Algeria"
2016-07-24,51,"BHP Billiton Limited Presents at 2016 Global Steel and Mining Conference, Sep-12-2016"
2016-07-29,65,Anglo American May Sell Queensland's Mines To BHP
2016-08-09,16,"BHP Billiton Limited Appoints Ken Mackenzie as an Independent Non-Executive Director, Effective September 22, 2016"
2016-08-09,31,BHP Billiton Opens Hub in Shanghai
2016-08-10,16,"BHP Billiton plc Appoints Ken Mackenzie as Independent Non-Executive Director, Effective as of September 22, 2016"
2016-08-15,31,BHP Billiton to Cease Progression of Caroona Coal Project
2016-08-16,48,"BHP Group, 2016 Earnings Call, Aug 16, 2016"
2016-08-16,29,"BHP Billiton Limited Announces Unaudited Consolidated Earnings Results for the Year Ended June 30, 2016; Provides Capital Expenditure Guidance for the Financial Year 2017"
2016-08-16,48,"BHP Billiton Limited, BHP Billiton plc, 2016 Earnings Call, Aug 16, 2016"
2016-08-16,48,"BHP Group, 2016 Earnings Call, Aug 16, 2016"
2016-08-16,48,"BHP Billiton Limited, BHP Billiton plc, 2016 Earnings Call, Aug 16, 2016"
2016-08-16,1,Exxon Mobil and BHP Plnning To Sell Oil Fields
2016-08-16,28,"BHP Billiton Limited Announces Unaudited Consolidated Earnings Results for the Year Ended June 30, 2016; Provides Capital Expenditure Guidance for the Financial Year 2017"
2016-08-31,1,BHP Billiton Seeks A Buyer For Its Jansen Potash Project
2016-09-05,51,"BHP Billiton Limited Presents at Bank of America Merrill Lynch 31st Australian Investment Conference, New York 2016, Sep-08-2016 01:00 PM"
2016-09-05,80,Woodside Petroleum Ltd. (ASX:WPL) agreed to acquire 50% stake in Scarborough area assets for $400 million.
2016-09-05,80,Woodside Petroleum Ltd. (ASX:WPL) agreed to acquire 50% stake in Scarborough area assets for $400 million.
2016-09-06,149,"Paydirt Media Pty Ltd, Australian Nickel Conference 2016, Oct 20, 2016"
2016-09-20,50,BHP Billiton Limited - Shareholder/Analyst Call
2016-09-20,16,"BHP Billiton Announces Board Changes, Effective September 22, 2016"
2016-09-21,55,"BHP Billiton plc to Report First Half, 2017 Results on Feb 21, 2017"
2016-09-21,55,"BHP Group to Report First Half, 2017 Results on Feb 21, 2017"
2016-09-21,50,BHP Billiton plc - Shareholder/Analyst Call
2016-09-21,50,BHP Group - Shareholder/Analyst Call
2016-09-22,149,"Bank of America Corporation, Bank of America Merrill Lynch 34th Annual Global Mining Metals & Steel Conference, May 16, 2017 through May 18, 2017"
2016-10-01,149,"Cowen and Company, LLC, Cowen and Company Energy and Natural Resources Conference, Dec 06, 2016 through Dec 07, 2016"
2016-10-05,3,BHP Billiton Seeks Acquisitions
2016-10-05,194,BHP Billiton Limited - Special Call
2016-10-06,3,BHP Mulls Acquisitions
2016-10-08,65,Woodside Petroleum and BHP Billiton Reportedly Could be The Potential Candidates.
2016-10-11,3,BHP Reportedly Bids For Trion Field In Mexico From PREMEX
2016-10-17,65,Apollo Reportedly Close To Acquire Anglo's Assets
2016-10-19,226,"BHP Billiton Limited Reports Production Results for the Third Quarter Ended September 30, 2016; Reaffirms Production Guidance for the Year 2017; Reports Capital Expenditure Results for the Third Quarter Ended September 30, 2016"
2016-10-19,80,BHP Billiton Limited (ASX:BHP) entered into an agreement to acquire an unknown interest in Two Blocks in Gulf of Mexico from Statoil ASA (OB:STL).
2016-10-19,28,"BHP Billiton Limited Reports Production Results for the Third Quarter Ended September 30, 2016; Reaffirms Production Guidance for the Year 2017; Reports Capital Expenditure Results for the Third Quarter Ended September 30, 2016"
2016-10-19,29,"BHP Billiton Limited Reports Production Results for the Third Quarter Ended September 30, 2016; Reaffirms Production Guidance for the Year 2017; Reports Capital Expenditure Results for the Third Quarter Ended September 30, 2016"
2016-10-20,219,"BHP Group to Report Nine Months, 2017 Operating Results on Apr 26, 2017"
2016-10-20,219,"BHP Billiton Limited to Report Fiscal Year 2017 Operating Results on Jul 19, 2017"
2016-10-20,219,"BHP Billiton Limited to Report Nine Months, 2017 Operating Results on Apr 26, 2017"
2016-10-20,219,"BHP Billiton Limited to Report Q1, 2018 Operating Results on Oct 18, 2017"
2016-10-20,219,"BHP Billiton plc to Report Fiscal Year 2017 Operating Results on Jul 19, 2017"
2016-10-20,219,"BHP Group to Report Fiscal Year 2017 Operating Results on Jul 19, 2017"
2016-10-20,219,"BHP Billiton plc to Report Nine Months, 2017 Operating Results on Apr 26, 2017"
2016-10-20,219,"BHP Billiton plc to Report Q1, 2018 Operating Results on Oct 18, 2017"
2016-10-20,219,"BHP Group to Report Q1, 2018 Operating Results on Oct 18, 2017"
2016-10-21,16,BHP Billiton Chairman Jac Nasser to Step Down
2016-11-01,65,Exxon Mobil And BHP Billiton Reportedly To Sell Exploration And Development Assets
2016-11-02,51,"BHP Billiton Limited Presents at 3rd Annual International Mining and Resources Conference, Nov-07-2016 through Nov-10-2016"
2016-11-05,51,"BHP Billiton Presents at 3rd Annual International Mining and Resources Conference, Nov-10-2016 10:20 AM"
2016-11-05,51,"BHP Billiton Presents at 3rd Annual International Mining and Resources Conference, Nov-10-2016 10:20 AM"
2016-11-05,51,"BHP Billiton Presents at 3rd Annual International Mining and Resources Conference, Nov-10-2016 10:20 AM"
2016-11-05,51,"BHP Billiton Presents at 3rd Annual International Mining and Resources Conference, Nov-10-2016 10:20 AM"
2016-11-15,81,Woodside Petroleum Ltd. (ASX:WPL) completed the acquisition of 50% stake in Scarborough area assets from BHP Billiton Limited (ASX:BHP) for $250 million.
2016-11-15,81,Woodside Petroleum Ltd. (ASX:WPL) completed the acquisition of 50% stake in Scarborough area assets from BHP Billiton Limited (ASX:BHP) for $250 million.
2016-11-16,149,"BMO Capital Markets Corp., 2017 BMO Global Metals and Mining Conference, Feb 26, 2017 through Mar 01, 2017"
2016-11-17,50,BHP Group - Shareholder/Analyst Call
2016-11-17,50,BHP Group - Shareholder/Analyst Call
2016-11-17,50,BHP Group - Shareholder/Analyst Call
2016-11-17,50,BHP Billiton plc - Shareholder/Analyst Call
2016-11-17,50,BHP Group - Shareholder/Analyst Call
2016-11-17,50,BHP Billiton plc - Shareholder/Analyst Call
2016-11-22,51,"BHP Billiton Limited Presents at Cowen and Company Energy and Natural Resources Conference, Dec-07-2016 12:05 PM"
2016-11-23,16,"BHP Billiton Plc Confirms Retirement of John Schubert as Non-Executive Director, Effective 17 November 2016"
2016-11-23,16,BHP Billiton Limited Announces Retirement of John Schubert as an Independent Non-Executive Director
2016-11-30,82,"LAI Corp S.A.S. cancelled the acquisition of Odyssey Resources Ltd. (TSXV:ODX.H) from Dundee Resources Limited, Nassau Capital Management Partners Inc. and other shareholders in a reverse merger transaction."
2016-12-05,65,BHP Reportedly Considers Selling Bowen Basin Coal Asset
2016-12-05,23,BHP Billiton Wins Bidding to Partner with Pemex on Trión Block
2016-12-06,80,BHP Billiton Limited (ASX:BHP) made a winning bid to acquire 60% stake in AE-0092 and AE-0093 from PEMEX Exploración y Producción S.A. de C.V.
2016-12-06,80,BHP Billiton Limited (ASX:BHP) made a winning bid to acquire 60% stake in AE-0092 and AE-0093 from PEMEX Exploración y Producción S.A. de C.V.
2016-12-06,80,BHP Billiton Limited (ASX:BHP) acquired 60% stake in AE-0092 and AE-0093 from PEMEX Exploración y Producción S.A. de C.V.
2016-12-06,80,BHP Billiton Limited (ASX:BHP) acquired 60% stake in AE-0092 and AE-0093 from PEMEX Exploración y Producción S.A. de C.V.
2016-12-07,31,BHP Billiton and Hatch Enters into Collaborative Technology Development Partnership
2016-12-07,51,"BHP Billiton Limited Presents at The 11th Annual Daiwa Investment Conference Tokyo 2017, Feb-27-2017"
2016-12-13,65,Adani Enterprises Reportedly Looks For Buyers For Abbot Point Coal Port
2016-12-14,149,"Spire Events Pte Ltd, Mining Investment Asia 2017, Mar 28, 2017 through Mar 31, 2017"
2016-12-14,224,BHP Billiton Says Could Restart Samarco in 2017
2017-01-19,25,BHP Billiton plc and Vale Agree to Settle Samarco Claim for USD 47.5 Billion
2017-01-19,149,"The Goldman Sachs Group, Inc., Goldman Sachs Thirteenth Annual Australia and New Zealand Investment Forum, Mar 09, 2017 through Mar 10, 2017"
2017-01-23,51,"BHP Billiton Trinidad and Tobago Presents at Trinidad and Tobago Energy Conference, Jan-23-2017 through Jan-25-2017"
2017-01-23,149,"The Energy Chamber of Trinidad & Tobago, Trinidad and Tobago Energy Conference, Jan 23, 2017 through Jan 25, 2017"
2017-01-23,149,"The Energy Chamber of Trinidad & Tobago, Trinidad and Tobago Energy Conference, Jan 23, 2017 through Jan 25, 2017"
2017-01-23,51,"BHP Billiton Petroleum Presents at Trinidad and Tobago Energy Conference, Jan-23-2017 11:20 AM"
2017-01-23,149,"The Energy Chamber of Trinidad & Tobago, Trinidad and Tobago Energy Conference, Jan 23, 2017 through Jan 25, 2017"
2017-01-23,149,"The Energy Chamber of Trinidad & Tobago, Trinidad and Tobago Energy Conference, Jan 23, 2017 through Jan 25, 2017"
2017-01-25,29,"BHP Billiton plc Announces Financial Results for the Six Months Ended December 31, 2016; Reports Production Results for the Quarter and Year to Date Ended December 31, 2016; Provides Production Guidance for the Year 2017"
2017-01-25,44,BHP Billiton Escondida Mine Union asks Workers to Vote on Strike
2017-01-25,29,"BHP Billiton plc Reports Production Results for the Quarter and Year to Date Ended December 31, 2016; Provides Production Guidance for the Year 2017"
2017-01-25,226,"BHP Billiton plc Announces Financial Results for the Six Months Ended December 31, 2016; Reports Production Results for the Quarter and Year to Date Ended December 31, 2016; Provides Production Guidance for the Year 2017"
2017-01-25,226,"BHP Billiton plc Reports Production Results for the Quarter and Year to Date Ended December 31, 2016; Provides Production Guidance for the Year 2017"
2017-01-26,149,"IHS Markit Ltd., CERAWeek 2017, Mar 06, 2017 through Mar 10, 2017"
2017-02-08,44,"Workers at BHP Billiton's Escondida Mine to Strike on February 9, 2017"
2017-02-13,51,"BHP Billiton Limited Presents at Mining Investment Asia 2017, Mar-28-2017 through Mar-31-2017"
2017-02-13,51,"BHP Billiton Limited Presents at Mining Investment Asia 2017, Mar-28-2017 through Mar-31-2017"
2017-02-13,51,"BHP Billiton Limited Presents at Mining Investment Asia 2017, Mar-28-2017 through Mar-31-2017"
2017-02-13,51,"BHP Billiton Limited Presents at Mining Investment Asia 2017, Mar-28-2017 through Mar-31-2017"
2017-02-14,51,"BHP Group Presents at 2017 BMO Global Metals and Mining Conference, Feb-26-2017"
2017-02-14,51,"BHP Billiton plc Presents at 2017 BMO Global Metals and Mining Conference, Feb-26-2017"
2017-02-14,65,BHP Billiton Reportedly Looks For Buyers For Chilean copper mines
2017-02-16,16,BHP Billiton Announces Board Changes
2017-02-16,16,BHP Billiton Announces Board Changes
2017-02-16,16,BHP Billiton Announces Executive Changes
2017-02-16,16,BHP Billiton Announces Executive Changes
2017-02-17,48,"BHP Billiton Limited, BHP Billiton plc, H1 2017 Earnings Call, Feb 21, 2017"
2017-02-17,48,"BHP Group, H1 2017 Earnings Call, Feb 21, 2017"
2017-02-17,48,"BHP Billiton Limited, BHP Billiton plc, H1 2017 Earnings Call, Feb 21, 2017"
2017-02-17,48,"BHP Group, H1 2017 Earnings Call, Feb 21, 2017"
2017-02-21,28,"BHP Billiton Limited Announces Consolidated Earnings Results for the Six Months Ended December 31, 2016"
2017-02-21,28,"BHP Billiton plc Announces Consolidated Earnings Results for the Half Year Ended December 31, 2016; Provides Capital and Exploration Expenditure Guidance for the Year 2017 and 2018"
2017-02-21,29,"BHP Billiton plc Announces Consolidated Earnings Results for the Half Year Ended December 31, 2016; Provides Capital and Exploration Expenditure Guidance for the Year 2017 and 2018"
2017-02-27,149,"Macquarie Group Limited, Macquarie Global Metals, Mining and Materials Conference, Jun 27, 2017 through Jun 28, 2017"
2017-02-28,42,BHP Billiton to Spend $1.086 Billion for Repurchasing Debt
2017-03-03,51,"BHP Billiton Presents at CERAWeek 2017, Mar-06-2017 through Mar-10-2017"
2017-03-03,22,Petroleos Mexicanos and BHP Billiton Sign Agreement to Develop Deep-Water Trion Block
2017-03-06,23,BHP Billiton and PEMEX Exploration & Production Mexico Sign Agreement for Deep-Water Oil Discovery in Mexico
2017-03-06,51,"BHP Billiton Limited Presents at Goldman Sachs Thirteenth Annual Australia and New Zealand Investment Forum, Mar-09-2017"
2017-03-07,42,BHP Billiton plc's Bonds Tendered Early in Repurchase Plan
2017-03-16,55,"BHP Billiton Limited to Report Q4, 2017 on Aug 22, 2017"
2017-04-03,16,BHP Billiton plc Appoints Grant King as Independent Non-Executive Director
2017-04-10,5,"BHP Rejects Single Listing, Petroleum Spin-Off Idea"
2017-04-11,156,Elliott Associates Submits a Proposal to BHP Group
2017-04-11,156,Elliott Associates Submits a Proposal to BHP Billiton
2017-04-11,156,Elliott Associates Submits a Proposal to BHP Group
2017-04-11,156,Elliott Management Submits a Proposal to BHP Group
2017-04-11,156,Elliott Management Submits a Proposal to BHP Group
2017-04-11,156,Elliott Associates Submits a Proposal to BHP Group
2017-04-11,156,Elliott Associates Submits a Proposal to BHP Billiton
2017-04-11,156,Elliott Associates Submits a Proposal to BHP Billiton
2017-04-11,156,Elliott Management Submits a Proposal to BHP Group
2017-04-12,194,BHP Billiton Limited - Special Call
2017-04-13,16,Pat Davies Retires as Independent Non-Executive Director from BHP Billiton Limited and BHP Billiton Plc
2017-04-14,157,Elliott Associates Discloses its Views on BHP Group
2017-04-14,157,Elliott Management Discloses its Views on BHP Group
2017-04-14,157,Elliott Associates Discloses its Views on BHP Group
2017-04-14,157,Elliott Management Discloses its Views on BHP Group
2017-04-17,55,"BHP Group to Report Fiscal Year 2017 Results on Aug 22, 2017"
2017-04-17,55,"BHP Billiton plc to Report Fiscal Year 2017 Results on Aug 22, 2017"
2017-04-25,28,"BHP Billiton plc Announces Production and CapEx Results for the Third Quarter and Nine Months Ended March 31, 2017; Revises Production Guidance for the Financial Year 2017"
2017-04-25,226,"BHP Billiton plc Announces Production and CapEx Results for the Third Quarter and Nine Months Ended March 31, 2017; Revises Production Guidance for the Financial Year 2017"
2017-04-25,29,"BHP Billiton plc Announces Production and CapEx Results for the Third Quarter and Nine Months Ended March 31, 2017; Revises Production Guidance for the Financial Year 2017"
2017-04-26,1,BHP Billiton May Sell Assets
2017-04-27,157,Elliott Associates Provides Information to Shareholders of BHP Group
2017-04-27,65,BHP Billiton May Try To Sell U.S. Fayetteville Shale Asset Again
2017-04-27,1,BHP Billiton Seeks Sale Of Part Of Hawkville Shale Field
2017-04-27,157,Elliott Management Provides Information to Shareholders of BHP Group
2017-04-27,157,Elliott Management Provides Information to Shareholders of BHP Group
2017-04-27,157,Elliott Associates Provides Information to Shareholders of BHP Group
2017-05-04,157,Tribeca Investment Partners Calls for BHP Group CEO Removal
2017-05-05,187,Tribeca Investment Supports Elliott Management
2017-05-05,157,Tribeca Investment Calls for Sale of US Shale Assets and Board Shake-up at BHP Group
2017-05-05,187,Tribeca Investment Supports Elliott Management
2017-05-05,187,Tribeca Investment Supports Elliott Associates
2017-05-05,187,Tribeca Investment Supports Elliott Associates
2017-05-08,65,Rio Tinto Reportedly Receives Expression Of Interest For Its Coal Assets
2017-05-08,149,"UBS Investment Bank, UBS European Conference 2017, Nov 14, 2017 through Nov 15, 2017"
2017-05-09,65,BHP Starts Process To Sell Its Cerro Colorado Copper Mine
2017-05-16,65,BHP Opens Door To Shale Sale
2017-05-16,51,"BHP Group Presents at Bank of America Merrill Lynch 34th Annual Global Mining Metals & Steel Conference, May-16-2017"
2017-05-16,51,"BHP Billiton plc Presents at Bank of America Merrill Lynch 34th Annual Global Mining Metals & Steel Conference, May-16-2017"
2017-05-19,160,BHP Group Provides Information to Shareholders
2017-05-23,65,BHP Reportedly Hires Barclays To Sell Shale Gas Assets
2017-05-23,65,Exxaro Looks For The Exit Moranbah South Tenement
2017-05-28,1,BHP Billiton Exploring Options For Its U.S. Shale Unit
2017-06-09,51,"BHP Billiton Limited Presents at Macquarie Global Metals, Mining and Materials Conference, Jun-27-2017"
2017-06-09,149,"Macquarie Group Limited, Australia and New Zealand Corporate Day - Singapore, Aug 30, 2017"
2017-06-12,149,"Barclays Capital PLC, Barclays CEO Energy-Power Conference, Sep 05, 2017 through Sep 07, 2017"
2017-06-15,16,"BHP Elects Ken MacKenzie to Succeed Jac Nasser as Chairman, Effective 1 September 2017"
2017-06-19,149,"Energy and Mines, Energy and Mines Australia Summit, Jun 29, 2017 through Jun 30, 2017"
2017-06-19,51,"BHP Billiton Limited Presents at Energy and Mines Australia Summit, Jun-29-2017 through Jun-30-2017"
2017-06-20,149,"Credit Suisse Group AG, Credit Suisse 2017 Global Steel & Mining Conference, Sep 11, 2017 through Sep 12, 2017"
2017-06-20,51,"BHP Billiton Limited Presents at Credit Suisse 2017 Global Steel & Mining Conference, Sep-11-2017"
2017-07-04,149,"CoMedia Corporation, 13th Annual Deepwater Intervention Forum, Aug 08, 2017 through Aug 10, 2017"
2017-07-04,62,"BHP Billiton Limited, Annual General Meeting, Nov 16, 2017"
2017-07-04,62,"BHP Billiton plc, Annual General Meeting, Oct 19, 2017"
2017-07-04,62,"BHP Group, Annual General Meeting, Oct 19, 2017"
2017-07-04,51,"BHP Billiton Presents at 13th Annual Deepwater Intervention Forum, Aug-09-2017 10:30 AM"
2017-07-04,149,"CoMedia Corporation, 13th Annual Deepwater Intervention Forum, Aug 08, 2017 through Aug 10, 2017"
2017-07-04,149,"CoMedia Corporation, 13th Annual Deepwater Intervention Forum, Aug 08, 2017 through Aug 10, 2017"
2017-07-04,149,"CoMedia Corporation, 13th Annual Deepwater Intervention Forum, Aug 08, 2017 through Aug 10, 2017"
2017-07-06,55,"BHP Billiton Limited to Report Fiscal Year 2017 Results on Aug 22, 2017"
2017-07-14,219,"BHP Group to Report Nine Months, 2018 Operating Results on Apr 19, 2018"
2017-07-14,219,"BHP Group to Report First Half, 2018 Operating Results on Jan 18, 2018"
2017-07-14,219,"BHP Billiton plc to Report First Half, 2018 Operating Results on Jan 18, 2018"
2017-07-14,219,"BHP Group to Report Fiscal Year 2018 Operating Results on Jul 18, 2018"
2017-07-14,219,"BHP Billiton plc to Report Nine Months, 2018 Operating Results on Apr 19, 2018"
2017-07-14,219,"BHP Billiton plc to Report Fiscal Year 2018 Operating Results on Jul 18, 2018"
2017-07-14,219,"BHP Group to Report Q1, 2019 Operating Results on Oct 17, 2018"
2017-07-14,219,"BHP Billiton plc to Report Q1, 2019 Operating Results on Oct 17, 2018"
2017-07-19,29,"BHP Billiton Announces Production Results for the Fourth Quarter and Year Ended June 30, 2017; Provides Production Guidance for the Year 2018"
2017-07-19,157,Elliott Management Discloses its Views on BHP Group
2017-07-19,157,Elliott Associates Discloses its Views on BHP Group
2017-07-19,157,Elliott Management Discloses its Views on BHP Group
2017-07-19,226,"BHP Billiton Announces Production Results for the Fourth Quarter and Year Ended June 30, 2017; Provides Production Guidance for the Year 2018"
2017-07-19,31,BHP Billiton Invests AUD 350 Million in Olympic Dam Smelter Operations
2017-07-19,157,Elliott Associates Discloses its Views on BHP Group
2017-07-31,51,"BHP Billiton plc Presents at Barclays CEO Energy-Power Conference, Sep-05-2017"
2017-07-31,51,"BHP Group Presents at Barclays CEO Energy-Power Conference, Sep-05-2017"
2017-08-01,65,BHP Billiton Denies To Sell Samarco Stake to Vale
2017-08-03,65,Vermilion Energy Reportedly In Talks To Acquire Assets in Bass Strait
2017-08-10,149,"Concordia, 2017 Concordia Annual Summit, Sep 18, 2017 through Sep 19, 2017"
2017-08-16,219,"BHP Billiton Limited to Report Nine Months, 2018 Operating Results on Apr 19, 2018"
2017-08-16,219,"BHP Billiton Limited to Report First Half, 2018 Operating Results on Jan 18, 2018"
2017-08-16,219,"BHP Billiton Limited to Report Fiscal Year 2018 Operating Results on Jul 18, 2018"
2017-08-16,219,"BHP Billiton Limited to Report Q1, 2019 Operating Results on Oct 17, 2018"
2017-08-17,31,BHP Clears Path for $2.5 Billion Expansion of Chile's Spence Mine
2017-08-21,29,BHP Billiton Limited Provides Capital Expenditure Guidance for the Financial Years 2019 and 2020
2017-08-21,29,"BHP Billiton Limited and BHP Billiton Plc Announce Unaudited Consolidated Earnings Results for the Year Ended June 30, 2017; Provides Operating Guidance for the Fiscal 2018"
2017-08-21,29,"BHP Billiton plc Provides Earnings Guidance for Year Ended June 30, 2017"
2017-08-21,29,"BHP Billiton Limited and BHP Billiton Plc Announce Unaudited Consolidated Earnings Results for the Year Ended June 30, 2017; Provides Operating Guidance for the Fiscal 2018"
2017-08-21,48,"BHP Billiton Limited, BHP Billiton plc, 2017 Earnings Call, Aug 22, 2017"
2017-08-21,48,"BHP Group, 2017 Earnings Call, Aug 22, 2017"
2017-08-21,48,"BHP Group, 2017 Earnings Call, Aug 22, 2017"
2017-08-21,48,"BHP Billiton Limited, BHP Billiton plc, 2017 Earnings Call, Aug 22, 2017"
2017-08-21,48,"BHP Group, 2017 Earnings Call, Aug 22, 2017"
2017-08-21,48,"BHP Group, 2017 Earnings Call, Aug 22, 2017"
2017-08-21,48,"BHP Billiton Limited, BHP Billiton plc, 2017 Earnings Call, Aug 22, 2017"
2017-08-21,48,"BHP Group, 2017 Earnings Call, Aug 22, 2017"
2017-08-21,48,"BHP Group, 2017 Earnings Call, Aug 22, 2017"
2017-08-21,28,"BHP Billiton Limited and BHP Billiton Plc Announce Unaudited Consolidated Earnings Results for the Year Ended June 30, 2017; Provides Operating Guidance for the Fiscal 2018"
2017-08-21,28,"BHP Billiton Limited and BHP Billiton Plc Announce Unaudited Consolidated Earnings Results for the Year Ended June 30, 2017; Provides Operating Guidance for the Fiscal 2018"
2017-08-22,65,BHP Billiton Seeks To Sell 25% Interest In Potash Mine
2017-08-22,1,BHP Billiton Looks To Offload US Shale Assets
2017-08-22,16,"BHP Billiton Limited Announces Board Appointments, Effective October 1, 2017"
2017-08-22,65,BHP Billiton To Sell Its Assets
2017-08-23,160,BHP Group Announces Sale of Shale Gas Operations
2017-08-23,16,BHP Billiton plc Announces Board Changes
2017-08-28,51,"BHP Billiton Limited Presents at Australia and New Zealand Corporate Day - Singapore, Aug-30-2017"
2017-08-28,65,BHP Billiton Reportedly In Talks To Sell Jansen Potash
2017-08-29,1,BHP Billiton Reportedly Plans To Sell Nickel Division
2017-09-01,42,"BHP Billiton Finance (USA) Limited Announces Offer Cap for the Tender Offers for its $529,978,000 3.250% Senior Notes Due 2021"
2017-09-06,16,Jacques Nasser Retires as an Independent Non-Executive Director and Chairman of BHP Billiton Limited and BHP Billiton plc
2017-09-06,16,Grant King Retires as an Independent Non-Executive Director of BHP Billiton Limited and BHP Billiton plc
2017-09-07,51,"BHP Group Presents at 2017 Concordia Annual Summit, Sep-19-2017 08:00 AM"
2017-09-07,51,"BHP Presents at 2017 Concordia Annual Summit, Sep-19-2017 08:00 AM"
2017-09-07,51,"BHP Group Presents at 2017 Concordia Annual Summit, Sep-19-2017 08:00 AM"
2017-09-07,51,"BHP Group Presents at 2017 Concordia Annual Summit, Sep-19-2017 08:00 AM"
2017-09-07,51,"BHP Presents at 2017 Concordia Annual Summit, Sep-19-2017 08:00 AM"
2017-09-07,51,"BHP Group Presents at 2017 Concordia Annual Summit, Sep-19-2017 08:00 AM"
2017-09-07,65,Anadarko And EOG Interested To Buy Shale Gas Portfolio
2017-09-14,51,"BHP Nickel West Presents at Australian Nickel Conference 2017, Oct-17-2017 09:10 AM"
2017-09-14,149,"Paydirt Media Pty Ltd, Australian Nickel Conference 2017, Oct 17, 2017"
2017-09-19,55,"BHP Billiton Limited to Report First Half, 2018 Results on Feb 20, 2018"
2017-09-19,55,"BHP Group to Report First Half, 2018 Results on Feb 20, 2018"
2017-09-19,55,"BHP Billiton plc to Report First Half, 2018 Results on Feb 20, 2018"
2017-09-20,50,BHP Billiton Limited - Shareholder/Analyst Call
2017-09-20,50,BHP Billiton plc - Shareholder/Analyst Call
2017-09-20,50,BHP Group - Shareholder/Analyst Call
2017-09-21,65,BHP Billiton And Mitsubishi Reportedly Seeks to Sell Gregory Crinum Mine Complex
2017-09-29,51,"BHP Billiton Presents at Mines and Technology 2017, Oct-04-2017 09:05 AM"
2017-09-29,149,"Mines and Money Americas, Mines and Technology 2017, Oct 02, 2017"
2017-09-30,82,BHP Billiton Limited (ASX:BHP) cancelled the acquisition of unknown interest in Two Blocks in Gulf of Mexico from Statoil ASA (OB:STL).
2017-10-11,149,"BMO Capital Markets Corp., BMO Capital Markets 27th Global Metals & Mining Conference, Feb 25, 2018 through Feb 28, 2018"
2017-10-12,51,"BHP Group Presents at 38th Annual Oil & Money Conference, Oct-18-2017 11:40 AM"
2017-10-12,51,"BHP Presents at 38th Annual Oil & Money Conference, Oct-18-2017 11:40 AM"
2017-10-12,51,"BHP Group Presents at 38th Annual Oil & Money Conference, Oct-18-2017 11:40 AM"
2017-10-12,51,"BHP Group Presents at 38th Annual Oil & Money Conference, Oct-18-2017 11:40 AM"
2017-10-12,51,"BHP Presents at 38th Annual Oil & Money Conference, Oct-18-2017 11:40 AM"
2017-10-12,51,"BHP Group Presents at 38th Annual Oil & Money Conference, Oct-18-2017 11:40 AM"
2017-10-12,149,"Bank of America Corporation, Bank of America Merrill Lynch 35th Annual Global Mining Metals & Steel Conference, May 15, 2018 through May 17, 2018"
2017-10-12,149,"Energy Intelligence Group, Inc., The New York Times Company, 38th Annual Oil & Money Conference, Oct 17, 2017 through Oct 19, 2017"
2017-10-13,149,"Informa plc, Inaugural Lithium & Battery Metals Conference, Mar 21, 2018 through Mar 22, 2018"
2017-10-18,226,"BHP Billiton Announces Production Results for the First Quarter Ended of September 30, 2017; Provides Production Guidance for the Full Year of 2018"
2017-10-18,29,"BHP Billiton Announces Production Results for the First Quarter Ended of September 30, 2017; Provides Production Guidance for the Full Year of 2018"
2017-10-18,16,Malcolm Brinded Retires as an Independent Non-Executive Director of BHP Billiton Limited and BHP Billiton plc
2017-11-10,51,"BHP Billiton plc Presents at UBS European Conference 2017, Nov-14-2017"
2017-11-10,51,"BHP Group Presents at UBS European Conference 2017, Nov-14-2017"
2017-11-15,149,"Informa Australia Pty Ltd., 21st Annual Global Iron Ore & Steel Forecast Conference, Mar 21, 2018 through Mar 22, 2018"
2017-11-16,163,Declaration of Voting Results by BHP Group Announces
2017-11-16,163,Declaration of Voting Results by BHP Group Announces
2017-11-16,77,BHP Billiton Limited Amends Constitution of the Company
2017-11-16,163,Declaration of Voting Results by BHP Group Announces
2017-11-16,163,Declaration of Voting Results by BHP Group Announces
2017-11-28,194,BHP Group - Special Call
2017-11-28,194,BHP Billiton plc - Special Call
2017-12-07,65,BHP May Exit North West Shelf LNG Project
2017-12-08,51,"BHP Group Presents at South Australian Exploration and Mining Conference 2017, Dec-08-2017"
2017-12-08,51,"BHP Group Presents at South Australian Exploration and Mining Conference 2017, Dec-08-2017"
2017-12-08,51,"BHP Group Presents at South Australian Exploration and Mining Conference 2017, Dec-08-2017"
2017-12-08,51,"BHP Group Presents at South Australian Exploration and Mining Conference 2017, Dec-08-2017"
2017-12-08,51,"BHP Presents at South Australian Exploration and Mining Conference 2017, Dec-08-2017"
2017-12-08,51,"BHP Presents at South Australian Exploration and Mining Conference 2017, Dec-08-2017"
2017-12-08,51,"BHP Group Presents at South Australian Exploration and Mining Conference 2017, Dec-08-2017"
2017-12-08,51,"BHP Group Presents at South Australian Exploration and Mining Conference 2017, Dec-08-2017"
2017-12-08,51,"BHP Group Presents at South Australian Exploration and Mining Conference 2017, Dec-08-2017"
2017-12-08,51,"BHP Presents at South Australian Exploration and Mining Conference 2017, Dec-08-2017"
2017-12-08,51,"BHP Group Presents at South Australian Exploration and Mining Conference 2017, Dec-08-2017"
2017-12-08,51,"BHP Group Presents at South Australian Exploration and Mining Conference 2017, Dec-08-2017"
2017-12-08,149,"Australian Institute Of Geoscientists, The Australian Society of Exploration Geophysicists, Australian Institute of Mining and Metallurgy, South Australian Chamber of Mines and Energy., South Australian Exploration and Mining Conference 2017, Dec 08, 2017"
2017-12-08,149,"Australian Institute Of Geoscientists, Australian Institute of Mining and Metallurgy, South Australian Chamber of Mines and Energy., The Australian Society of Exploration Geophysicists, South Australian Exploration and Mining Conference 2017, Dec 08, 2017"
2017-12-08,149,"Australian Institute Of Geoscientists, The Australian Society of Exploration Geophysicists, Australian Institute of Mining and Metallurgy, South Australian Chamber of Mines and Energy., South Australian Exploration and Mining Conference 2017, Dec 08, 2017"
2017-12-08,149,"Australian Institute Of Geoscientists, Australian Institute of Mining and Metallurgy, South Australian Chamber of Mines and Energy., The Australian Society of Exploration Geophysicists, South Australian Exploration and Mining Conference 2017, Dec 08, 2017"
2017-12-15,51,"BHP Billiton Limited Presents at 21st Annual Global Iron Ore & Steel Forecast Conference, Mar-21-2018 10:40 AM"
2018-01-03,65,Vale And BHP Billiton Seeks To Sell Stake In Samarco Venture
2018-01-04,65,Vale Reportedly Reportedly In Talks To Acquire Samarco
2018-01-06,149,"Energy Chamber of Trinidad and Tobago, 2018 Trinidad and Tobago Energy Conference, Jan 22, 2018 through Jan 24, 2018"
2018-01-10,149,"Citigroup Inc., 15th Annual Australian and New Zealand Investment Conference, Mar 05, 2018 through Mar 06, 2018"
2018-01-11,51,"BHP Billiton Petroleum Presents at The NAPE Business Conference, Feb-07-2018"
2018-01-11,51,"BHP Billiton Petroleum Presents at The NAPE Business Conference, Feb-07-2018"
2018-01-11,51,"BHP Billiton Petroleum Presents at The NAPE Business Conference, Feb-07-2018"
2018-01-11,149,"NAPE Summit, the NAPE Business Conference, Feb 07, 2018"
2018-01-11,149,"NAPE Summit, the NAPE Business Conference, Feb 07, 2018"
2018-01-11,51,"BHP Billiton Petroleum Presents at The NAPE Business Conference, Feb-07-2018"
2018-01-11,149,"NAPE Summit, the NAPE Business Conference, Feb 07, 2018"
2018-01-11,149,"NAPE Summit, the NAPE Business Conference, Feb 07, 2018"
2018-01-17,65,BHP Considering Options For US Shale Oil Unit
2018-01-18,226,"BHP Billiton Limited Reports Production Results for the Quarter and Year-to-Date Ended December 31, 2017; Provides Earnings and Production Guidance for 2018"
2018-01-18,29,"BHP Billiton plc Reports Production Results for the Second Quarter and Half Year Ended December 31, 2017; Revises Production Guidance for the Financial Year 2018"
2018-01-18,29,"BHP Billiton plc Reports Production Results for the Second Quarter and Half Year Ended December 31, 2017; Revises Production Guidance for the Financial Year 2018"
2018-01-18,226,"BHP Billiton plc Reports Production Results for the Second Quarter and Half Year Ended December 31, 2017; Revises Production Guidance for the Financial Year 2018"
2018-01-18,226,"BHP Billiton plc Reports Production Results for the Second Quarter and Half Year Ended December 31, 2017; Revises Production Guidance for the Financial Year 2018"
2018-01-18,226,"BHP Billiton plc Reports Production Results for the Second Quarter and Half Year Ended December 31, 2017; Revises Production Guidance for the Financial Year 2018"
2018-01-18,226,"BHP Billiton plc Reports Production Results for the Second Quarter and Half Year Ended December 31, 2017; Revises Production Guidance for the Financial Year 2018"
2018-01-18,226,"BHP Billiton plc Reports Production Results for the Second Quarter and Half Year Ended December 31, 2017; Revises Production Guidance for the Financial Year 2018"
2018-01-18,226,"BHP Billiton plc Reports Production Results for the Second Quarter and Half Year Ended December 31, 2017; Revises Production Guidance for the Financial Year 2018"
2018-01-18,149,"Center for American and International Law, The, 2nd National Young Energy Professional Law Conference, Apr 06, 2018 through Apr 07, 2018"
2018-01-18,29,"BHP Billiton Limited Reports Production Results for the Quarter and Year-to-Date Ended December 31, 2017; Provides Earnings and Production Guidance for 2018"
2018-01-18,29,"BHP Billiton plc Reports Production Results for the Second Quarter and Half Year Ended December 31, 2017; Revises Production Guidance for the Financial Year 2018"
2018-01-18,29,"BHP Billiton plc Reports Production Results for the Second Quarter and Half Year Ended December 31, 2017; Revises Production Guidance for the Financial Year 2018"
2018-01-18,29,"BHP Billiton plc Reports Production Results for the Second Quarter and Half Year Ended December 31, 2017; Revises Production Guidance for the Financial Year 2018"
2018-01-18,29,"BHP Billiton plc Reports Production Results for the Second Quarter and Half Year Ended December 31, 2017; Revises Production Guidance for the Financial Year 2018"
2018-01-19,51,"BHP Group Presents at 2018 Trinidad and Tobago Energy Conference, Jan-22-2018 11:00 AM"
2018-01-19,51,"BHP Group Presents at 2018 Trinidad and Tobago Energy Conference, Jan-22-2018 11:00 AM"
2018-01-19,51,"BHP Group Presents at 2018 Trinidad and Tobago Energy Conference, Jan-22-2018 11:00 AM"
2018-01-19,51,"BHP Presents at 2018 Trinidad and Tobago Energy Conference, Jan-22-2018 11:00 AM"
2018-01-19,51,"BHP Group Presents at 2018 Trinidad and Tobago Energy Conference, Jan-22-2018 11:00 AM"
2018-01-19,51,"BHP Billiton Trinidad and Tobago Presents at 2018 Trinidad and Tobago Energy Conference, Jan-23-2018 04:00 PM"
2018-01-19,51,"BHP Presents at 2018 Trinidad and Tobago Energy Conference, Jan-22-2018 11:00 AM"
2018-01-20,149,"Macquarie Group Limited, Macquarie  Global Metals, Mining and Materials Conference, Jun 04, 2018 through Jun 06, 2018"
2018-02-01,1,BHP Billiton Finalizes On US Shale Assets
2018-02-05,157,Elliott Associates Urges BHP Group to Immediately Review Dual Structure
2018-02-05,157,Elliott Associates Urges BHP Group to Immediately Review Dual Structure
2018-02-05,157,Elliott Management Urges BHP Group to Immediately Review Dual Structure
2018-02-05,157,Elliott Management Urges BHP Group to Immediately Review Dual Structure
2018-02-05,157,Elliott Associates Urges BHP Group to Immediately Review Dual Structure
2018-02-05,157,Elliott Management Urges BHP Group to Immediately Review Dual Structure
2018-02-05,157,Elliott Management Urges BHP Group to Immediately Review Dual Structure
2018-02-05,157,Elliott Management Urges BHP Group to Immediately Review Dual Structure
2018-02-05,157,Elliott Management Urges BHP Group to Immediately Review Dual Structure
2018-02-17,48,"BHP Billiton plc, BHP Billiton Limited, H1 2018 Earnings Call, Feb 20, 2018"
2018-02-17,48,"BHP Group, H1 2018 Earnings Call, Feb 20, 2018"
2018-02-17,48,"BHP Billiton plc, BHP Billiton Limited, H1 2018 Earnings Call, Feb 20, 2018"
2018-02-17,48,"BHP Group, H1 2018 Earnings Call, Feb 20, 2018"
2018-02-20,65,Shell Reportedly In Talks To Acquire BHP Assets
2018-02-20,28,"BHP Billiton plc Announces Consolidated Earnings Results for the Half Year Ended December 31, 2017; Provides Production and Capital Expenditure Guidance for 2018; Provides Capital Expenditure Guidance for 2019 and 2020"
2018-02-20,51,"BHP Billiton Limited Presents at BMO Capital Markets 27th Global Metals & Mining Conference, Feb-25-2018"
2018-02-20,29,"BHP Billiton plc Announces Consolidated Earnings Results for the Half Year Ended December 31, 2017; Provides Production and Capital Expenditure Guidance for 2018; Provides Capital Expenditure Guidance for 2019 and 2020"
2018-02-22,1,BHP Billiton To Sell US Shale Assets
2018-02-26,1,BHP Billiton plc Seeks Sale of Shale Assets
2018-02-27,65,Anglo American Seeks Seeks Sale Of Stake In Quellaveco Copper Project
2018-03-02,149,"Bank of England, Markets Forum 2018, May 24, 2018"
2018-03-02,51,"BHP Billiton Limited Presents at 15th Annual Australian and New Zealand Investment Conference, Mar-05-2018"
2018-03-06,1,BHP Billiton To Speed Up Completion of Cerro Colorado Sales Program
2018-03-07,3,BHP Billiton Seeks Acquisitions
2018-03-08,65,Shell and Blackstone Looking To Bid For BHP U.S. Shale Assets
2018-03-09,48,"BHP Billiton Limited, H1 2018 Earnings Call, Mar 09, 2018"
2018-03-12,149,"The Financial Times Ltd., FT Commodities Global Summit, Mar 19, 2018 through Mar 21, 2018"
2018-03-13,149,"Robert W. Baird & Co. Incorporated, 2018 Baird Global Industrial Conference, Nov 06, 2018 through Nov 08, 2018"
2018-03-16,51,"BHP Group Presents at FT Commodities Global Summit, Mar-20-2018 09:00 AM"
2018-03-16,51,"BHP Billiton plc Presents at FT Commodities Global Summit, Mar-20-2018 09:00 AM"
2018-03-26,95,BHP Group(BOIN:) added to ITRAXX Australia CDS Index Series 29
2018-03-26,95,BHP Group(BOIN:) added to ITRAXX Australia CDS Index Series 29
2018-03-26,95,BHP Group(BOIN:) added to ITRAXX Australia CDS Index Series 29
2018-03-26,95,BHP Group(BOIN:) added to ITRAXX Australia CDS Index Series 29
2018-04-03,51,"BHP Billiton Petroleum Presents at 2nd National Young Energy Professional Law Conference, Apr-06-2018 04:15 PM"
2018-04-06,149,"Offshore Technology Conference, Inc., Offshore Technology Conference, Apr 30, 2018 through May 03, 2018"
2018-04-06,149,"Offshore Technology Conference, Inc., Offshore Technology Conference, Apr 30, 2018 through May 03, 2018"
2018-04-06,149,"Offshore Technology Conference, Inc., Offshore Technology Conference, Apr 30, 2018 through May 03, 2018"
2018-04-06,149,"Offshore Technology Conference, Inc., Offshore Technology Conference, Apr 30, 2018 through May 03, 2018"
2018-04-10,149,"Metal Events Limited, Metal Bulletin Battery Metals 2018, Apr 17, 2018 through Apr 19, 2018"
2018-04-10,149,"Metal Bulletin Ltd., Metal Bulletin Battery Metals 2018, Apr 17, 2018 through Apr 19, 2018"
2018-04-10,149,"Metal Events Limited, Metal Bulletin Battery Metals 2018, Apr 17, 2018 through Apr 19, 2018"
2018-04-10,149,"Metal Bulletin Ltd., Metal Bulletin Battery Metals 2018, Apr 17, 2018 through Apr 19, 2018"
2018-04-12,149,"Euromoney Seminars Ltd., 2nd Annual Chilean Energy & Infrastructure Finance Forum, Jun 05, 2018"
2018-04-12,149,"Euromoney Institutional Investor PLC, the Global Borrowers & Bond Investors Forum 2018, Jun 19, 2018 through Jun 20, 2018"
2018-04-12,149,"Euromoney Institutional Investor PLC, the Global Borrowers & Bond Investors Forum 2018, Jun 19, 2018 through Jun 20, 2018"
2018-04-12,149,"Euromoney Institutional Investor PLC, the Global Borrowers & Bond Investors Forum 2018, Jun 19, 2018 through Jun 20, 2018"
2018-04-12,51,"BHP Billiton Limited Presents at The Global Borrowers & Bond Investors Forum 2018, Jun-19-2018 10:55 AM"
2018-04-12,149,"Euromoney Institutional Investor PLC, the Global Borrowers & Bond Investors Forum 2018, Jun 19, 2018 through Jun 20, 2018"
2018-04-12,51,"BHP Billiton Limited Presents at The Global Borrowers & Bond Investors Forum 2018, Jun-19-2018 10:55 AM"
2018-04-12,149,"Euromoney Seminars Ltd., 2nd Annual Chilean Energy & Infrastructure Finance Forum, Jun 05, 2018"
2018-04-12,51,"BHP Billiton Limited Presents at The Global Borrowers & Bond Investors Forum 2018, Jun-19-2018 10:55 AM"
2018-04-12,51,"BHP Billiton Limited Presents at The Global Borrowers & Bond Investors Forum 2018, Jun-19-2018 10:55 AM"
2018-04-14,51,"BHP Billiton Presents at Metal Bulletin Battery Metals 2018, Apr-17-2018 through Apr-19-2018"
2018-04-19,28,"BHP Billiton plc Reports Production Results for the Third Quarter and Capital Expenditure and Production Results for the Nine Months Ended March 31, 2018; Revises Production Guidance and Reaffirms Petroleum Capital Expenditure for the Year 2018"
2018-04-19,226,"BHP Billiton Limited Reports Production Results for the Third Quarter and Nine Months Ended March 31, 2018; Provides Production Guidance for the Year 2018"
2018-04-19,226,"BHP Billiton plc Reports Production Results for the Third Quarter and Capital Expenditure and Production Results for the Nine Months Ended March 31, 2018; Revises Production Guidance and Reaffirms Petroleum Capital Expenditure for the Year 2018"
2018-04-19,226,"BHP Billiton plc Reports Production Results for the Third Quarter and Capital Expenditure and Production Results for the Nine Months Ended March 31, 2018; Revises Production Guidance and Reaffirms Petroleum Capital Expenditure for the Year 2018"
2018-04-19,28,"BHP Billiton plc Reports Production Results for the Third Quarter and Capital Expenditure and Production Results for the Nine Months Ended March 31, 2018; Revises Production Guidance and Reaffirms Petroleum Capital Expenditure for the Year 2018"
2018-04-19,51,"BHP Billiton Limited Presents at Macquarie Global Metals, Mining and Materials Conference, Jun-04-2018"
2018-04-19,29,"BHP Billiton Limited Reports Production Results for the Third Quarter and Nine Months Ended March 31, 2018; Provides Production Guidance for the Year 2018"
2018-04-19,29,"BHP Billiton plc Reports Production Results for the Third Quarter and Capital Expenditure and Production Results for the Nine Months Ended March 31, 2018; Revises Production Guidance and Reaffirms Petroleum Capital Expenditure for the Year 2018"
2018-04-19,29,"BHP Billiton plc Reports Production Results for the Third Quarter and Capital Expenditure and Production Results for the Nine Months Ended March 31, 2018; Revises Production Guidance and Reaffirms Petroleum Capital Expenditure for the Year 2018"
2018-04-19,65,BHP Eyes US Shale Assets Exit by Year-End
2018-04-19,65,BHP Updates On Sake Of US Shale Assets
2018-04-19,65,BHP Updates On Sake Of US Shale Assets
2018-04-19,65,BHP Eyes US Shale Assets Exit by Year-End
2018-04-19,65,BHP Updates On Sake Of US Shale Assets
2018-04-19,65,BHP Updates On Sake Of US Shale Assets
2018-04-19,80,BHP Billiton Limited (ASX:BHP) acquired 33.33% stake in Samurai Prospect in Green Canyon Blocks 432 and 476 from Samson Offshore Company.
2018-04-20,1,BHP Updates On Sake Of US Shale Assets
2018-04-20,1,BHP Eyes US Shale Assets Exit by Year-End
2018-04-20,1,BHP Updates On Sake Of US Shale Assets
2018-04-28,51,"BHP Billiton Petroleum Presents at Offshore Technology Conference, May-03-2018 09:30 AM"
2018-05-03,65,BP Reportedly Considering To Acquire BHP's ENergy Assets
2018-05-09,149,"Barclays Capital PLC, Barclays CEO Energy-Power Conference, Sep 04, 2018 through Sep 06, 2018"
2018-05-14,65,BHP Reportedly Seeks Sale Of US Shale Operations
2018-05-15,51,"BHP Group Presents at Bank of America Merrill Lynch 35th Annual Global Mining Metals & Steel Conference, May-15-2018 09:00 AM"
2018-05-15,51,"BHP Billiton plc Presents at Bank of America Merrill Lynch 35th Annual Global Mining Metals & Steel Conference, May-15-2018 09:00 AM"
2018-05-21,51,"BHP Group Presents at Markets Forum 2018, May-24-2018 09:25 AM"
2018-05-21,51,"BHP Presents at Markets Forum 2018, May-24-2018 09:25 AM"
2018-05-21,51,"BHP Group Presents at Markets Forum 2018, May-24-2018 09:25 AM"
2018-05-21,51,"BHP Group Presents at Markets Forum 2018, May-24-2018 09:25 AM"
2018-05-21,51,"BHP Group Presents at Markets Forum 2018, May-24-2018 09:25 AM"
2018-05-21,51,"BHP Presents at Markets Forum 2018, May-24-2018 09:25 AM"
2018-05-22,144,"BHP Billiton Limited expected to report Q3 2018 results on May 28, 2018."
2018-05-22,65,Vale Denies Talks To Buy Samarco Stake
2018-05-25,149,"Credit Suisse Group AG, Credit Suisse Global Steel and Mining Conference 2018, Sep 10, 2018 through Sep 11, 2018"
2018-05-25,149,"Credit Suisse Group AG, Credit Suisse 2018 Global Steel and Mining Conference, Sep 10, 2018 through Sep 11, 2018"
2018-06-04,65,BHP Process To Unload US Shale Operations Reportedly Could Take Until 2019
2018-06-04,65,BHP Process To Unload US Shale Operations Reportedly Could Take Until 2019
2018-06-04,65,BHP Process To Unload US Shale Operations Reportedly Could Take Until 2019
2018-06-04,65,BHP Process To Unload US Shale Operations Reportedly Could Take Until 2019
2018-06-05,51,"BHP Billiton Limited Presents at 2nd Annual Chilean Energy & Infrastructure Finance Forum, Jun-05-2018 04:45 PM"
2018-06-10,1,BHP Seeks Sale Of Nickel West
2018-06-14,157,Elliott Associates Provides Information to Shareholder of BHP Group
2018-06-14,157,Elliott Management Provides Information to Shareholder of BHP Group
2018-06-14,157,Elliott Associates Provides Information to Shareholder of BHP Group
2018-06-14,31,"BHP Billiton Approves USD 2.9 Billion in Capital Expenditure for the South Flank Project in the Central Pilbara, Western Australia"
2018-06-14,157,Elliott Management Provides Information to Shareholder of BHP Group
2018-06-19,80,EMR Capital Pty Ltd entered into an agreement to acquire Compania Minera Cerro Colorado Limitada from BHP Billiton plc (LSE:BLT) for $280 million.
2018-06-19,80,EMR Capital Pty Ltd entered into an agreement to acquire Compania Minera Cerro Colorado Limitada from BHP Billiton plc (LSE:BLT) for $280 million.
2018-06-19,80,EMR Capital Pty Ltd entered into an agreement to acquire Compania Minera Cerro Colorado Limitada from BHP Billiton Group for $280 million.
2018-06-19,80,EMR Capital Pty Ltd entered into an agreement to acquire Compania Minera Cerro Colorado Limitada from BHP Billiton plc (LSE:BLT) for $280 million.
2018-06-19,80,EMR Capital Pty Ltd entered into an agreement to acquire Compania Minera Cerro Colorado Limitada from BHP Billiton plc (LSE:BLT) for $280 million.
2018-06-19,80,EMR Capital Pty Ltd entered into an agreement to acquire Compania Minera Cerro Colorado Limitada from BHP Billiton plc (LSE:BLT) for $280 million.
2018-06-19,80,EMR Capital Pty Ltd entered into an agreement to acquire Compania Minera Cerro Colorado Limitada from BHP Group (ASX:BHP) for $280 million.
2018-06-27,149,"Worldwide Business Research USA, LLC, ProcureCon Asia 2018, Jul 10, 2018 through Jul 12, 2018"
2018-07-05,149,"S&P Global Platts Inc., Inaugural Digital Commodities Summit Asia, Jul 12, 2018"
2018-07-05,51,"BHP Presents at Inaugural Digital Commodities Summit Asia, Jul-12-2018 03:00 PM"
2018-07-05,51,"BHP Group Presents at Inaugural Digital Commodities Summit Asia, Jul-12-2018 03:00 PM"
2018-07-05,51,"BHP Group Presents at Inaugural Digital Commodities Summit Asia, Jul-12-2018 03:00 PM"
2018-07-05,51,"BHP Presents at Inaugural Digital Commodities Summit Asia, Jul-12-2018 03:00 PM"
2018-07-05,51,"BHP Group Presents at Inaugural Digital Commodities Summit Asia, Jul-12-2018 03:00 PM"
2018-07-05,51,"BHP Group Presents at Inaugural Digital Commodities Summit Asia, Jul-12-2018 03:00 PM"
2018-07-06,149,"Marine Money Asia Pte. Ltd., 17th Annual Marine Money Week Asia, Sep 18, 2018 through Sep 19, 2018"
2018-07-06,149,"Marine Money Asia Pte. Ltd., Standard Chartered Bank, KMARIN & KOTAM, ICBC Financial Leasing Co., Ltd., 17th Annual Marine Money Week Asia, Sep 18, 2018 through Sep 19, 2018"
2018-07-07,65,BP Reportedly Mulls Acquisitions Of BHP's U.S. Onshore Shale Assets
2018-07-07,65,BP Reportedly Mulls Acquisitions Of BHP's U.S. Onshore Shale Assets
2018-07-07,65,BP Reportedly Mulls Acquisitions Of BHP's U.S. Onshore Shale Assets
2018-07-07,65,BP Reportedly Mulls Acquisitions Of BHP's U.S. Onshore Shale Assets
2018-07-09,51,"BHP Group Presents at ProcureCon Asia 2018, Jul-11-2018 01:40 PM"
2018-07-09,51,"BHP Group Presents at ProcureCon Asia 2018, Jul-11-2018 01:40 PM"
2018-07-09,219,"BHP Billiton plc to Report First Half, 2019 Operating Results on Jan 22, 2019"
2018-07-09,219,"BHP Group to Report First Half, 2019 Operating Results on Jan 22, 2019"
2018-07-09,51,"BHP Billiton Presents at Global Liner Shipping Asia Conference, Sep-24-2018 10:00 AM"
2018-07-09,51,"BHP Billiton Presents at Global Liner Shipping Asia Conference, Sep-24-2018 10:00 AM"
2018-07-09,51,"BHP Billiton Presents at Global Liner Shipping Asia Conference, Sep-24-2018 10:00 AM"
2018-07-09,51,"BHP Billiton Presents at Global Liner Shipping Asia Conference, Sep-24-2018 10:00 AM"
2018-07-09,149,"KNect365 US, Inc., Global Liner Shipping Asia Conference, Sep 24, 2018 through Sep 26, 2018"
2018-07-09,149,"KNect365 US, Inc., Global Liner Shipping Asia Conference, Sep 24, 2018 through Sep 26, 2018"
2018-07-09,51,"BHP Presents at ProcureCon Asia 2018, Jul-11-2018 01:40 PM"
2018-07-09,219,"BHP Group to Report Nine Months, 2019 Operating Results on Apr 17, 2019"
2018-07-09,149,"KNect365 US, Inc., Global Liner Shipping Asia Conference, Sep 24, 2018 through Sep 26, 2018"
2018-07-09,149,"KNect365 US, Inc., Global Liner Shipping Asia Conference, Sep 24, 2018 through Sep 26, 2018"
2018-07-09,219,"BHP Group to Report Fiscal Year 2019 Operating Results on Jul 17, 2019"
2018-07-09,219,"BHP Group to Report Q1, 2020 Operating Results on Oct 17, 2019"
2018-07-09,51,"BHP Presents at ProcureCon Asia 2018, Jul-11-2018 01:40 PM"
2018-07-09,51,"BHP Group Presents at ProcureCon Asia 2018, Jul-11-2018 01:40 PM"
2018-07-09,51,"BHP Group Presents at ProcureCon Asia 2018, Jul-11-2018 01:40 PM"
2018-07-13,219,"BHP Billiton Limited to Report First Half, 2019 Operating Results on Jan 22, 2019"
2018-07-13,55,"BHP Billiton plc to Report Fiscal Year 2018 Final Results on Aug 21, 2018"
2018-07-13,55,"BHP Group to Report Fiscal Year 2018 Final Results on Aug 21, 2018"
2018-07-18,29,"BHP Billiton Limited Announces Production Results for the Fourth Quarter and Year Ended June 30, 2018; Provided Production and Effective Tax Rate Guidance for the Year 2019"
2018-07-18,226,"BHP Billiton Limited Announces Production Results for the Fourth Quarter and Year Ended June 30, 2018; Provided Production and Effective Tax Rate Guidance for the Year 2019"
2018-07-18,29,"BHP Billiton plc Reports Production Results for the Fourth Quarter and Year Ended June 30, 2018; Provides Production Guidance for the Fiscal Year 2019"
2018-07-18,226,"BHP Billiton plc Reports Production Results for the Fourth Quarter and Year Ended June 30, 2018; Provides Production Guidance for the Fiscal Year 2019"
2018-07-19,65,BHP To Wrap Up Shale Sale By Year's End
2018-07-19,149,"Diggers and Dealers, Diggers & Dealers Mining Forum 2018, Aug 06, 2018 through Aug 08, 2018"
2018-07-23,25,BHP to Defend Samarco Class Action
2018-07-27,80,BP American Production Company entered into an agreement to acquire Petrohawk Energy Corporation from BHP Billiton Petroleum (North America) Inc. for $10.5 billion.
2018-07-27,80,MMGJ Hugoton III LLC entered into an agreement to acquire BHP Billiton Petroleum (Arkansas) Inc. and BHP Billiton Petroleum (Fayetteville) LLC from BHP Billiton Limited (ASX:BHP) for $300 million.
2018-07-27,80,MMGJ Hugoton III LLC entered into an agreement to acquire BHP Billiton Petroleum (Arkansas) Inc. and BHP Billiton Petroleum (Fayetteville) LLC from BHP Billiton Limited (ASX:BHP) for $300 million.
2018-07-27,80,MMGJ Hugoton III LLC entered into an agreement to acquire BHP Billiton Petroleum (Arkansas) Inc. and BHP Billiton Petroleum (Fayetteville) LLC from BHP Billiton Limited (ASX:BHP) for $300 million.
2018-07-27,80,MMGJ Hugoton III LLC entered into an agreement to acquire BHP Billiton Petroleum (Arkansas) Inc. and BHP Billiton Petroleum (Fayetteville) LLC from BHP Billiton Limited (ASX:BHP) for $300 million.
2018-07-27,80,MMGJ Hugoton III LLC entered into an agreement to acquire BHP Billiton Petroleum (Arkansas) Inc. and BHP Billiton Petroleum (Fayetteville) LLC from BHP Billiton Limited (ASX:BHP) for $300 million.
2018-07-27,80,MMGJ Hugoton III LLC entered into an agreement to acquire BHP Billiton Petroleum (Arkansas) Inc. and BHP Billiton Petroleum (Fayetteville) LLC from BHP Billiton Limited (ASX:BHP) for $300 million.
2018-07-27,80,BP American Production Company entered into an agreement to acquire Petrohawk Energy Corporation from Bhp Billiton Petroleum (north America) Inc. for $10.5 billion.
2018-07-27,80,BP American Production Company entered into an agreement to acquire Petrohawk Energy Corporation from BHP Billiton Petroleum (North America) Inc. for $10.5 billion.
2018-07-27,80,BP American Production Company entered into an agreement to acquire Petrohawk Energy Corporation from Bhp Billiton Petroleum (north America) Inc. for $10.5 billion.
2018-07-27,80,BP American Production Company entered into an agreement to acquire Petrohawk Energy Corporation from BHP Billiton Petroleum (North America) Inc. for $10.5 billion.
2018-07-27,80,BP American Production Company entered into an agreement to acquire Petrohawk Energy Corporation from Bhp Billiton Petroleum (north America) Inc. for $10.5 billion.
2018-07-27,80,BP American Production Company entered into an agreement to acquire Petrohawk Energy Corporation from BHP Billiton Limited (ASX:BHP) for $10.5 billion.
2018-07-27,80,BP American Production Company entered into an agreement to acquire Petrohawk Energy Corporation from BHP Billiton Petroleum (North America) Inc. for $10.5 billion.
2018-07-27,80,BP American Production Company entered into an agreement to acquire Petrohawk Energy Corporation from BHP Billiton Petroleum (North America) Inc. for $10.5 billion.
2018-07-27,80,BP American Production Company entered into an agreement to acquire Petrohawk Energy Corporation from BHP Billiton Petroleum (North America) Inc. for $10.5 billion.
2018-07-27,80,MMGJ Hugoton III LLC entered into an agreement to acquire BHP Billiton Petroleum (Arkansas) Inc. and BHP Billiton Petroleum (Fayetteville) LLC from BHP Billiton Limited (ASX:BHP) for $300 million.
2018-07-27,80,MMGJ Hugoton III LLC entered into an agreement to acquire BHP Billiton Petroleum (Arkansas) Inc. and BHP Billiton Petroleum (Fayetteville) LLC from BHP Billiton Limited (ASX:BHP) for $300 million.
2018-07-27,80,MMGJ Hugoton III LLC entered into an agreement to acquire BHP Billiton Petroleum (Arkansas) Inc. and BHP Billiton Petroleum (Fayetteville) LLC from BHP Billiton Limited (ASX:BHP) for $300 million.
2018-07-27,80,MMGJ Hugoton III LLC entered into an agreement to acquire BHP Billiton Petroleum (Arkansas) Inc. and BHP Billiton Petroleum (Fayetteville) LLC from BHP Billiton Limited (ASX:BHP) for $300 million.
2018-07-27,80,MMGJ Hugoton III LLC entered into an agreement to acquire BHP Billiton Petroleum (Arkansas) Inc. and BHP Billiton Petroleum (Fayetteville) LLC from BHP Billiton Limited (ASX:BHP) for $300 million.
2018-07-27,80,MMGJ Hugoton III LLC entered into an agreement to acquire BHP Billiton Petroleum (Arkansas) Inc. and BHP Billiton Petroleum (Fayetteville) LLC from BHP Billiton Limited (ASX:BHP) for $300 million.
2018-07-27,80,MMGJ Hugoton III LLC entered into an agreement to acquire BHP Billiton Petroleum (Arkansas) Inc. and BHP Billiton Petroleum (Fayetteville) LLC from BHP Billiton Limited (ASX:BHP) for $300 million.
2018-07-27,80,MMGJ Hugoton III LLC entered into an agreement to acquire BHP Billiton Petroleum (Arkansas) Inc. and BHP Billiton Petroleum (Fayetteville) LLC from BHP Billiton Limited (ASX:BHP) for $300 million.
2018-07-27,80,MMGJ Hugoton III LLC entered into an agreement to acquire BHP Billiton Petroleum (Arkansas) Inc. and BHP Billiton Petroleum (Fayetteville) LLC from BHP Billiton Limited (ASX:BHP) for $300 million.
2018-07-27,80,MMGJ Hugoton III LLC entered into an agreement to acquire BHP Billiton Petroleum (Arkansas) Inc. and BHP Billiton Petroleum (Fayetteville) LLC from BHP Billiton Limited (ASX:BHP) for $300 million.
2018-07-27,80,MMGJ Hugoton III LLC entered into an agreement to acquire BHP Billiton Petroleum (Arkansas) Inc. and BHP Billiton Petroleum (Fayetteville) LLC from BHP Billiton Limited (ASX:BHP) for $300 million.
2018-07-27,80,MMGJ Hugoton III LLC entered into an agreement to acquire BHP Billiton Petroleum (Arkansas) Inc. and BHP Billiton Petroleum (Fayetteville) LLC from BHP Billiton Limited (ASX:BHP) for $300 million.
2018-07-27,80,MMGJ Hugoton III LLC entered into an agreement to acquire BHP Billiton Petroleum (Arkansas) Inc. and BHP Billiton Petroleum (Fayetteville) LLC from BHP Billiton Limited (ASX:BHP) for $300 million.
2018-07-27,80,MMGJ Hugoton III LLC entered into an agreement to acquire BHP Billiton Petroleum (Arkansas) Inc. and BHP Billiton Petroleum (Fayetteville) LLC from BHP Billiton Limited (ASX:BHP) for $300 million.
2018-07-27,80,MMGJ Hugoton III LLC entered into an agreement to acquire BHP Billiton Petroleum (Arkansas) Inc. and BHP Billiton Petroleum (Fayetteville) LLC from BHP Billiton Limited (ASX:BHP) for $300 million.
2018-07-27,80,MMGJ Hugoton III LLC entered into an agreement to acquire BHP Billiton Petroleum (Arkansas) Inc. and BHP Billiton Petroleum (Fayetteville) LLC from BHP Billiton Limited (ASX:BHP) for $300 million.
2018-07-27,80,MMGJ Hugoton III LLC entered into an agreement to acquire BHP Billiton Petroleum (Arkansas) Inc. and BHP Billiton Petroleum (Fayetteville) LLC from BHP Billiton Limited (ASX:BHP) for $300 million.
2018-07-27,80,MMGJ Hugoton III LLC entered into an agreement to acquire BHP Billiton Petroleum (Arkansas) Inc. and BHP Billiton Petroleum (Fayetteville) LLC from BHP Billiton Limited (ASX:BHP) for $300 million.
2018-07-27,80,MMGJ Hugoton III LLC entered into an agreement to acquire BHP Billiton Petroleum (Arkansas) Inc. and BHP Billiton Petroleum (Fayetteville) LLC from BHP Billiton Limited (ASX:BHP) for $300 million.
2018-07-27,80,MMGJ Hugoton III LLC entered into an agreement to acquire BHP Billiton Petroleum (Arkansas) Inc. and BHP Billiton Petroleum (Fayetteville) LLC from BHP Billiton Limited (ASX:BHP) for $300 million.
2018-07-27,80,MMGJ Hugoton III LLC entered into an agreement to acquire BHP Billiton Petroleum (Arkansas) Inc. and BHP Billiton Petroleum (Fayetteville) LLC from BHP Billiton Limited (ASX:BHP) for $300 million.
2018-07-27,80,MMGJ Hugoton III LLC entered into an agreement to acquire BHP Billiton Petroleum (Arkansas) Inc. and BHP Billiton Petroleum (Fayetteville) LLC from BHP Billiton Limited (ASX:BHP) for $300 million.
2018-07-27,80,MMGJ Hugoton III LLC entered into an agreement to acquire BHP Billiton Petroleum (Arkansas) Inc. and BHP Billiton Petroleum (Fayetteville) LLC from BHP Billiton Limited (ASX:BHP) for $300 million.
2018-07-27,80,MMGJ Hugoton III LLC entered into an agreement to acquire BHP Billiton Petroleum (Arkansas) Inc. and BHP Billiton Petroleum (Fayetteville) LLC from BHP Billiton Limited (ASX:BHP) for $300 million.
2018-07-27,80,MMGJ Hugoton III LLC entered into an agreement to acquire BHP Billiton Petroleum (Arkansas) Inc. and BHP Billiton Petroleum (Fayetteville) LLC from BHP Billiton Limited (ASX:BHP) for $300 million.
2018-07-27,80,MMGJ Hugoton III LLC entered into an agreement to acquire BHP Billiton Petroleum (Arkansas) Inc. and BHP Billiton Petroleum (Fayetteville) LLC from BHP Billiton Limited (ASX:BHP) for $300 million.
2018-07-27,80,MMGJ Hugoton III LLC entered into an agreement to acquire BHP Billiton Petroleum (Arkansas) Inc. and BHP Billiton Petroleum (Fayetteville) LLC from BHP Billiton Limited (ASX:BHP) for $300 million.
2018-07-27,80,MMGJ Hugoton III LLC entered into an agreement to acquire BHP Billiton Petroleum (Arkansas) Inc. and BHP Billiton Petroleum (Fayetteville) LLC from BHP Billiton Limited (ASX:BHP) for $300 million.
2018-07-27,80,MMGJ Hugoton III LLC entered into an agreement to acquire BHP Billiton Petroleum (Arkansas) Inc. and BHP Billiton Petroleum (Fayetteville) LLC from BHP Billiton Limited (ASX:BHP) for $300 million.
2018-07-27,80,MMGJ Hugoton III LLC entered into an agreement to acquire BHP Billiton Petroleum (Arkansas) Inc. and BHP Billiton Petroleum (Fayetteville) LLC from BHP Billiton Limited (ASX:BHP) for $300 million.
2018-08-06,62,"BHP Group, Annual General Meeting, Oct 17, 2018"
2018-08-06,62,"BHP Billiton Limited, Annual General Meeting, Nov 08, 2018"
2018-08-06,62,"BHP Billiton plc, Annual General Meeting, Oct 17, 2018"
2018-08-07,51,"BHP Nickel West Presents at Diggers & Dealers Mining Forum 2018, Aug-06-2018 04:10 PM"
2018-08-07,41,BHP Nickel West Plans to Build Three New Mines in the Northern Goldfields over the Next Two Years
2018-08-10,25,BHP Billiton Limited and BHP Billiton Plc. Reaches an Agreement to Settle the Class Action Complaint Filed in the US District Court of the Southern District of New York
2018-08-14,55,"BHP Billiton Limited to Report Fiscal Year 2018 Results on Aug 21, 2018"
2018-08-16,48,"BHP Group, 2018 Earnings Call, Aug 21, 2018"
2018-08-16,48,"BHP Billiton plc, BHP Billiton Limited, 2018 Earnings Call, Aug 21, 2018"
2018-08-16,48,"BHP Group, 2018 Earnings Call, Aug 21, 2018"
2018-08-16,48,"BHP Billiton plc, BHP Billiton Limited, 2018 Earnings Call, Aug 21, 2018"
2018-08-20,29,"BHP Billiton Limited Reports Unaudited Consolidated Earnings and Production Results for the Year Ended June 30, 2018; Provides Earnings and Production Guidance for the Fiscal Year 2019"
2018-08-20,29,"BHP Billiton Limited Reports Unaudited Consolidated Earnings and Production Results for the Year Ended June 30, 2018; Provides Earnings and Production Guidance for the Fiscal Year 2019"
2018-08-20,29,"BHP Billiton Limited Reports Unaudited Consolidated Production Results for the Year Ended June 30, 2018; Provides Earnings and Production Guidance for the Fiscal Year 2019"
2018-08-20,29,"BHP Billiton Limited Announces Unaudited Consolidated Earnings and Production Results for the Year Ended June 30, 2018; Provides Production Guidance for the Year 2019; Provides Earnings Guidance for the Year 2019 and 2020"
2018-08-20,29,"BHP Billiton Limited Reports Unaudited Consolidated Earnings and Production Results for the Year Ended June 30, 2018; Provides Earnings and Production Guidance for the Fiscal Year 2019"
2018-08-20,29,"BHP Billiton Limited Reports Unaudited Consolidated Earnings and Production Results for the Year Ended June 30, 2018; Provides Earnings and Production Guidance for the Fiscal Year 2019"
2018-08-20,29,"BHP Billiton Limited Reports Unaudited Consolidated Production Results for the Year Ended June 30, 2018; Provides Earnings and Production Guidance for the Fiscal Year 2019"
2018-08-20,29,"BHP Billiton Limited Announces Unaudited Consolidated Earnings and Production Results for the Year Ended June 30, 2018; Provides Production Guidance for the Year 2019; Provides Earnings Guidance for the Year 2019 and 2020"
2018-08-20,29,"BHP Billiton Limited Reports Unaudited Consolidated Earnings and Production Results for the Year Ended June 30, 2018; Provides Earnings and Production Guidance for the Fiscal Year 2019"
2018-08-20,29,"BHP Billiton Limited Reports Unaudited Consolidated Earnings and Production Results for the Year Ended June 30, 2018; Provides Earnings and Production Guidance for the Fiscal Year 2019"
2018-08-20,29,"BHP Billiton Limited Reports Unaudited Consolidated Production Results for the Year Ended June 30, 2018; Provides Earnings and Production Guidance for the Fiscal Year 2019"
2018-08-20,29,"BHP Billiton Limited Announces Unaudited Consolidated Earnings and Production Results for the Year Ended June 30, 2018; Provides Production Guidance for the Year 2019; Provides Earnings Guidance for the Year 2019 and 2020"
2018-08-20,29,"BHP Billiton Limited Reports Unaudited Consolidated Earnings and Production Results for the Year Ended June 30, 2018; Provides Earnings and Production Guidance for the Fiscal Year 2019"
2018-08-20,29,"BHP Billiton Limited Reports Unaudited Consolidated Earnings and Production Results for the Year Ended June 30, 2018; Provides Earnings and Production Guidance for the Fiscal Year 2019"
2018-08-20,29,"BHP Billiton Limited Reports Unaudited Consolidated Production Results for the Year Ended June 30, 2018; Provides Earnings and Production Guidance for the Fiscal Year 2019"
2018-08-20,29,"BHP Billiton Limited Announces Unaudited Consolidated Earnings and Production Results for the Year Ended June 30, 2018; Provides Production Guidance for the Year 2019; Provides Earnings Guidance for the Year 2019 and 2020"
2018-08-20,28,"BHP Billiton Limited Reports Unaudited Consolidated Earnings and Production Results for the Year Ended June 30, 2018; Provides Earnings and Production Guidance for the Fiscal Year 2019"
2018-08-20,28,"BHP Billiton Limited Reports Unaudited Consolidated Production Results for the Year Ended June 30, 2018; Provides Earnings and Production Guidance for the Fiscal Year 2019"
2018-08-20,28,"BHP Billiton Limited Announces Unaudited Consolidated Earnings and Production Results for the Year Ended June 30, 2018; Provides Production Guidance for the Year 2019; Provides Earnings Guidance for the Year 2019 and 2020"
2018-08-20,28,"BHP Billiton Limited Reports Unaudited Consolidated Earnings and Production Results for the Year Ended June 30, 2018; Provides Earnings and Production Guidance for the Fiscal Year 2019"
2018-08-20,28,"BHP Billiton Limited Reports Unaudited Consolidated Earnings and Production Results for the Year Ended June 30, 2018; Provides Earnings and Production Guidance for the Fiscal Year 2019"
2018-08-20,28,"BHP Billiton Limited Reports Unaudited Consolidated Earnings and Production Results for the Year Ended June 30, 2018; Provides Earnings and Production Guidance for the Fiscal Year 2019"
2018-08-20,28,"BHP Billiton Limited Announces Unaudited Consolidated Earnings and Production Results for the Year Ended June 30, 2018; Provides Production Guidance for the Year 2019; Provides Earnings Guidance for the Year 2019 and 2020"
2018-08-20,28,"BHP Billiton Limited Reports Unaudited Consolidated Production Results for the Year Ended June 30, 2018; Provides Earnings and Production Guidance for the Fiscal Year 2019"
2018-08-20,28,"BHP Billiton Limited Reports Unaudited Consolidated Earnings and Production Results for the Year Ended June 30, 2018; Provides Earnings and Production Guidance for the Fiscal Year 2019"
2018-08-20,28,"BHP Billiton Limited Reports Unaudited Consolidated Earnings and Production Results for the Year Ended June 30, 2018; Provides Earnings and Production Guidance for the Fiscal Year 2019"
2018-08-20,28,"BHP Billiton Limited Announces Unaudited Consolidated Earnings and Production Results for the Year Ended June 30, 2018; Provides Production Guidance for the Year 2019; Provides Earnings Guidance for the Year 2019 and 2020"
2018-08-20,28,"BHP Billiton Limited Reports Unaudited Consolidated Production Results for the Year Ended June 30, 2018; Provides Earnings and Production Guidance for the Fiscal Year 2019"
2018-08-20,226,"BHP Billiton Limited Reports Unaudited Consolidated Earnings and Production Results for the Year Ended June 30, 2018; Provides Earnings and Production Guidance for the Fiscal Year 2019"
2018-08-20,226,"BHP Billiton Limited Reports Unaudited Consolidated Production Results for the Year Ended June 30, 2018; Provides Earnings and Production Guidance for the Fiscal Year 2019"
2018-08-20,226,"BHP Billiton Limited Announces Unaudited Consolidated Earnings and Production Results for the Year Ended June 30, 2018; Provides Production Guidance for the Year 2019; Provides Earnings Guidance for the Year 2019 and 2020"
2018-08-20,226,"BHP Billiton Limited Reports Unaudited Consolidated Earnings and Production Results for the Year Ended June 30, 2018; Provides Earnings and Production Guidance for the Fiscal Year 2019"
2018-08-20,226,"BHP Billiton Limited Reports Unaudited Consolidated Earnings and Production Results for the Year Ended June 30, 2018; Provides Earnings and Production Guidance for the Fiscal Year 2019"
2018-08-20,226,"BHP Billiton Limited Reports Unaudited Consolidated Production Results for the Year Ended June 30, 2018; Provides Earnings and Production Guidance for the Fiscal Year 2019"
2018-08-20,226,"BHP Billiton Limited Announces Unaudited Consolidated Earnings and Production Results for the Year Ended June 30, 2018; Provides Production Guidance for the Year 2019; Provides Earnings Guidance for the Year 2019 and 2020"
2018-08-20,226,"BHP Billiton Limited Reports Unaudited Consolidated Earnings and Production Results for the Year Ended June 30, 2018; Provides Earnings and Production Guidance for the Fiscal Year 2019"
2018-08-20,226,"BHP Billiton Limited Reports Unaudited Consolidated Earnings and Production Results for the Year Ended June 30, 2018; Provides Earnings and Production Guidance for the Fiscal Year 2019"
2018-08-20,226,"BHP Billiton Limited Reports Unaudited Consolidated Production Results for the Year Ended June 30, 2018; Provides Earnings and Production Guidance for the Fiscal Year 2019"
2018-08-20,226,"BHP Billiton Limited Announces Unaudited Consolidated Earnings and Production Results for the Year Ended June 30, 2018; Provides Production Guidance for the Year 2019; Provides Earnings Guidance for the Year 2019 and 2020"
2018-08-20,226,"BHP Billiton Limited Reports Unaudited Consolidated Earnings and Production Results for the Year Ended June 30, 2018; Provides Earnings and Production Guidance for the Fiscal Year 2019"
2018-08-20,226,"BHP Billiton Limited Reports Unaudited Consolidated Earnings and Production Results for the Year Ended June 30, 2018; Provides Earnings and Production Guidance for the Fiscal Year 2019"
2018-08-20,226,"BHP Billiton Limited Reports Unaudited Consolidated Production Results for the Year Ended June 30, 2018; Provides Earnings and Production Guidance for the Fiscal Year 2019"
2018-08-20,226,"BHP Billiton Limited Announces Unaudited Consolidated Earnings and Production Results for the Year Ended June 30, 2018; Provides Production Guidance for the Year 2019; Provides Earnings Guidance for the Year 2019 and 2020"
2018-08-20,226,"BHP Billiton Limited Reports Unaudited Consolidated Earnings and Production Results for the Year Ended June 30, 2018; Provides Earnings and Production Guidance for the Fiscal Year 2019"
2018-08-21,28,"BHP Billiton Limited and BHP Billiton Plc Announce Unaudited Consolidated Earnings Results for the Year Ended June 30, 2018"
2018-08-22,65,BHP Has No Intention For Shale Sale
2018-08-24,51,"BHP Billiton Limited Presents at Barclays CEO Energy-Power Conference, Sep-04-2018"
2018-09-04,80,BHP Group (ASX:BHP) signed a definitive agreement to acquire 6.1% stake in SolGold plc (LSE:SOLG) from Guyana Goldfields Inc. (TSX:GUY) for £27.4 million.
2018-09-04,80,BHP Billiton plc (LSE:BLT) signed a definitive agreement to acquire 6.1% stake in SolGold plc (LSE:SOLG) from Guyana Goldfields Inc. (TSX:GUY) for £27.4 million.
2018-09-04,80,BHP Group (ASX:BHP) signed a definitive agreement to acquire 6.1% stake in SolGold plc (LSE:SOLG) from Guyana Goldfields Inc. (TSX:GUY) for £27.4 million.
2018-09-04,80,BHP Group (ASX:BHP) signed a definitive agreement to acquire 6.1% stake in SolGold plc (LSE:SOLG) from Guyana Goldfields Inc. (TSX:GUY) for £27.4 million.
2018-09-04,80,BHP Billiton plc (LSE:BLT) signed a definitive agreement to acquire 6.1% stake in SolGold plc (LSE:SOLG) from Guyana Goldfields Inc. (TSX:GUY) for £27.4 million.
2018-09-04,80,BHP Group (ASX:BHP) signed a definitive agreement to acquire 6.1% stake in SolGold plc (LSE:SOLG) from Guyana Goldfields Inc. (TSX:GUY) for £27.4 million.
2018-09-05,81,BHP Group (ASX:BHP) completed the acquisition of 6.1% stake in SolGold plc (LSE:SOLG) from Guyana Goldfields Inc. (TSX:GUY).
2018-09-05,81,BHP Billiton plc (LSE:BLT) completed the acquisition of 6.1% stake in SolGold plc (LSE:SOLG) from Guyana Goldfields Inc. (TSX:GUY).
2018-09-05,81,BHP Group (ASX:BHP) completed the acquisition of 6.1% stake in SolGold plc (LSE:SOLG) from Guyana Goldfields Inc. (TSX:GUY).
2018-09-05,81,BHP Group (ASX:BHP) completed the acquisition of 6.1% stake in SolGold plc (LSE:SOLG) from Guyana Goldfields Inc. (TSX:GUY).
2018-09-05,81,BHP Billiton plc (LSE:BLT) completed the acquisition of 6.1% stake in SolGold plc (LSE:SOLG) from Guyana Goldfields Inc. (TSX:GUY).
2018-09-05,81,BHP Group (ASX:BHP) completed the acquisition of 6.1% stake in SolGold plc (LSE:SOLG) from Guyana Goldfields Inc. (TSX:GUY).
2018-09-07,194,BHP Billiton Limited - Special Call
2018-09-10,51,"BHP Group Presents at Credit Suisse 2018 Global Steel and Mining Conference, Sep-10-2018"
2018-09-10,51,"BHP Billiton plc Presents at Credit Suisse 2018 Global Steel and Mining Conference, Sep-10-2018"
2018-09-10,149,"The Prospectors and Developers Association of Canada, the Prospectors and Developers Association of Canada Conference 2019, Mar 03, 2019 through Mar 06, 2019"
2018-09-10,149,"The Prospectors and Developers Association of Canada, the Prospectors and Developers Association of Canada Conference 2019, Mar 03, 2019 through Mar 06, 2019"
2018-09-12,16,BHP Billiton Limited Announces Resignation of Kate Griffiths and Megan Pepper as Company Secretaries
2018-09-17,50,BHP Billiton Limited - Shareholder/Analyst Call
2018-09-18,50,BHP Group - Shareholder/Analyst Call
2018-09-18,50,BHP Billiton plc - Shareholder/Analyst Call
2018-09-18,51,"BHP Billiton Limited Presents at 17th Annual Marine Money Week Asia, Sep-19-2018 08:15 AM"
2018-09-20,93,BHP Group has filed a Shelf Registration in the amount of $946.4 million.
2018-09-20,93,BHP Group has filed a Shelf Registration in the amount of $946.4 million.
2018-09-20,93,BHP Billiton Limited has filed a Shelf Registration in the amount of $946.4 million.
2018-09-20,93,BHP Billiton Limited has filed a Shelf Registration in the amount of $946.4 million.
2018-09-24,95,BHP Group(BOIN:) added to ITRAXX Australia CDS Index Series 30
2018-09-24,95,BHP Group(BOIN:) added to ITRAXX Australia CDS Index Series 30
2018-09-24,95,BHP Group(BOIN:) added to ITRAXX Australia CDS Index Series 30
2018-09-24,95,BHP Group(BOIN:) added to ITRAXX Australia CDS Index Series 30
2018-09-28,81,MMGJ Hugoton III LLC completed the acquisition of BHP Billiton Petroleum (Arkansas) Inc. and BHP Billiton Petroleum (Fayetteville) LLC from BHP Billiton Limited (ASX:BHP).
2018-09-28,81,MMGJ Hugoton III LLC completed the acquisition of BHP Billiton Petroleum (Arkansas) Inc. and BHP Billiton Petroleum (Fayetteville) LLC from BHP Billiton Limited (ASX:BHP).
2018-09-28,81,MMGJ Hugoton III LLC completed the acquisition of BHP Billiton Petroleum (Arkansas) Inc. and BHP Billiton Petroleum (Fayetteville) LLC from BHP Billiton Limited (ASX:BHP).
2018-09-28,81,MMGJ Hugoton III LLC completed the acquisition of BHP Billiton Petroleum (Arkansas) Inc. and BHP Billiton Petroleum (Fayetteville) LLC from BHP Billiton Limited (ASX:BHP).
2018-10-17,226,BHP Billiton plc Announces Production Results for the First Quarter Ended September 2018
2018-10-17,28,BHP Billiton plc Reports Free Cash Flow for the Fiscal 2018; Provides Capital Expenditure Guidance for Fiscal 2019 and Fiscal 2020
2018-10-17,226,"BHP Billiton Limited Announces Production Results for the Quarter and Year to Date Ended September 30, 2018; Provides Production Guidance for the Year 2019"
2018-10-17,226,BHP Billiton plc Announces Production Results for the First Quarter Ended September 2018; Provides Production Guidance for the Year 2019
2018-10-17,29,BHP Billiton plc Announces Production Results for the First Quarter Ended September 2018; Provides Production Guidance for the Year 2019
2018-10-17,55,"BHP Group to Report First Half, 2019 Results on Feb 19, 2019"
2018-10-17,29,BHP Billiton plc Announces Production Results for the First Quarter Ended September 2018
2018-10-17,29,"BHP Billiton Limited Announces Production Results for the Quarter and Year to Date Ended September 30, 2018; Provides Production Guidance for the Year 2019"
2018-10-17,29,BHP Billiton plc Reports Free Cash Flow for the Fiscal 2018; Provides Capital Expenditure Guidance for Fiscal 2019 and Fiscal 2020
2018-10-22,51,"BHP Billiton Limited Presents at 2018 Baird Global Industrial Conference, Nov-08-2018 09:30 AM"
2018-10-29,50,BHP Billiton Limited - Shareholder/Analyst Call
2018-11-01,232,"BHP Billiton Limited (ASX:BHP) announces an Equity Buyback for $5,200 million worth of its shares."
2018-11-01,232,BHP Billiton Limited authorizes a Buyback Plan.
2018-11-01,232,"BHP Group Limited (ASX:BHP) announces an Equity Buyback for AUD 7,300 million worth of its shares."
2018-11-01,232,"BHP Group Limited (ASX:BHP) announces an Equity Buyback for $5,200 million worth of its shares."
2018-11-01,232,"BHP Group Limited (ASX:BHP) announces an Equity Buyback for AUD 7,300 million worth of its shares."
2018-11-01,232,"BHP Billiton Limited (ASX:BHP) announces an Equity Buyback for $5,200 million worth of its shares."
2018-11-01,232,"BHP Group Limited (ASX:BHP) announces an Equity Buyback for $5,200 million worth of its shares."
2018-11-01,232,"BHP Billiton Limited (ASX:BHP) announces an Equity Buyback for $5,200 million worth of its shares."
2018-11-01,232,"BHP Group Limited (ASX:BHP) announces an Equity Buyback for AUD 7,300 million worth of its shares."
2018-11-01,232,"BHP Group Limited (ASX:BHP) announces an Equity Buyback for $5,200 million worth of its shares."
2018-11-05,16,BHP Billiton Limited and BHP Billiton plc Announces Retirement of Wayne Murdy Retired as Non-Executive Director
2018-11-08,31,"BHP Acquires a 100% Participating Interest In, and Operatorship Of, Two Exploration Licenses for Blocks 8 and 12 in the Offshore Orphan Basin in Eastern Canada"
2018-11-19,50,BHP Group - Shareholder/Analyst Call
2018-11-19,50,BHP Billiton Limited - Shareholder/Analyst Call
2018-11-19,50,BHP Group - Shareholder/Analyst Call
2018-11-19,50,"BHP Billiton Limited, BHP Billiton plc - Shareholder/Analyst Call"
2018-11-19,207,BHP Billiton plc Settles Longstanding Transfer Pricing Dispute with the Australian Taxation Office
2018-11-19,50,"BHP Billiton Limited, BHP Billiton plc - Shareholder/Analyst Call"
2018-11-19,50,BHP Group - Shareholder/Analyst Call
2018-11-19,50,BHP Billiton Limited - Shareholder/Analyst Call
2018-11-19,50,"BHP Billiton Limited, BHP Billiton plc - Shareholder/Analyst Call"
2018-11-19,50,BHP Billiton Limited - Shareholder/Analyst Call
2018-11-20,58,BHP Group will Change its Ticker to BHP from BLT
2018-11-20,56,BHP Billiton Limited has Changed its Name to BHP Group Limited
2018-11-20,56,BHP Billiton plc has Changed its Name to BHP Group Plc
2018-11-20,58,BHP Group Plc will Change its Ticker to BHP from BLT
2018-11-26,41,BHP Copper Exploration Program Update
2018-11-26,41,BHP Copper Exploration Program Update
2018-11-26,41,BHP Copper Exploration Program Update
2018-11-26,41,BHP Copper Exploration Program Update
2018-11-26,41,BHP Copper Exploration Program Update
2018-11-26,41,BHP Copper Exploration Program Update
2018-11-27,41,BHP Group Plc Provides Copper Exploration Program Update
2018-11-28,144,"BHP Group Limited expected to report Q1 2019 results on December 4, 2018."
2018-12-10,149,"Bank of America Corporation, Bank of America Merrill Lynch Global Metals and Mining Conference, May 14, 2019 through May 16, 2019"
2018-12-10,149,"Bank of America Corporation, Bank of America Merrill Lynch Global Metals and Mining Conference, May 14, 2019 through May 16, 2019"
2018-12-10,149,"Credit Suisse Group AG, Credit Suisse Global Steel and Mining Conference, Sep 09, 2019 through Sep 10, 2019"
2018-12-10,149,"Bank of America Corporation, Bank of America Merrill Lynch Global Metals and Mining Conference, May 14, 2019 through May 16, 2019"
2018-12-10,149,"Bank of America Corporation, Bank of America Merrill Lynch Global Metals and Mining Conference, May 14, 2019 through May 16, 2019"
2018-12-10,149,"Bank of America Corporation, Bank of America Merrill Lynch Global Metals and Mining Conference, May 14, 2019 through May 16, 2019"
2018-12-10,149,"Bank of America Corporation, Bank of America Merrill Lynch Global Metals and Mining Conference, May 14, 2019 through May 16, 2019"
2018-12-12,82,EMR Capital Pty Ltd cancelled the acquisition of Compania Minera Cerro Colorado Limitada from BHP Group (ASX:BHP).
2018-12-12,82,EMR Capital Pty Ltd cancelled the acquisition of Compania Minera Cerro Colorado Limitada from BHP Group Plc (LSE:BHP).
2018-12-14,234,"BHP Billiton Limited's Equity Buyback announced on November 1, 2018, has closed with 265,839,711 shares, representing 4.99% for AUD 7,347.81 million."
2018-12-17,231,"Tranche Update on BHP Group (ASX:BHP)'s Equity Buyback Plan announced on November 1, 2018."
2018-12-17,231,"Tranche Update on BHP Group (ASX:BHP)'s Equity Buyback Plan announced on November 1, 2018."
2018-12-17,231,"Tranche Update on BHP Group Limited (ASX:BHP)'s Equity Buyback Plan announced on November 1, 2018."
2018-12-17,231,"Tranche Update on BHP Group (ASX:BHP)'s Equity Buyback Plan announced on November 1, 2018."
2018-12-17,231,"Tranche Update on BHP Group (ASX:BHP)'s Equity Buyback Plan announced on November 1, 2018."
2018-12-17,231,"Tranche Update on BHP Group (ASX:BHP)'s Equity Buyback Plan announced on November 1, 2018."
2018-12-17,231,"Tranche Update on BHP Group Limited (ASX:BHP)'s Equity Buyback Plan announced on November 1, 2018."
2018-12-17,231,"Tranche Update on BHP Group (ASX:BHP)'s Equity Buyback Plan announced on November 1, 2018."
2018-12-17,231,"Tranche Update on BHP Group (ASX:BHP)'s Equity Buyback Plan announced on November 1, 2018."
2018-12-17,231,"Tranche Update on BHP Group (ASX:BHP)'s Equity Buyback Plan announced on November 1, 2018."
2018-12-17,231,"Tranche Update on BHP Group Limited (ASX:BHP)'s Equity Buyback Plan announced on November 1, 2018."
2018-12-17,231,"Tranche Update on BHP Group (ASX:BHP)'s Equity Buyback Plan announced on November 1, 2018."
2018-12-17,231,"Tranche Update on BHP Group (ASX:BHP)'s Equity Buyback Plan announced on November 1, 2018."
2018-12-17,231,"Tranche Update on BHP Group (ASX:BHP)'s Equity Buyback Plan announced on November 1, 2018."
2018-12-17,231,"Tranche Update on BHP Group (ASX:BHP)'s Equity Buyback Plan announced on November 1, 2018."
2018-12-17,231,"Tranche Update on BHP Group Limited (ASX:BHP)'s Equity Buyback Plan announced on November 1, 2018."
2019-01-05,149,"Quest Events Pty Ltd, 7th Annual Australian Domestic Gas Outlook 2019, Mar 04, 2019 through Mar 07, 2019"
2019-01-05,51,"BHP Australia Presents at 7th Annual Australian Domestic Gas Outlook 2019, Mar-04-2019 through Mar-07-2019"
2019-01-14,149,"Sanford C. Bernstein & Co., LLC, Bernstein 16th Annual Strategic Decisions CEO Conference, Sep 25, 2019 through Sep 26, 2019"
2019-01-22,29,"BHP Group Plc Announces Group Production Results for the Second Quarter and Half Year Ended December 31, 2018; Revises Production Guidance for the Full Year 2019"
2019-01-22,29,"BHP Group Reports Production Results for the Second Quarter and Six Months Ended December 31, 2018; Provides Production Guidance for the Year 2019"
2019-01-22,226,"BHP Group Reports Production Results for the Second Quarter and Six Months Ended December 31, 2018; Provides Production Guidance for the Year 2019"
2019-01-22,226,"BHP Group Plc Announces Group Production Results for the Second Quarter and Half Year Ended December 31, 2018; Revises Production Guidance for the Full Year 2019"
2019-02-05,51,"BHP Group Presents at The Prospectors and Developers Association of Canada Conference 2019, Mar-03-2019 through Mar-06-2019"
2019-02-13,31,BHP Group Approves Atlantis Phase 3 Project and Funding for Additional Trion Appraisal Well
2019-02-19,48,"BHP Group, H1 2019 Earnings Call, Feb 19, 2019"
2019-02-19,28,"Bhp Group Reports Earnings Results for the Half Year Ended December 31, 2018"
2019-02-19,28,"Bhp Group Reports Earnings Results for the Half Year Ended December 31, 2018"
2019-02-19,28,"Bhp Group Reports Earnings Results for the Half Year Ended December 31, 2018"
2019-02-19,28,"Bhp Group Reports Earnings Results for the Half Year Ended December 31, 2018"
2019-02-19,29,BHP Group Provides Production Outlook for the fiscal Year 2019
2019-02-19,48,"BHP Group, H1 2019 Earnings Call, Feb 19, 2019"
2019-02-27,16,BHP Group Announces Management Changes
2019-02-27,83,Carbon Engineering Ltd. announced that it has received $6 million in funding from BHP Group
2019-03-07,149,"CRU International Ltd, CRU’s 18th World Copper Conference, Apr 08, 2019 through Apr 10, 2019"
2019-03-13,149,"KNect365 US, Inc., Competition Law Asia Conference, Jun 12, 2019 through Jun 13, 2019"
2019-03-13,51,"BHP Group Presents at Competition Law Asia Conference, Jun-12-2019 11:50 AM"
2019-03-19,16,BHP Group Announces Board Appointments
2019-03-27,95,BHP Group(BOIN:) added to ITRAXX Australia CDS Index Series 31
2019-03-27,95,BHP Group(BOIN:) added to ITRAXX Australia CDS Index Series 31
2019-03-27,95,BHP Group(BOIN:) added to ITRAXX Australia CDS Index Series 31
2019-03-27,95,BHP Group(BOIN:) added to ITRAXX Australia CDS Index Series 31
2019-03-28,65,BHP Reportedly Weighs Bid For Bluewater
2019-04-05,65,"Norway's Sovereign Wealth Fund Reportedly May Be Forced to Exit BHP, Glencore Investments"
2019-04-05,65,"Norway's Sovereign Wealth Fund Reportedly May Be Forced to Exit BHP, Glencore Investments"
2019-04-05,65,"Norway's Sovereign Wealth Fund Reportedly May Be Forced to Exit BHP, Glencore Investments"
2019-04-05,65,"Norway's Sovereign Wealth Fund Reportedly May Be Forced to Exit BHP, Glencore Investments"
2019-04-17,29,"BHP Group Announces Group Production Results for the Third Quarter and Nine Months Ended March 31, 2019; Revised Production Guidance for the Fiscal Year 2019"
2019-04-17,226,"BHP Group Announces Group Production Results for the Third Quarter and Nine Months Ended March 31, 2019; Revised Production Guidance for the Fiscal Year 2019"
2019-04-18,55,"BHP Group to Report Fiscal Year 2019 Results on Aug 20, 2019"
2019-04-24,23,Dassault Systèmes and BHP Engage in a Long-Term Strategic Partnership
2019-05-07,25,BHP to Defend Samarco Legal Claim
2019-05-14,1,BHP To Keep Nickel West Operations In Australia Amid Positive Battery Outlook
2019-05-14,51,"BHP Group Presents at Bank of America Merrill Lynch Global Metals and Mining Conference, May-14-2019 08:45 AM"
2019-05-17,65,"Friedland Reportedly In Talks To Acquire Iron Ore Deposit From BHP, Newmont Goldcorp, Areva"
2019-05-22,194,BHP Group - Special Call
2019-05-23,3,BHP To Seek Acquisitions
2019-05-23,3,BHP To Seek Acquisitions
2019-05-23,3,BHP To Seek Acquisitions
2019-05-23,3,BHP To Seek Acquisitions
2019-06-04,149,"The Mining Journal Ltd., Mining Journal Select London, Jun 24, 2019 through Jun 25, 2019"
2019-06-06,194,BHP Group - Special Call
2019-06-15,51,"BHP Group Presents at Mining Journal Select London, Jun-25-2019 08:00 AM"
2019-06-20,23,BHP and Mitsubishi Development Pty Ltd Sign Up to Reduce Greenhouse Gas Emissions
2019-06-21,65,BHP Reportedly Plans To Sell Stake In Samurai Field In US Gulf
2019-07-12,55,"BHP Group to Report Q1, 2021 Results on Oct 20, 2020"
2019-07-12,219,"BHP Group to Report Fiscal Year 2020 Operating Results on Jul 21, 2020"
2019-07-12,55,"BHP Group to Report First Half, 2020 Results on Feb 18, 2020"
2019-07-12,55,"BHP Group to Report First Half, 2020 Results on Feb 18, 2020"
2019-07-12,55,"BHP Group to Report Q3, 2020 Results on Apr 21, 2020"
2019-07-12,55,"BHP Group to Report First Half, 2020 Results on Feb 18, 2020"
2019-07-12,55,"BHP Group to Report First Half, 2020 Results on Feb 18, 2020"
2019-07-17,226,"BHP Group Reports Unaudited Consolidated Production Results for the Quarter and Year to Date Ended June 30, 2019; Provides Earnings and Production Guidance for the Fiscal Year 2020"
2019-07-17,29,"BHP Group Reports Unaudited Consolidated Production Results for the Quarter and Year to Date Ended June 30, 2019; Provides Earnings and Production Guidance for the Fiscal Year 2020"
2019-08-08,62,"BHP Group, Annual General Meeting, Oct 17, 2019"
2019-08-08,62,"BHP Group Plc, Annual General Meeting, Oct 17, 2019"
2019-08-19,51,"BHP Presents at Bernstein 16th Annual Strategic Decisions CEO Conference, Sep-25-2019"
2019-08-19,226,"BHP Group Reports Production Results for the Fiscal Year Ended June 30, 2019; Provides Production Guidance for the Fiscal Year 2020"
2019-08-19,28,"BHP Group Reports Earnings Results for the Full Year Ended June 30, 2019"
2019-08-19,29,"BHP Group Reports Production Results for the Fiscal Year Ended June 30, 2019; Provides Production Guidance for the Fiscal Year 2020"
2019-08-19,48,"BHP Group, 2019 Earnings Call, Aug 20, 2019"
2019-08-20,80,A private equity firm agreed to acquire 50% stake in Samurai Prospect from BHP Group Limited.
2019-08-20,80,A private equity firm agreed to acquire 50% stake in Samurai Prospect from BHP Group (ASX:BHP).
2019-08-29,65,"Talks On Guinea's Iron Ore Advance, BHP Nears Deal On Nimba"
2019-09-03,156,The Australasian Centre for Corporate Responsibility Submits a Shareholder Proposal to BHP Group
2019-09-03,156,The Australasian Centre for Corporate Responsibility Submits a Shareholder Proposal to BHP Group
2019-09-03,149,"Morningstar, Inc., Management Behind the Moat Conference, Nov 06, 2019 through Nov 07, 2019"
2019-09-05,156,The Australasian Centre for Corporate Responsibility Submits a Shareholder Proposal to BHP Group
2019-09-05,50,BHP Group - Shareholder/Analyst Call
2019-09-05,80,"High Power Exploration Inc. agreed to acquire 95% stake in the Nimba Iron Ore Deposit in the Republic of Guinea from BHP Group (ASX:BHP), Newmont Goldcorp Corporation (NYSE:NEM) and Orano Mining SA."
2019-09-05,51,"BHP Group Presents at Credit Suisse Global Steel and Mining Conference, Sep-09-2019"
2019-09-05,156,The Australasian Centre for Corporate Responsibility Submits a Shareholder Proposal to BHP Group
2019-09-11,149,"The Prospectors and Developers Association of Canada, Prospectors & Developers Association of Canada 2020, Mar 01, 2020 through Mar 04, 2020"
2019-09-11,149,"The Prospectors and Developers Association of Canada, Prospectors & Developers Association of Canada 2020, Mar 01, 2020 through Mar 04, 2020"
2019-09-11,149,"The Prospectors and Developers Association of Canada, Prospectors & Developers Association of Canada 2020, Mar 01, 2020 through Mar 04, 2020"
2019-09-11,149,"The Prospectors and Developers Association of Canada, Prospectors & Developers Association of Canada 2020, Mar 01, 2020 through Mar 04, 2020"
2019-09-12,81,BHP Group (ASX:BHP) acquired Cemvita Factory Inc.
2019-09-16,50,BHP Group Limited - Shareholder/Analyst Call
2019-09-16,50,BHP Group - Shareholder/Analyst Call
2019-09-16,51,"BHP Group Presents at Management Behind the Moat Conference, Nov-06-2019"
2019-09-17,160,BHP Group Announces the Annual General Meeting Date
2019-09-18,149,"BMO Capital Markets Corp., BMO 29th Global Metals & Mining Conference, Feb 23, 2020 through Feb 26, 2020"
2019-09-18,149,"BMO Capital Markets Corp., BMO 29th Global Metals & Mining Conference, Feb 23, 2020 through Feb 26, 2020"
2019-09-18,149,"BMO Capital Markets Corp., BMO 29th Global Metals & Mining Conference, Feb 23, 2020 through Feb 26, 2020"
2019-09-18,149,"BMO Capital Markets Corp., BMO 29th Global Metals & Mining Conference, Feb 23, 2020 through Feb 26, 2020"
2019-09-18,149,"BMO Capital Markets Corp., BMO 29th Global Metals & Mining Conference, Feb 23, 2020 through Feb 26, 2020"
2019-09-18,149,"BMO Capital Markets Corp., BMO 29th Global Metals & Mining Conference, Feb 23, 2020 through Feb 26, 2020"
2019-09-18,149,"BMO Capital Markets Corp., BMO 29th Global Metals & Mining Conference, Feb 23, 2020 through Feb 26, 2020"
2019-09-18,149,"BMO Capital Markets Corp., BMO 29th Global Metals & Mining Conference, Feb 23, 2020 through Feb 26, 2020"
2019-09-18,149,"BMO Capital Markets Corp., BMO 29th Global Metals & Mining Conference, Feb 23, 2020 through Feb 26, 2020"
2019-09-30,81,"High Power Exploration Inc. completed the acquisition of 95% stake in the Nimba Iron Ore Deposit in the Republic of Guinea from BHP Group (ASX:BHP), Newmont Goldcorp Corporation (NYSE:NEM) and Orano Mining SA."
2019-10-08,50,BHP Group - Shareholder/Analyst Call
2019-10-15,50,BHP Group - Shareholder/Analyst Call
2019-10-15,50,BHP Group Plc - Shareholder/Analyst Call
2019-10-16,149,"Hyve Group Plc, Investing in African Mining Indaba 2020, Feb 03, 2020 through Feb 06, 2020"
2019-10-17,226,"BHP Group Announces Production Results for the Quarter Ended September 30, 2019; Provides Production Guidance for Fiscal 2020"
2019-10-17,226,"BHP Group Announces Production Results for the Quarter and Year to Date Ended September 30, 2019; Provides Production Guidance for the Fiscal 2020"
2019-10-17,16,BHP Group Announces Committee Changes
2019-10-17,219,"BHP Group to Report First Half, 2020 Operating Results on Jan 21, 2020"
2019-10-17,29,"BHP Group Announces Production Results for the Quarter Ended September 30, 2019; Provides Production Guidance for Fiscal 2020"
2019-10-17,29,"BHP Group Announces Production Results for the Quarter and Year to Date Ended September 30, 2019; Provides Production Guidance for the Fiscal 2020"
2019-10-17,29,"BHP Group Announces Production Results for the Quarter Ended September 30, 2019; Provides Production Guidance for Fiscal 2020"
2019-10-17,55,"BHP Group to Report Fiscal Year 2020 Results on Aug 18, 2020"
2019-10-17,226,"BHP Group Announces Production Results for the Quarter and Year to Date Ended September 30, 2019; Provides Production Guidance for the Fiscal 2020"
2019-10-17,226,"BHP Group Announces Production Results for the Quarter Ended September 30, 2019; Provides Production Guidance for Fiscal 2020"
2019-10-17,29,"BHP Group Announces Production Results for the Quarter and Year to Date Ended September 30, 2019; Provides Production Guidance for the Fiscal 2020"
2019-10-20,23,BHP Group Targets 100% Renewable Energy at Escondida and Spence Operations and Elimination of Water Usage from Aquifers in Chile
2019-10-22,194,BHP Group - Special Call
2019-11-04,81,A private equity firm completed the acquisition of 50% stake in Samurai Prospect from BHP Group (ASX:BHP).
2019-11-07,16,BHP Group Announces Retirement of Carolyn Hewson from the Board
2019-11-07,163,Declaration of Voting Results by BHP Group
2019-11-07,50,BHP Group - Shareholder/Analyst Call
2019-11-08,194,BHP Group - Special Call
2019-11-13,101,BHP Group Announces Executive Changes
2019-11-13,16,BHP Group Announces Executive Changes
2019-12-04,16,"BHP Group Announces the Appointment of Gary Goldberg to the company's Board as an Independent Non-Executive Director, Effective 1 February 2020"
2019-12-04,16,"BHP Appoints Gary Goldberg as an Independent Non-Executive Director, Effective 1 February 2020"
2019-12-09,16,BHP Group Announces Executive Changes
2019-12-20,51,"BHP Group Presents at Investing in African Mining Indaba 2020, Feb-04-2020 10:35 AM"
2019-12-22,101,BHP Announces Management Changes
2020-01-07,16,BHP Group plc and BHP Group Announces Retirement of Andrew Mackenzie as Chief Executive Officer and Executive Director
2020-01-07,101,BHP Group plc and BHP Group Announces Retirement of Andrew Mackenzie as Chief Executive Officer and Executive Director
2020-01-14,16,BHP Group Limited Announces Board Changes
2020-01-21,29,"BHP Group plc Announces Group Production Results for the Second Quarter and Half Year Ended December 31, 2019; Provides Production Guidance for the Full Year 2019"
2020-01-21,226,"BHP Group plc Announces Group Production Results for the Second Quarter and Half Year Ended December 31, 2019; Provides Production Guidance for the Full Year 2019"
2020-01-29,149,"Bank of America Corporation, BAML 2020 Global Metals, Mining & Steel Conference, May 12, 2020 through May 14, 2020"
2020-01-31,23,The AFL and BHP Announces Game-Changing AFLW Partnership
2020-02-10,48,"BHP Group, H1 2020 Earnings Call, Feb 18, 2020"
2020-02-10,48,"BHP Group, H1 2020 Earnings Call, Feb 18, 2020"
2020-02-17,28,"Bhp Group Reports Earnings Results for the Half Year Ended December 31, 2019"
2020-02-17,29,BHP Group Provides Production Guidance for the Fiscal Year 2020
2020-02-19,51,"BHP Group Presents at BMO 29th Global Metals & Mining Conference, Feb-23-2020"
2020-03-14,22,Black & Veatch Limited and BHP Group Completes Escondida Water Supply Expansion Project in Chile
2020-03-20,31,"BHP Group to Hire 1,500 Additional People to Support Its Workforce Operating Across Australia"
2020-03-23,41,BHP Group Completes Escondida Water Supply Expansion Project at its Minera Escondida Mine in Chile
2020-04-21,29,"BHP Group Announces Production Results for the Third Quarter and Nine Months Ended March 31, 2020; Revises Production Guidance for the Fiscal 2020"
2020-04-21,226,"BHP Group Announces Production Results for the Third Quarter and Nine Months Ended March 31, 2020; Revises Production Guidance for the Fiscal 2020"
2020-05-06,16,BHP Group Announces Board Appointments
2020-05-12,51,"BHP Group Presents at BAML 2020 Global Metals, Mining & Steel Conference, May-12-2020"
2020-05-13,65,Norway's Sovereign Wealth Fund to Divest Its Stake in BHP
2020-05-22,16,"BHP Announces the Appointment of Edgar Basto as President Minerals Australia, Effective 1 July 2020"
2020-06-16,102,David Lamont Joins as Chief Financial Officer of BHP Group Effective 1 December 2020
2020-06-23,149,"AMG World LTD, Future Downstream Automation Summit 2020, Sep 08, 2020 through Sep 09, 2020"
2020-06-24,51,"BHP Group Presents at Future Downstream Automation Summit 2020, Sep-08-2020"
2020-06-24,65,BHP Group Reportedly Hires Banks to Sell Australian Thermal Coal Mine
2020-07-15,83,BHP Group announced that it has received funding from Norges Bank
2020-07-20,48,"BHP Group, 2020 Earnings Call, Aug 18, 2020"
2020-07-22,65,Several Companies Reportedly Interested in Acquiring the Ecuadoran Gov's JV Project
2020-07-23,65,Yancoal Confirms To Buy Stake in BHP
2020-08-12,50,BHP Group - Shareholder/Analyst Call
2020-08-13,194,BHP Group - Special Call
2020-08-17,28,"Bhp Group Reports Earnings Results for the Full Year Ended June 30, 2020"
2020-08-17,1,BHP to Put Australian Bass Strait Oil and Gas Assets Up for Sale
2020-08-18,48,"BHP Group, 2020 Earnings Call, Aug 18, 2020"
2020-08-18,48,"BHP Group, 2020 Earnings Call, Aug 18, 2020"
2020-08-18,16,BHP Announces Executive Changes
2020-08-18,48,"BHP Group, 2020 Earnings Call, Aug 18, 2020"
2020-08-18,29,BHP Group Provides Production Guidance for the Year 2021
2020-08-18,48,"BHP Group, 2020 Earnings Call, Aug 18, 2020"
2020-08-18,48,"BHP Group, 2020 Earnings Call, Aug 18, 2020"
2020-08-19,65,Acquisition of the Thermal Coal Mine Reportedly No Longer on Yancoal's Agenda
2020-08-19,1,BHP to Divest Metallurgical Mines
2020-08-20,80,Randall & Quilter II Holdings Limited signed an agreement to acquire The World Marine & General Insurance Company PLC from BHP Group.
2020-08-20,80,Randall & Quilter II Holdings Limited signed an agreement to acquire The World Marine & General Insurance Company PLC from BHP Group.
2020-08-20,80,Randall & Quilter II Holdings Limited signed an agreement to acquire The World Marine & General Insurance Company PLC from BHP Group.
2020-08-20,80,Randall & Quilter II Holdings Limited signed an agreement to acquire The World Marine & General Insurance Company PLC from BHP Group.
2020-08-20,194,BHP Group - Special Call
2020-08-27,16,"BHP Group Announces the Appointment of Edgar Basto as President Minerals Australia, Effective 1 July 2020"
2020-09-02,42,BHP Launches Subordinated Note Repurchase Plan
2020-09-03,16,"BHP Announces Appointment of Christine O'Reilly as Independent Non-Executive Director, Effective 12 October 2020"
2020-09-09,16,BHP Group Limited and BHP Group Plc Announces Retirement of Lindsay Maxsted as Non-Executive Director
2020-09-10,194,BHP Group - Special Call
2020-09-10,194,BHP Group - Special Call
2020-09-15,77,BHP Group Limited Proposes Amendment to the Constitution
2020-09-15,62,"BHP Group, Annual General Meeting, Oct 14, 2020"
2020-09-17,42,BHP Group Announces Early Results in Subordinated Note Repurchase
2020-09-21,42,BHP Group Announces Early Redemption of 6.250% Subordinated Notes Non-Call 5 Fixed Rate Reset Notes due 2075
2020-09-28,65,"Beach Energy Out of Eni Race, Focuses on Bass Strait"
2020-10-13,16,"BHP Group Announces Executive Changes, Effective from 15 October 2020"
2020-10-14,101,BHP Group Limited Appoints Mike Henry as Chief Executive Officer
2020-10-14,16,BHP Group Limited Announces Management Changes
2020-10-16,149,"International Association of Geophysical Contractors, 2020 IAGC Global HSSE Forum, Oct 20, 2020 through Oct 21, 2020"
2020-10-16,51,"BHP Group Presents at 2020 IAGC Global HSSE Forum, Oct-20-2020 through Oct-21-2020"
2020-10-20,29,Bhp Group Provides Production Guidance for Fiscal 2021
2020-10-20,226,"BHP Group Announces Production Results for the Quarter Ended September 30, 2020"
2020-10-20,16,Shriti Vadera Retires as A Non-Executive Director of BHP Group Limited and BHP Group Plc
2020-11-18,65,Three Parties Reportedly Join Race for Exxon Assets
2020-11-24,42,BHP Group Announces Result of BHP Subordinated Note Repurchase Plan
2020-11-30,42,"BHP Group to Fully Redeem All of the US Dollar Notes Outstanding on December 30, 2020 of the Outstanding USD 2,250,000,000, 6.750% Subordinated Non-Call 10 Fixed Rate Reset Notes Due 2075"
2020-12-02,149,"BMO Capital Markets Corp., BMO 30th Global Metals and Mining Conference, Mar 01, 2021 through Mar 05, 2021"
2020-12-02,149,"BMO Capital Markets Corp., BMO 30th Global Metals and Mining Conference, Mar 01, 2021 through Mar 05, 2021"
2020-12-02,149,"BMO Capital Markets Corp., BMO 30th Global Metals and Mining Conference, Mar 01, 2021 through Mar 05, 2021"
2020-12-02,149,"BMO Capital Markets Corp., BMO 30th Global Metals and Mining Conference, Mar 01, 2021 through Mar 05, 2021"
2020-12-02,149,"BMO Capital Markets Corp., BMO 30th Global Metals and Mining Conference, Mar 01, 2021 through Mar 05, 2021"
2020-12-02,149,"BMO Capital Markets Corp., BMO 30th Global Metals and Mining Conference, Mar 01, 2021 through Mar 05, 2021"
2020-12-02,149,"BMO Capital Markets Corp., BMO 30th Global Metals and Mining Conference, Mar 01, 2021 through Mar 05, 2021"
2020-12-02,149,"BMO Capital Markets Corp., BMO 30th Global Metals and Mining Conference, Mar 01, 2021 through Mar 05, 2021"
2020-12-02,149,"BMO Capital Markets Corp., BMO 30th Global Metals and Mining Conference, Mar 01, 2021 through Mar 05, 2021"
2020-12-18,83,Boston Electrometallurgical Corporation announced that it expects to receive $59.999974 million in funding
2020-12-18,83,Boston Electrometallurgical Corporation announced that it expects to receive $59.999974 million in funding
2020-12-18,83,Boston Electrometallurgical Corporation announced that it expects to receive $59.999974 million in funding
2020-12-18,83,Boston Metal announced a financing transaction
2020-12-18,83,Boston Electrometallurgical Corporation announced a financing transaction
2020-12-18,83,Boston Electrometallurgical Corporation announced that it expects to receive $59.999974 million in funding
2020-12-18,83,Boston Electrometallurgical Corporation announced that it expects to receive $59.999974 million in funding
2020-12-18,83,Boston Electrometallurgical Corporation announced that it expects to receive $59.999974 million in funding
2020-12-18,83,Boston Metal announced a financing transaction
2020-12-18,83,Boston Electrometallurgical Corporation announced a financing transaction
2020-12-18,83,Boston Electrometallurgical Corporation announced that it expects to receive $59.999974 million in funding
2020-12-18,83,Boston Electrometallurgical Corporation announced that it expects to receive $59.999974 million in funding
2020-12-18,83,Boston Electrometallurgical Corporation announced that it expects to receive $59.999974 million in funding
2020-12-18,83,Boston Metal announced a financing transaction
2020-12-18,83,Boston Electrometallurgical Corporation announced a financing transaction
2020-12-21,83,Boston Electrometallurgical Corporation announced that it expects to receive $59.999974 million in funding
2020-12-21,83,Boston Electrometallurgical Corporation announced that it expects to receive $59.999974 million in funding
2020-12-21,83,Boston Electrometallurgical Corporation announced that it expects to receive $59.999974 million in funding
2020-12-21,83,Boston Electrometallurgical Corporation announced a financing transaction
2020-12-21,83,Boston Metal announced a financing transaction
2020-12-21,16,BHP Group Announces Board Changes
2021-01-04,83,Boston Electrometallurgical Corporation announces tranche update
2021-01-04,149,"Bank of America Corporation, Bank of America Global Metals, Mining & Steel Virtual Conference 2021, May 18, 2021 through May 20, 2021"
2021-01-04,83,Boston Electrometallurgical Corporation announces tranche update
2021-01-04,83,Boston Electrometallurgical Corporation announced that it has received $50.099984 million in funding from a group of investors
2021-01-04,83,Boston Electrometallurgical Corporation announced that it has received $50.099984 million in funding from a group of investors
2021-01-04,83,Boston Electrometallurgical Corporation announced that it has received $50.099984 million in funding from a group of investors
2021-01-04,83,Boston Electrometallurgical Corporation announced that it has received $50.099984 million in funding from a group of investors
2021-01-05,81,Randall & Quilter II Holdings Limited completed the acquisition of The World Marine & General Insurance Company PLC from BHP Group (ASX:BHP)
2021-01-20,226,BHP Group PLC Announces Operational Results for the Second Quarter and Half Year Ended 31 Dec. 2020
2021-01-20,55,"BHP Group to Report First Half, 2021 Results on Feb 16, 2021"
2021-02-13,219,"BHP Group to Report Q3, 2021 Operating Results on Apr 21, 2021"
2021-02-13,219,"BHP Group to Report Fiscal Year 2021 Operating Results on Jul 20, 2021"
2021-02-13,55,"BHP Group to Report Fiscal Year 2021 Results on Aug 17, 2021"
2021-02-13,219,"BHP Group to Report Q1, 2022 Operating Results on Oct 19, 2021"
2021-02-15,48,"BHP Group, H1 2021 Earnings Call, Feb 16, 2021"
2021-02-15,3,BHP to Seek Acquisitions
2021-02-15,48,"BHP Group, H1 2021 Earnings Call, Feb 16, 2021"
2021-02-15,28,"Bhp Group Reports Earnings Results for the Half Year Ended December 31, 2020"
2021-02-15,48,"BHP Group, H1 2021 Pre Recorded Earnings Call, Feb 15, 2021"
2021-02-19,51,"BHP Group Presents at BMO 30th Global Metals and Mining Conference, Mar-01-2021"
2021-02-19,51,"BHP Group Presents at BMO 30th Global Metals and Mining Conference, Mar-01-2021"
2021-02-19,51,"BHP Group Presents at BMO 30th Global Metals and Mining Conference, Mar-01-2021"
2021-02-19,51,"BHP Group Presents at BMO 30th Global Metals and Mining Conference, Mar-01-2021"
2021-02-19,51,"BHP Group Presents at BMO 30th Global Metals and Mining Conference, Mar-01-2021"
2021-02-19,51,"BHP Group Presents at BMO 30th Global Metals and Mining Conference, Mar-01-2021"
2021-02-19,51,"BHP Group Presents at BMO 30th Global Metals and Mining Conference, Mar-01-2021"
2021-02-19,51,"BHP Group Presents at BMO 30th Global Metals and Mining Conference, Mar-01-2021"
2021-02-19,51,"BHP Group Presents at BMO 30th Global Metals and Mining Conference, Mar-01-2021"
2021-02-24,149,"Citigroup Inc., Pan-Asia ESG conference 2021 - Focus on Carbon Neutrality, Mar 23, 2021 through Mar 25, 2021"
2021-02-24,50,BHP Group - Shareholder/Analyst Call
2021-02-24,51,"BHP Group Presents at Pan-Asia ESG conference 2021 - Focus on Carbon Neutrality, Mar-23-2021 11:00 AM"
2021-04-21,29,BHP Group Provides Production Guidance for the Full Year 2021
2021-04-21,226,BHP Group Announces Production Results for the Third Quarter and Nine Months Ended March 2021
2021-04-23,149,"Sanford C. Bernstein & Co., LLC, Bernstein's 18th Annual Strategic Decisions Conference, Sep 22, 2021 through Sep 23, 2021"
2021-05-04,149,"8728968 Canada Inc, Energy and Mines Africa Virtual Summit, May 04, 2021 through May 06, 2021"
2021-05-05,51,"BHP Group Presents at Energy and Mines Africa Virtual Summit, May-04-2021"
2021-05-18,51,"BHP Group Presents at Bank of America Global Metals, Mining & Steel Virtual Conference 2021, May-18-2021 04:20 AM"
2021-05-18,51,"BHP Group Presents at Bank of America Global Metals, Mining & Steel Virtual Conference 2021, May-18-2021 04:20 AM"
2021-05-18,51,"BHP Group Presents at Bank of America Global Metals, Mining & Steel Virtual Conference 2021, May-18-2021 04:20 AM"
2021-05-18,51,"BHP Group Presents at Bank of America Global Metals, Mining & Steel Virtual Conference 2021, May-18-2021 04:20 AM"
2021-05-20,23,Bhp Exercises Option over $22 Million Farm-In At Elliott Cu Project
2021-05-20,23,BHP Exercises Option over $22 Million Farm-In At Elliott Cu Project
2021-05-20,23,Bhp Exercises Option over $22 Million Farm-In At Elliott Cu Project
2021-05-20,23,BHP Exercises Option over $22 Million Farm-In At Elliott Cu Project
2021-05-21,81,"EnVen Energy Ventures, LLC acquired 35% stake in Neptune field in Gulf of Mexico from BHP Billiton Petroleum (Deepwater) Inc."
2021-05-21,81,EnVen Energy Corporation acquired 35% stake in Neptune field in Gulf of Mexico from BHP Group (ASX:BHP).
2021-05-21,81,"EnVen Energy Ventures, LLC acquired 35% stake in Neptune field in Gulf of Mexico from BHP Billiton Petroleum (Deepwater) Inc."
2021-05-26,149,"Informa plc, Competition Law Asia-Pacific, Jul 13, 2021 through Jul 14, 2021"
2021-05-26,65,BHP Reportedly in Talks with Nutrien on Jansen Project
2021-06-02,80,"Mitsui & Co., Ltd. (TSE:8031) and ITOCHU Corporation (TSE:8001) signed an agreement to acquire partial interest in Western Ridge Iron Ore Deposits in Australia from BHP Group (ASX:BHP)."
2021-06-03,83,"Jetti Resources announced that it expects to receive $50 million in funding from BHP Group, Freeport-McMoRan Inc., Mitsubishi Corporation"
2021-06-03,83,"Jetti Resources announced that it expects to receive $50 million in funding from BHP Group, Freeport-McMoRan Inc., Mitsubishi Corporation"
2021-06-03,83,"Jetti Resources announced that it expects to receive $50 million in funding from BHP Group, Freeport-McMoRan Inc., Mitsubishi Corporation"
2021-06-03,83,"Jetti Resources announced that it expects to receive $50 million in funding from BHP Group, Freeport-McMoRan Inc., Mitsubishi Corporation"
2021-06-04,83,"Jetti Resources announced that it has received $50 million in funding from BHP Group, Freeport-McMoRan Inc., Mitsubishi Corporation, T. Rowe Price Group, Inc., Orion Resource Partners"
2021-06-10,83,Circulor Ltd. announced that it has received £10 million in funding from a group of investors
2021-06-17,194,BHP Group - Special Call
2021-06-17,194,BHP Group - Shareholder/Analyst Call
2021-06-17,194,BHP Group - Special Call
2021-06-17,50,BHP Group - Special Call
2021-06-17,194,BHP Group - Special Call
2021-06-17,50,BHP Group - Shareholder/Analyst Call
2021-06-25,65,Elliott Management Reportedly Leads Chase for BHP Coal Mines
2021-06-28,80,Glencore plc (LSE:GLEN) acquired 66.66% stake in Carbones del Cerrejon Limited from Anglo American plc (LSE:AAL) and BHP Group (ASX:BHP).
2021-06-28,80,Glencore plc (LSE:GLEN) entered into an agreement to acquire additional 33.3% stake in Carbones del Cerrejon Limited from Anglo American plc (LSE:AAL) and BHP Group (ASX:BHP) for approximately $290 million.
2021-06-28,80,Glencore plc (LSE:GLEN) entered into an agreement to acquire additional 33.3% stake in Carbones del Cerrejon Limited from Anglo American plc (LSE:AAL) and BHP Group (ASX:BHP) for approximately $290 million.
2021-06-28,80,Glencore plc (LSE:GLEN) entered into an agreement to acquire additional 33.3% stake in Carbones del Cerrejon Limited from Anglo American plc (LSE:AAL) and BHP Group (ASX:BHP) for approximately $290 million.
2021-06-28,80,Glencore plc (LSE:GLEN) entered into an agreement to acquire additional 33.3% stake in Carbones del Cerrejon Limited from Anglo American plc (LSE:AAL) and BHP Group (ASX:BHP) for approximately $290 million.
2021-06-28,80,Glencore plc (LSE:GLEN) acquired 66.66% stake in Carbones del Cerrejon Limited from Anglo American plc (LSE:AAL) and BHP Group (ASX:BHP).
2021-06-28,80,Glencore plc (LSE:GLEN) entered into an agreement to acquire the remaining 66.6% stake in Carbones del Cerrejon Limited from Anglo American plc (LSE:AAL) and BHP Group Plc for approximately $590 million.
2021-06-28,80,Glencore plc (LSE:GLEN) acquired 66.66% stake in Carbones del Cerrejon Limited from Anglo American plc (LSE:AAL) and BHP Group (ASX:BHP).
2021-06-28,80,Glencore plc (LSE:GLEN) entered into an agreement to acquire the remaining 66.6% stake in Carbones del Cerrejon Limited from Anglo American plc (LSE:AAL) and BHP Group Plc for approximately $590 million.
2021-06-28,80,Glencore plc (LSE:GLEN) entered into an agreement to acquire the remaining 66.6% stake in Carbones del Cerrejon Limited from Anglo American plc (LSE:AAL) and BHP Group Plc for approximately $590 million.
2021-06-28,80,Glencore plc (LSE:GLEN) entered into an agreement to acquire the remaining 66.6% stake in Cerrejón mine in Colombia from Anglo American plc (LSE:AAL) and BHP Group Plc for approximately $590 million.
2021-06-28,80,Glencore plc (LSE:GLEN) entered into an agreement to acquire the remaining 66.6% stake in Cerrejón mine in Colombia from Anglo American plc (LSE:AAL) and BHP Group Plc for approximately $590 million.
2021-06-28,80,Glencore plc (LSE:GLEN) acquired 66.66% stake in Carbones del Cerrejon Limited from Anglo American plc (LSE:AAL) and BHP Group (ASX:BHP).
2021-06-28,80,Glencore plc (LSE:GLEN) entered into an agreement to acquire the remaining 66.6% stake in Carbones del Cerrejon Limited from Anglo American plc (LSE:AAL) and BHP Group Plc for approximately $590 million.
2021-06-28,80,Glencore plc (LSE:GLEN) acquired 66.66% stake in Carbones del Cerrejon Limited from Anglo American plc (LSE:AAL) and BHP Group (ASX:BHP).
2021-06-28,80,Glencore plc (LSE:GLEN) entered into an agreement to acquire the remaining 66.6% stake in Carbones del Cerrejon Limited from Anglo American plc (LSE:AAL) and BHP Group Plc for approximately $590 million.
2021-06-28,80,Glencore plc (LSE:GLEN) entered into an agreement to acquire the remaining 66.6% stake in Carbones del Cerrejon Limited from Anglo American plc (LSE:AAL) and BHP Group Plc for approximately $590 million.
2021-06-28,80,Glencore plc (LSE:GLEN) entered into an agreement to acquire the remaining 66.6% stake in Cerrejón mine in Colombia from Anglo American plc (LSE:AAL) and BHP Group Plc for approximately $590 million.
2021-06-28,80,Glencore plc (LSE:GLEN) entered into an agreement to acquire the remaining 66.6% stake in Cerrejón mine in Colombia from Anglo American plc (LSE:AAL) and BHP Group Plc for approximately $590 million.
2021-06-28,80,Glencore plc (LSE:GLEN) acquired 66.66% stake in Carbones del Cerrejon Limited from Anglo American plc (LSE:AAL) and BHP Group (ASX:BHP).
2021-06-28,80,Glencore plc (LSE:GLEN) acquired 66.66% stake in Carbones del Cerrejon Limited from Anglo American plc (LSE:AAL) and BHP Group (ASX:BHP).
2021-06-28,80,Glencore plc (LSE:GLEN) entered into an agreement to acquire the remaining 66.6% stake in Carbones del Cerrejon Limited from Anglo American plc (LSE:AAL) and BHP Group Plc for approximately $590 million.
2021-06-28,80,Glencore plc (LSE:GLEN) acquired 66.66% stake in Carbones del Cerrejon Limited from Anglo American plc (LSE:AAL) and BHP Group (ASX:BHP).
2021-06-28,80,Glencore plc (LSE:GLEN) entered into an agreement to acquire the remaining 66.6% stake in Carbones del Cerrejon Limited from Anglo American plc (LSE:AAL) and BHP Group Plc for approximately $590 million.
2021-06-28,80,Glencore plc (LSE:GLEN) entered into an agreement to acquire the remaining 66.6% stake in Carbones del Cerrejon Limited from Anglo American plc (LSE:AAL) and BHP Group Plc for approximately $590 million.
2021-06-28,80,Glencore plc (LSE:GLEN) entered into an agreement to acquire the remaining 66.6% stake in Cerrejón mine in Colombia from Anglo American plc (LSE:AAL) and BHP Group Plc for approximately $590 million.
2021-06-28,80,Glencore plc (LSE:GLEN) entered into an agreement to acquire the remaining 66.6% stake in Cerrejón mine in Colombia from Anglo American plc (LSE:AAL) and BHP Group Plc for approximately $590 million.
2021-06-28,80,Glencore plc (LSE:GLEN) acquired 66.66% stake in Carbones del Cerrejon Limited from Anglo American plc (LSE:AAL) and BHP Group (ASX:BHP).
2021-06-28,80,Glencore plc (LSE:GLEN) acquired 66.66% stake in Carbones del Cerrejon Limited from Anglo American plc (LSE:AAL) and BHP Group (ASX:BHP).
2021-06-28,80,Glencore plc (LSE:GLEN) entered into an agreement to acquire the remaining 66.6% stake in Carbones del Cerrejon Limited from Anglo American plc (LSE:AAL) and BHP Group Plc for approximately $590 million.
2021-06-28,80,Glencore plc (LSE:GLEN) acquired 66.66% stake in Carbones del Cerrejon Limited from Anglo American plc (LSE:AAL) and BHP Group (ASX:BHP).
2021-06-28,80,Glencore plc (LSE:GLEN) entered into an agreement to acquire the remaining 66.6% stake in Carbones del Cerrejon Limited from Anglo American plc (LSE:AAL) and BHP Group Plc for approximately $590 million.
2021-06-28,80,Glencore plc (LSE:GLEN) entered into an agreement to acquire the remaining 66.6% stake in Carbones del Cerrejon Limited from Anglo American plc (LSE:AAL) and BHP Group Plc for approximately $590 million.
2021-06-28,80,Glencore plc (LSE:GLEN) entered into an agreement to acquire the remaining 66.6% stake in Cerrejón mine in Colombia from Anglo American plc (LSE:AAL) and BHP Group Plc for approximately $590 million.
2021-06-28,80,Glencore plc (LSE:GLEN) entered into an agreement to acquire the remaining 66.6% stake in Cerrejón mine in Colombia from Anglo American plc (LSE:AAL) and BHP Group Plc for approximately $590 million.
2021-06-28,80,Glencore plc (LSE:GLEN) acquired 66.66% stake in Carbones del Cerrejon Limited from Anglo American plc (LSE:AAL) and BHP Group (ASX:BHP).
2021-06-28,80,Glencore plc (LSE:GLEN) acquired 66.66% stake in Carbones del Cerrejon Limited from Anglo American plc (LSE:AAL) and BHP Group (ASX:BHP).
2021-06-28,80,Glencore plc (LSE:GLEN) entered into an agreement to acquire the remaining 66.6% stake in Carbones del Cerrejon Limited from Anglo American plc (LSE:AAL) and BHP Group Plc for approximately $590 million.
2021-06-28,80,Glencore plc (LSE:GLEN) acquired 66.66% stake in Carbones del Cerrejon Limited from Anglo American plc (LSE:AAL) and BHP Group (ASX:BHP).
2021-06-28,80,Glencore plc (LSE:GLEN) entered into an agreement to acquire the remaining 66.6% stake in Carbones del Cerrejon Limited from Anglo American plc (LSE:AAL) and BHP Group Plc for approximately $590 million.
2021-06-28,80,Glencore plc (LSE:GLEN) entered into an agreement to acquire the remaining 66.6% stake in Carbones del Cerrejon Limited from Anglo American plc (LSE:AAL) and BHP Group Plc for approximately $590 million.
2021-06-28,80,Glencore plc (LSE:GLEN) entered into an agreement to acquire the remaining 66.6% stake in Cerrejón mine in Colombia from Anglo American plc (LSE:AAL) and BHP Group Plc for approximately $590 million.
2021-06-28,80,Glencore plc (LSE:GLEN) entered into an agreement to acquire the remaining 66.6% stake in Cerrejón mine in Colombia from Anglo American plc (LSE:AAL) and BHP Group Plc for approximately $590 million.
2021-06-28,80,Glencore plc (LSE:GLEN) acquired 66.66% stake in Carbones del Cerrejon Limited from Anglo American plc (LSE:AAL) and BHP Group (ASX:BHP).
2021-06-28,80,Glencore plc (LSE:GLEN) acquired 66.66% stake in Carbones del Cerrejon Limited from Anglo American plc (LSE:AAL) and BHP Group (ASX:BHP).
2021-06-28,80,Glencore plc (LSE:GLEN) entered into an agreement to acquire the remaining 66.6% stake in Carbones del Cerrejon Limited from Anglo American plc (LSE:AAL) and BHP Group Plc for approximately $590 million.
2021-06-28,80,Glencore plc (LSE:GLEN) acquired 66.66% stake in Carbones del Cerrejon Limited from Anglo American plc (LSE:AAL) and BHP Group (ASX:BHP).
2021-06-28,80,Glencore plc (LSE:GLEN) entered into an agreement to acquire the remaining 66.6% stake in Carbones del Cerrejon Limited from Anglo American plc (LSE:AAL) and BHP Group Plc for approximately $590 million.
2021-06-28,80,Glencore plc (LSE:GLEN) entered into an agreement to acquire the remaining 66.6% stake in Carbones del Cerrejon Limited from Anglo American plc (LSE:AAL) and BHP Group Plc for approximately $590 million.
2021-06-28,80,Glencore plc (LSE:GLEN) entered into an agreement to acquire the remaining 66.6% stake in Cerrejón mine in Colombia from Anglo American plc (LSE:AAL) and BHP Group Plc for approximately $590 million.
2021-06-28,80,Glencore plc (LSE:GLEN) entered into an agreement to acquire the remaining 66.6% stake in Cerrejón mine in Colombia from Anglo American plc (LSE:AAL) and BHP Group Plc for approximately $590 million.
2021-06-28,80,Glencore plc (LSE:GLEN) acquired 66.66% stake in Carbones del Cerrejon Limited from Anglo American plc (LSE:AAL) and BHP Group (ASX:BHP).
2021-07-05,51,"BHP Group Presents at Bernstein's 18th Annual Strategic Decisions Conference, Sep-23-2021 07:00 AM"
2021-07-07,65,Peabody Energy Taps New Adviser in Chase for BHP's Coal Assets
2021-07-08,149,"Austmine Ltd, Webinar: Austmine 2021 Rewind - Brandon Craig, BHP, Jul 12, 2021"
2021-07-08,51,"BHP Group Presents at Webinar: Austmine 2021 Rewind - Brandon Craig, BHP, Jul-12-2021 01:00 PM"
2021-07-10,51,"BHP Group Presents at Competition Law Asia-Pacific, Jul-13-2021 01:40 PM"
2021-07-20,29,BHP Group Provides Production Guidance for the Fiscal Year 2022
2021-07-20,226,"BHP Group Announces Production Results for the Fourth Quarter and Full Year Ended June 30, 2021"
2021-07-20,55,"BHP Group to Report First Half, 2022 Results on Feb 15, 2022"
2021-07-20,55,"BHP Group to Report Fiscal Year 2022 Results on Jul 19, 2022"
2021-07-20,55,"BHP Group to Report Fiscal Year 2022 Operating Results on Jul 19, 2022"
2021-07-20,219,"BHP Group to Report Fiscal Year 2022 Operating Results on Jul 19, 2022"
2021-07-20,55,"BHP Group to Report Fiscal Year 2022 Operating Results on Jul 19, 2022"
2021-07-20,55,"BHP Group to Report Fiscal Year 2022 Results on Jul 19, 2022"
2021-07-20,219,"BHP Group to Report Fiscal Year 2022 Results on Jul 19, 2022"
2021-07-21,65,BHP Reportedly Considering Oil Exit in Retreat from Fossil Fuels
2021-07-21,65,Woodside Shares Fall on Speculation It Is Eyeing BHP Petroleum Assets
2021-07-29,65,Woodside Reportedly Nears BHP Assets Deal
2021-07-30,149,"UBS Investment Bank, UBS Virtual European Conference, Nov 08, 2021 through Nov 10, 2021"
2021-08-05,31,BHP Group Approves Shenzi North Project and Trion Feed Phase
2021-08-15,65,Woodside Reportedly in Advanced Talks to Buy AUD 20 Billion BHP Petroleum Unit
2021-08-16,65,"Woodside, BHP Confirm Deal Talks"
2021-08-17,28,"Bhp Group Reports Earnings Results for the Full Year Ended June 30, 2021"
2021-08-17,48,"BHP Group, 2021 Earnings Call, Aug 17, 2021"
2021-08-17,52,"BHP Group, Woodside Petroleum Ltd - M&A Call"
2021-08-17,80,Woodside Petroleum Ltd (ASX:WPL) entered into a merger commitment deed to acquire BHP Billiton Petroleum International Pty. Ltd. from BHP Group Limited.
2021-08-17,80,Woodside Petroleum Ltd (ASX:WPL) entered into a merger commitment deed to acquire BHP Billiton Petroleum International Pty. Ltd. from BHP Group Limited.
2021-08-17,80,Woodside Petroleum Ltd (ASX:WPL) entered into a merger commitment deed to acquire BHP Billiton Petroleum International Pty. Ltd. from BHP Group Limited for approximately $910 million.
2021-08-17,80,Woodside Petroleum Ltd (ASX:WPL) entered into a merger commitment deed to acquire BHP Billiton Petroleum International Pty. Ltd. from BHP Group Limited.
2021-08-17,80,Woodside Petroleum Ltd (ASX:WPL) entered into a merger commitment deed to acquire BHP Billiton Petroleum International Pty. Ltd. from BHP Group Limited.
2021-08-17,80,Woodside Petroleum Ltd (ASX:WPL) entered into a merger commitment deed to acquire BHP Billiton Petroleum International Pty. Ltd. from BHP Group Limited.
2021-08-17,80,Woodside Petroleum Ltd (ASX:WPL) entered into a merger commitment deed to acquire BHP Billiton Petroleum International Pty. Ltd. from BHP Group Limited for $14.1 billion.
2021-08-17,80,Woodside Petroleum Ltd (ASX:WPL) entered into a merger commitment deed to acquire BHP Billiton Petroleum International Pty. Ltd. from BHP Group Limited.
2021-08-17,80,Woodside Petroleum Ltd (ASX:WPL) entered into a merger commitment deed to acquire BHP Billiton Petroleum International Pty. Ltd. from BHP Group Limited.
2021-08-17,80,Woodside Petroleum Ltd (ASX:WPL) entered into a merger commitment deed to acquire BHP Billiton Petroleum International Pty. Ltd. from BHP Group Limited.
2021-08-17,80,Woodside Petroleum Ltd (ASX:WPL) entered into a merger commitment deed to acquire BHP Billiton Petroleum International Pty. Ltd. from BHP Group Limited.
2021-08-17,80,Woodside Petroleum Ltd (ASX:WPL) entered into a merger commitment deed to acquire BHP Billiton Petroleum International Pty. Ltd. from BHP Group Limited.
2021-08-17,80,Woodside Petroleum Ltd (ASX:WPL) entered into a merger commitment deed to acquire BHP Billiton Petroleum International Pty. Ltd. from BHP Group Limited.
2021-08-17,80,Woodside Petroleum Ltd (ASX:WPL) entered into a merger commitment deed to acquire BHP Billiton Petroleum International Pty. Ltd. from BHP Group Limited.
2021-08-17,80,Woodside Petroleum Ltd (ASX:WPL) entered into a merger commitment deed to acquire BHP Billiton Petroleum International Pty. Ltd. from BHP Group Limited.
2021-08-17,80,Woodside Petroleum Ltd (ASX:WPL) entered into a merger commitment deed to acquire BHP Billiton Petroleum International Pty. Ltd. from BHP Group Limited.
2021-08-18,62,"BHP Group, Annual General Meeting, Nov 11, 2021"
2021-08-18,48,"BHP Group, 2021 Earnings Call, Aug 18, 2021"
2021-08-27,149,"Informa Markets Limited, Sea Asia, Sep 21, 2021 through Sep 23, 2021"
2021-08-30,51,"BHP Group Presents at MINExpo INTERNATIONAL 2021, Sep-15-2021 10:30 AM"
2021-08-30,149,"National Mining Association, MINExpo INTERNATIONAL 2021, Sep 13, 2021 through Sep 15, 2021"
2021-09-02,16,"BHP Announces the Appointment of Michelle Hinchliffe to the Board as an Independent Non-Executive Director, Effective 1 March 2022"
2021-09-02,50,BHP Group - Shareholder/Analyst Call
2021-09-13,77,BHP Proposes Amendment to the Constitution
2021-09-13,16,Susan Kilsby and Anita Frew to Retire from BHP Board
2021-09-13,50,BHP Group - Shareholder/Analyst Call
2021-09-13,50,BHP Group Plc - Shareholder/Analyst Call
2021-09-13,50,BHP Group Plc - Shareholder/Analyst Call
2021-09-15,50,BHP Group - Shareholder/Analyst Call
2021-09-16,51,"BHP Group Presents at Sea Asia, Sep-21-2021 01:30 PM"
2021-10-04,22,"BHP, Prime Planet Energy & Solutions and Toyota Tsusho Corporation Enters into Mou on the Back of Nickel Sulphate Supply"
2021-10-05,65,BHP Reportedly in Talks on Buying into Ivanhoe Mines' Copper Project
2021-10-06,149,"BMO Capital Markets Corp., BMO 31st Global Metals & Mining Conference, Feb 27, 2022 through Mar 02, 2022"
2021-10-13,23,BHP and Encounter Resources Limited Expand Copper Partnership in the NT
2021-10-14,149,"Harvard Business School, IMD International, Nikkei Inc., 23rd Nikkei Global Management Forum, Nov 09, 2021 through Nov 10, 2021"
2021-10-14,51,"BHP Group Presents at 23rd Nikkei Global Management Forum, Nov-09-2021"
2021-10-14,149,"Harvard Business School, IMD International, Nikkei Inc., 23rd Nikkei Global Management Forum, Nov 09, 2021 through Nov 10, 2021"
2021-10-18,219,"BHP Group to Report First Half, 2022 Operating Results on Jan 19, 2022"
2021-10-18,41,Deterra Royalties Limited Notes BHP's Quarterly Operational Review Released
2021-10-19,226,"BHP Group Announces Production Results for the Quarter Ended September 30, 2021"
2021-11-03,51,"BHP Group Presents at UBS Virtual European Conference, Nov-09-2021"
2021-11-10,50,BHP Group - Shareholder/Analyst Call
2021-11-10,50,BHP Group Limited - Shareholder/Analyst Call
2021-11-11,50,BHP Group - Shareholder/Analyst Call
2021-11-11,50,BHP Group - Shareholder/Analyst Call
2021-11-11,77,BHP Group Announces Amendment to the Constitution Not Carried
2021-11-11,50,BHP Group - Shareholder/Analyst Call
2021-11-11,50,BHP Group - Shareholder/Analyst Call
2021-11-21,149,"The Prospectors and Developers Association of Canada, PDAC International Convention, Trade show & Investors Exchange, Mar 07, 2022 through Mar 09, 2022"
2021-11-22,137,BHP Group Limited agreed to Spin-Off Woodside Energy Group Ltd (ASX:WDS).
2021-12-02,52,"BHP Group, BHP Group Plc - Pre Recorded M&A Call"
2021-12-02,97,"BHP Group, Special/Extraordinary Shareholders Meeting, Jan 20, 2022"
2021-12-08,97,"BHP Group, Special/Extraordinary Shareholders Meeting, Jan 20, 2022"
2021-12-15,22,"Energy Vault, Inc. Announces Strategic Agreement with BHP to Support Decarbonization of Natural Resources Production"
2021-12-22,149,"Bank of America Corporation, Bank of America 2022 Global Metals, Mining and Steel Conference, May 17, 2022 through May 19, 2022"
2021-12-31,83,Lifezone Limited announced that it has received $10 million in funding from BHP Group Limited
2021-12-31,83,Boston Electrometallurgical Corporation announced that it has received $60.099976 million in funding from a group of investors
2021-12-31,83,Kabanga Nickel Limited announced that it expects to receive $40 million in funding from BHP Group Limited
2021-12-31,83,Kabanga Nickel Limited announced that it has received $40 million in funding from BHP Group Limited
2021-12-31,83,Lifezone Limited announced that it has received $10 million in funding from BHP Group Limited
2021-12-31,83,Lifezone Metals Limited announced that it has received $10 million in funding from BHP Group Limited
2021-12-31,83,Lifezone Metals Limited announced that it has received $10 million in funding from BHP Group Limited
2021-12-31,83,Kabanga Nickel Limited announced that it expects to receive $40 million in funding from BHP Group Limited
2021-12-31,83,Kabanga Nickel Limited announced that it has received $40 million in funding from BHP Group Limited
2022-01-10,83,Kobold Metals Company announced that it expects to receive $203.783424 million in funding
2022-01-10,83,Kobold Metals Company announced a financing transaction
2022-01-10,83,Kobold Metals Company announced that it expects to receive $203.783424 million in funding
2022-01-10,83,Kobold Metals Company announced that it expects to receive $203.783424 million in funding
2022-01-10,83,Kobold Metals Company announced that it expects to receive $203.783424 million in funding
2022-01-10,83,Kobold Metals Company announced a financing transaction
2022-01-10,83,Kobold Metals Company announced that it expects to receive $203.783424 million in funding
2022-01-10,83,Kobold Metals Company announced that it expects to receive $203.783424 million in funding
2022-01-10,83,Kobold Metals Company announced that it expects to receive $203.783424 million in funding
2022-01-10,83,Kobold Metals Company announced a financing transaction
2022-01-10,83,Kobold Metals Company announced that it expects to receive $203.783424 million in funding
2022-01-10,83,Kobold Metals Company announced that it expects to receive $203.783424 million in funding
2022-01-10,83,Kobold Metals Company announced that it expects to receive $203.783424 million in funding
2022-01-10,83,Kobold Metals Company announced a financing transaction
2022-01-10,83,Kobold Metals Company announced that it expects to receive $203.783424 million in funding
2022-01-10,83,Kobold Metals Company announced that it expects to receive $203.783424 million in funding
2022-01-11,81,Glencore plc (LSE:GLEN) completed the acquisition of a 66.6% stake in Carbones del Cerrejon Limited from Anglo American plc (LSE:AAL) and BHP Group (ASX:BHP).
2022-01-11,81,Glencore plc (LSE:GLEN) completed the acquisition of a 66.6% stake in Carbones del Cerrejon Limited from Anglo American plc (LSE:AAL) and BHP Group (ASX:BHP).
2022-01-11,81,Glencore plc (LSE:GLEN) completed the acquisition of a 66.6% stake in Carbones del Cerrejon Limited from Anglo American plc (LSE:AAL) and BHP Group (ASX:BHP).
2022-01-11,81,Glencore plc (LSE:GLEN) completed the acquisition of a 66.6% stake in Carbones del Cerrejon Limited from Anglo American plc (LSE:AAL) and BHP Group (ASX:BHP).
2022-01-11,81,Glencore plc (LSE:GLEN) completed the acquisition of a 66.6% stake in Carbones del Cerrejon Limited from Anglo American plc (LSE:AAL) and BHP Group (ASX:BHP).
2022-01-11,81,Glencore plc (LSE:GLEN) completed the acquisition of a 66.6% stake in Carbones del Cerrejon Limited from Anglo American plc (LSE:AAL) and BHP Group (ASX:BHP).
2022-01-11,81,Glencore plc (LSE:GLEN) completed the acquisition of a 66.6% stake in Carbones del Cerrejon Limited from Anglo American plc (LSE:AAL) and BHP Group (ASX:BHP).
2022-01-11,81,Glencore plc (LSE:GLEN) completed the acquisition of a 66.6% stake in Carbones del Cerrejon Limited from Anglo American plc (LSE:AAL) and BHP Group (ASX:BHP).
2022-01-11,81,Glencore plc (LSE:GLEN) completed the acquisition of a 66.6% stake in Carbones del Cerrejon Limited from Anglo American plc (LSE:AAL) and BHP Group (ASX:BHP).
2022-01-17,50,BHP Group - Shareholder/Analyst Call
2022-01-18,149,"The Prospectors and Developers Association of Canada, PDAC 2022 Mineral Exploration & Mining Convention, Jun 13, 2022 through Jun 15, 2022"
2022-01-19,226,BHP Group PLC Announces Operational Results for the Second Quarter and Half Year Ended 31 December 2021
2022-01-19,29,BHP Group Updates Production Guidance for the Fiscal Year 2022
2022-01-22,75,BHP Group(LSE:BHP) dropped from S&P EUROPE 350
2022-01-22,75,BHP Group(LSE:BHP) dropped from S&P Global 1200
2022-01-22,75,BHP Group(LSE:BHP) dropped from S&P EUROPE 350 - Materials (Sector)
2022-01-22,75,BHP Group(LSE:BHP) dropped from S&P Global BMI Index
2022-01-22,75,BHP Group(LSE:BHP) dropped from S&P International 700
2022-01-22,75,BHP Group(LSE:BHP) dropped from S&P EUROPE 350 - Materials (Industry Group)
2022-01-27,75,BHP Group(NYSE:BBL) dropped from S&P/TSX Global Mining Index
2022-02-07,149,"Diggers and Dealers Mining Forum, Diggers and Dealers Mining Forum 2022, Aug 01, 2022 through Aug 03, 2022"
2022-02-07,149,"Diggers and Dealers Mining Forum, Diggers and Dealers Mining Forum, Aug 01, 2022 through Aug 03, 2022"
2022-02-07,51,"BHP Group Limited Presents at CRU Copper Conference, Mar-29-2022 12:30 PM"
2022-02-07,149,"CRU International Ltd, CRU Copper Conference, Mar 28, 2022 through Mar 30, 2022"
2022-02-08,83,"Verdagy, Inc. announced that it has received $25 million in funding from a group of investors"
2022-02-08,83,Verdagy announced that it has received $25 million in funding from a group of investors
2022-02-09,16,BHP Group Limited Announces Board Appointments
2022-02-10,83,Kobold Metals Company announced that it has received $200.833325 million in funding from a group of investors
2022-02-10,83,Kobold Metals Company announced that it has received $200.833325 million in funding from a group of investors
2022-02-10,83,KoBold Metals Company announces tranche update
2022-02-10,83,Kobold Metals Company announced that it has received $200.833325 million in funding from a group of investors
2022-02-10,83,KoBold Metals Company announces tranche update
2022-02-10,83,Kobold Metals Company announced that it has received $200.833325 million in funding from a group of investors
2022-02-13,219,"BHP Group Limited to Report Q1, 2023 Results on Oct 19, 2022"
2022-02-13,48,"BHP Group Limited, H1 2022 Earnings Call, Feb 15, 2022"
2022-02-13,55,"BHP Group Limited to Report Nine Months, 2022 Results on Apr 21, 2022"
2022-02-13,55,"BHP Group Limited to Report Nine Months, 2022 Operating Results on Apr 21, 2022"
2022-02-13,55,"BHP Group Limited to Report Q1, 2023 Results on Oct 19, 2022"
2022-02-13,55,"BHP Group Limited to Report Q1, 2023 Operating Results on Oct 19, 2022"
2022-02-13,219,"BHP Group Limited to Report Nine Months, 2022 Results on Apr 21, 2022"
2022-02-13,219,"BHP Group Limited to Report Nine Months, 2022 Operating Results on Apr 21, 2022"
2022-02-13,219,"BHP Group Limited to Report Q1, 2023 Operating Results on Oct 19, 2022"
2022-02-14,28,"BHP Group Limited Reports Earnings Results for the Half Year Ended December 31, 2021"
2022-02-14,28,"BHP Group Limited Reports Earnings Results for the Half Year Ended December 31, 2021"
2022-02-14,28,"BHP Group Limited Reports Earnings Results for the Half Year Ended December 31, 2021"
2022-02-14,28,"BHP Group Limited Reports Earnings Results for the Half Year Ended December 31, 2021"
2022-02-14,28,"BHP Group Limited Reports Earnings Results for the Half Year Ended December 31, 2021"
2022-02-14,28,"BHP Group Limited Reports Earnings Results for the Half Year Ended December 31, 2021"
2022-02-14,28,"BHP Group Limited Reports Earnings Results for the Half Year Ended December 31, 2021"
2022-02-14,28,"BHP Group Limited Reports Earnings Results for the Half Year Ended December 31, 2021"
2022-02-14,28,"BHP Group Limited Reports Earnings Results for the Half Year Ended December 31, 2021"
2022-02-14,48,"BHP Group Limited, H1 2022 Earnings Call, Feb 24, 2022"
2022-02-15,83,"Kobold Metals Company announced that it has received $200.833325 million in funding from Apollo Projects, Bond Capital Management LP, BHP Group Limited, Canada Pension Plan Investment Board, Andreessen Horowitz LLC, Breakthrough Energy LLC and other investors"
2022-02-22,51,"BHP Group Limited Presents at BMO 31st Global Metals & Mining Conference, Feb-28-2022 08:00 AM"
2022-02-22,51,"BHP Group Limited Presents at BMO 31st Global Metals & Mining Conference, Feb-28-2022 08:00 AM"
2022-02-22,51,"BHP Group Limited Presents at BMO 31st Global Metals & Mining Conference, Feb-27-2022"
2022-02-22,51,"BHP Group Limited Presents at BMO 31st Global Metals & Mining Conference, Feb-27-2022"
2022-03-04,16,BHP Group Limited Appoints Michelle Hinchliffe as an Independent Non-Executive Director
2022-04-01,149,"BMO Capital Markets Corp., 17th Annual BMO Capital Markets Global Farm to Market Conference, May 18, 2022 through May 19, 2022"
2022-04-21,55,"BHP Group Limited to Report Fiscal Year 2022 Results on Aug 16, 2022"
2022-04-21,226,Bhp Group plc Announces Operational Results for the Second Quarter and Year to Date ended March 2022
2022-04-21,29,BHP Group Updates Production Guidance for the Fiscal Year 2022
2022-05-13,51,"BHP Group Limited Presents at 17th Annual BMO Capital Markets Global Farm to Market Conference, May-19-2022"
2022-05-13,51,"BHP Group Limited Presents at 17th Annual BMO Capital Markets Global Farm to Market Conference, May-18-2022"
2022-05-13,51,"BHP Group Limited Presents at 17th Annual BMO Capital Markets Global Farm to Market Conference, May-19-2022"
2022-05-13,51,"BHP Group Limited Presents at 17th Annual BMO Capital Markets Global Farm to Market Conference, May-18-2022"
2022-05-17,51,"BHP Group Limited Presents at Bank of America 2022 Global Metals, Mining and Steel Conference, May-17-2022 09:00 AM"
2022-05-19,16,BHP Group Limited Announces Board Retirements
2022-06-01,81,Woodside Energy Group Ltd (ASX:WDS) completed the acquisition of BHP Petroleum International Pty. Ltd. from BHP Group Limited.
2022-06-01,81,Woodside Energy Group Ltd (ASX:WDS) completed the acquisition of BHP Petroleum International Pty. Ltd. from BHP Group Limited.
2022-06-01,81,Woodside Energy Group Ltd (ASX:WDS) completed the acquisition of BHP Petroleum International Pty. Ltd. from BHP Group Limited.
2022-06-01,137,BHP Group Limited completed the Spin-Off of Woodside Energy Group Ltd (ASX:WDS).
2022-06-16,149,"Bank of America Corporation, Bank of America SmartMine 3.0 – the Innovators, Jun 29, 2022"
2022-06-28,194,BHP Group Limited - Special Call
2022-06-28,83,"Circulor Ltd announced that it has received $25 million in funding from The Westly Group, Volvo Car AB, Investment Arm, Jaguar Land Rover Innovation Labs, BHP Group Limited"
2022-06-29,51,"BHP Group Limited Presents at Bank of America SmartMine 3.0 – The Innovators, Jun-29-2022"
2022-06-30,149,"International Mining and Resources Conference, International Mining and Resources Conference, Nov 02, 2022 through Nov 04, 2022"
2022-06-30,149,"International Mining and Resources Conference, International Mining and Resources Conference, Nov 02, 2022 through Nov 04, 2022"
2022-07-10,25,BHP Group Limited and BHP Group UK (Ltd) Announce the Judgment Allows the Group Action to Continue in the UK
2022-07-13,51,"BHP Group Limited Presents at International Mining and Resources Conference, Nov-02-2022 09:00 AM"
2022-08-03,51,"BHP Group Limited Presents at Diggers and Dealers Mining Forum 2022, Aug-03-2022"
2022-08-08,80,BHP Lonsdale Investments Pty Ltd made an offer to acquire OZ Minerals Limited (ASX:OZL) for AUD 9.4 billion.
2022-08-08,80,BHP Group Limited (ASX:BHP) made an offer to acquire OZ Minerals Limited (ASX:OZL) for AUD 9.4 billion.
2022-08-08,80,BHP Group Limited (ASX:BHP) made an offer to acquire OZ Minerals Limited (ASX:OZL) for AUD 9.4 billion.
2022-08-08,80,BHP Lonsdale Investments Pty Ltd made an offer to acquire OZ Minerals Limited (ASX:OZL) for AUD 9.4 billion.
2022-08-08,80,BHP Lonsdale Investments Pty Ltd made an offer to acquire OZ Minerals Limited (ASX:OZL) for AUD 9.4 billion.
2022-08-08,80,BHP Group Limited (ASX:BHP) made an offer to acquire OZ Minerals Limited (ASX:OZL) for AUD 9.4 billion.
2022-08-08,80,BHP Lonsdale Investments Pty Ltd made an offer to acquire OZ Minerals Limited (ASX:OZL) for AUD 9.4 billion.
2022-08-08,80,BHP Lonsdale Investments Pty Ltd made an offer to acquire OZ Minerals Limited (ASX:OZL) for AUD 9.4 billion.
2022-08-08,80,BHP Lonsdale Investments Pty Ltd made an offer to acquire OZ Minerals Limited (ASX:OZL) for AUD 9.4 billion.
2022-08-08,80,BHP Lonsdale Investments Pty Ltd made an offer to acquire OZ Minerals Limited (ASX:OZL) for AUD 9.4 billion.
2022-08-08,80,BHP Group Limited (ASX:BHP) cancelled the acquisition of OZ Minerals Limited (ASX:OZL).
2022-08-08,80,BHP Lonsdale Investments Pty Ltd made an offer to acquire OZ Minerals Limited (ASX:OZL) for AUD 9.4 billion.
2022-08-08,80,BHP Lonsdale Investments Pty Ltd made an offer to acquire OZ Minerals Limited (ASX:OZL) for AUD 9.4 billion.
2022-08-08,80,BHP Group Limited (ASX:BHP) made an offer to acquire OZ Minerals Limited (ASX:OZL) for AUD 9.4 billion.
2022-08-08,80,BHP Lonsdale Investments Pty Ltd made an offer to acquire OZ Minerals Limited (ASX:OZL) for AUD 9.4 billion.
2022-08-08,80,BHP Lonsdale Investments Pty Ltd made an offer to acquire OZ Minerals Limited (ASX:OZL) for AUD 9.4 billion.
2022-08-08,80,BHP Lonsdale Investments Pty Ltd made an offer to acquire OZ Minerals Limited (ASX:OZL) for AUD 9.4 billion.
2022-08-08,80,BHP Group Limited (ASX:BHP) made an offer to acquire OZ Minerals Limited (ASX:OZL) for AUD 9.4 billion.
2022-08-08,80,BHP Group Limited (ASX:BHP) made an offer to acquire OZ Minerals Limited (ASX:OZL) for AUD 9.4 billion.
2022-08-08,80,BHP Lonsdale Investments Pty Ltd made an offer to acquire OZ Minerals Limited (ASX:OZL) for AUD 9.4 billion.
2022-08-08,80,BHP Lonsdale Investments Pty Ltd made an offer to acquire OZ Minerals Limited (ASX:OZL) for AUD 9.4 billion.
2022-08-08,80,BHP Group Limited (ASX:BHP) made an offer to acquire OZ Minerals Limited (ASX:OZL) for AUD 9.4 billion.
2022-08-08,80,BHP Lonsdale Investments Pty Ltd made an offer to acquire OZ Minerals Limited (ASX:OZL) for AUD 9.4 billion.
2022-08-08,80,BHP Lonsdale Investments Pty Ltd made an offer to acquire OZ Minerals Limited (ASX:OZL) for AUD 9.4 billion.
2022-08-08,80,BHP Lonsdale Investments Pty Ltd made an offer to acquire OZ Minerals Limited (ASX:OZL) for AUD 9.4 billion.
2022-08-08,80,BHP Lonsdale Investments Pty Ltd made an offer to acquire OZ Minerals Limited (ASX:OZL) for AUD 9.4 billion.
2022-08-08,80,BHP Group Limited (ASX:BHP) cancelled the acquisition of OZ Minerals Limited (ASX:OZL).
2022-08-08,80,BHP Lonsdale Investments Pty Ltd made an offer to acquire OZ Minerals Limited (ASX:OZL) for AUD 9.4 billion.
2022-08-08,80,BHP Lonsdale Investments Pty Ltd made an offer to acquire OZ Minerals Limited (ASX:OZL) for AUD 9.4 billion.
2022-08-08,80,BHP Group Limited (ASX:BHP) made an offer to acquire OZ Minerals Limited (ASX:OZL) for AUD 9.4 billion.
2022-08-08,80,BHP Lonsdale Investments Pty Ltd made an offer to acquire OZ Minerals Limited (ASX:OZL) for AUD 9.4 billion.
2022-08-08,80,BHP Lonsdale Investments Pty Ltd made an offer to acquire OZ Minerals Limited (ASX:OZL) for AUD 9.4 billion.
2022-08-08,80,BHP Group Limited (ASX:BHP) made an offer to acquire OZ Minerals Limited (ASX:OZL) for AUD 9.4 billion.
2022-08-08,80,BHP Group Limited (ASX:BHP) made an offer to acquire OZ Minerals Limited (ASX:OZL) for AUD 9.4 billion.
2022-08-08,80,BHP Lonsdale Investments Pty Ltd made an offer to acquire OZ Minerals Limited (ASX:OZL) for AUD 9.4 billion.
2022-08-08,80,BHP Lonsdale Investments Pty Ltd made an offer to acquire OZ Minerals Limited (ASX:OZL) for AUD 9.4 billion.
2022-08-08,80,BHP Group Limited (ASX:BHP) made an offer to acquire OZ Minerals Limited (ASX:OZL) for AUD 9.4 billion.
2022-08-08,80,BHP Lonsdale Investments Pty Ltd made an offer to acquire OZ Minerals Limited (ASX:OZL) for AUD 9.4 billion.
2022-08-08,80,BHP Lonsdale Investments Pty Ltd made an offer to acquire OZ Minerals Limited (ASX:OZL) for AUD 9.4 billion.
2022-08-08,80,BHP Lonsdale Investments Pty Ltd made an offer to acquire OZ Minerals Limited (ASX:OZL) for AUD 9.4 billion.
2022-08-08,80,BHP Lonsdale Investments Pty Ltd made an offer to acquire OZ Minerals Limited (ASX:OZL) for AUD 9.4 billion.
2022-08-08,80,BHP Group Limited (ASX:BHP) cancelled the acquisition of OZ Minerals Limited (ASX:OZL).
2022-08-08,80,BHP Lonsdale Investments Pty Ltd made an offer to acquire OZ Minerals Limited (ASX:OZL) for AUD 9.4 billion.
2022-08-08,80,BHP Lonsdale Investments Pty Ltd made an offer to acquire OZ Minerals Limited (ASX:OZL) for AUD 9.4 billion.
2022-08-08,80,BHP Group Limited (ASX:BHP) made an offer to acquire OZ Minerals Limited (ASX:OZL) for AUD 9.4 billion.
2022-08-08,80,BHP Lonsdale Investments Pty Ltd made an offer to acquire OZ Minerals Limited (ASX:OZL) for AUD 9.4 billion.
2022-08-08,80,BHP Lonsdale Investments Pty Ltd made an offer to acquire OZ Minerals Limited (ASX:OZL) for AUD 9.4 billion.
2022-08-08,80,BHP Lonsdale Investments Pty Ltd made an offer to acquire OZ Minerals Limited (ASX:OZL) for AUD 9.4 billion.
2022-08-08,80,BHP Group Limited (ASX:BHP) made an offer to acquire OZ Minerals Limited (ASX:OZL) for AUD 9.4 billion.
2022-08-08,80,BHP Group Limited (ASX:BHP) made an offer to acquire OZ Minerals Limited (ASX:OZL) for AUD 9.4 billion.
2022-08-08,80,BHP Lonsdale Investments Pty Ltd made an offer to acquire OZ Minerals Limited (ASX:OZL) for AUD 9.4 billion.
2022-08-08,80,BHP Lonsdale Investments Pty Ltd made an offer to acquire OZ Minerals Limited (ASX:OZL) for AUD 9.4 billion.
2022-08-08,80,BHP Group Limited (ASX:BHP) made an offer to acquire OZ Minerals Limited (ASX:OZL) for AUD 9.4 billion.
2022-08-08,80,BHP Lonsdale Investments Pty Ltd made an offer to acquire OZ Minerals Limited (ASX:OZL) for AUD 9.4 billion.
2022-08-08,80,BHP Lonsdale Investments Pty Ltd made an offer to acquire OZ Minerals Limited (ASX:OZL) for AUD 9.4 billion.
2022-08-08,80,BHP Lonsdale Investments Pty Ltd made an offer to acquire OZ Minerals Limited (ASX:OZL) for AUD 9.4 billion.
2022-08-08,82,BHP Lonsdale Investments Pty Ltd made an offer to acquire OZ Minerals Limited (ASX:OZL) for AUD 9.4 billion.
2022-08-08,82,BHP Group Limited (ASX:BHP) cancelled the acquisition of OZ Minerals Limited (ASX:OZL).
2022-08-08,82,BHP Lonsdale Investments Pty Ltd made an offer to acquire OZ Minerals Limited (ASX:OZL) for AUD 9.4 billion.
2022-08-08,82,BHP Lonsdale Investments Pty Ltd made an offer to acquire OZ Minerals Limited (ASX:OZL) for AUD 9.4 billion.
2022-08-08,82,BHP Group Limited (ASX:BHP) made an offer to acquire OZ Minerals Limited (ASX:OZL) for AUD 9.4 billion.
2022-08-08,82,BHP Lonsdale Investments Pty Ltd made an offer to acquire OZ Minerals Limited (ASX:OZL) for AUD 9.4 billion.
2022-08-08,82,BHP Lonsdale Investments Pty Ltd made an offer to acquire OZ Minerals Limited (ASX:OZL) for AUD 9.4 billion.
2022-08-08,82,BHP Lonsdale Investments Pty Ltd made an offer to acquire OZ Minerals Limited (ASX:OZL) for AUD 9.4 billion.
2022-08-08,82,BHP Group Limited (ASX:BHP) made an offer to acquire OZ Minerals Limited (ASX:OZL) for AUD 9.4 billion.
2022-08-08,82,BHP Group Limited (ASX:BHP) made an offer to acquire OZ Minerals Limited (ASX:OZL) for AUD 9.4 billion.
2022-08-08,82,BHP Lonsdale Investments Pty Ltd made an offer to acquire OZ Minerals Limited (ASX:OZL) for AUD 9.4 billion.
2022-08-08,82,BHP Lonsdale Investments Pty Ltd made an offer to acquire OZ Minerals Limited (ASX:OZL) for AUD 9.4 billion.
2022-08-08,82,BHP Group Limited (ASX:BHP) made an offer to acquire OZ Minerals Limited (ASX:OZL) for AUD 9.4 billion.
2022-08-08,82,BHP Lonsdale Investments Pty Ltd made an offer to acquire OZ Minerals Limited (ASX:OZL) for AUD 9.4 billion.
2022-08-08,82,BHP Lonsdale Investments Pty Ltd made an offer to acquire OZ Minerals Limited (ASX:OZL) for AUD 9.4 billion.
2022-08-08,82,BHP Lonsdale Investments Pty Ltd made an offer to acquire OZ Minerals Limited (ASX:OZL) for AUD 9.4 billion.
2022-08-08,80,BHP Lonsdale Investments Pty Ltd made an offer to acquire OZ Minerals Limited (ASX:OZL) for AUD 9.4 billion.
2022-08-08,80,BHP Group Limited (ASX:BHP) cancelled the acquisition of OZ Minerals Limited (ASX:OZL).
2022-08-08,80,BHP Lonsdale Investments Pty Ltd made an offer to acquire OZ Minerals Limited (ASX:OZL) for AUD 9.4 billion.
2022-08-08,80,BHP Lonsdale Investments Pty Ltd made an offer to acquire OZ Minerals Limited (ASX:OZL) for AUD 9.4 billion.
2022-08-08,80,BHP Group Limited (ASX:BHP) made an offer to acquire OZ Minerals Limited (ASX:OZL) for AUD 9.4 billion.
2022-08-08,80,BHP Lonsdale Investments Pty Ltd made an offer to acquire OZ Minerals Limited (ASX:OZL) for AUD 9.4 billion.
2022-08-08,80,BHP Lonsdale Investments Pty Ltd made an offer to acquire OZ Minerals Limited (ASX:OZL) for AUD 9.4 billion.
2022-08-08,80,BHP Lonsdale Investments Pty Ltd made an offer to acquire OZ Minerals Limited (ASX:OZL) for AUD 9.4 billion.
2022-08-15,48,"BHP Group Limited, 2022 Earnings Call, Aug 16, 2022"
2022-08-16,16,Bhp Group Limited Announces Executive Changes
2022-08-16,28,"BHP Group Limited Reports Earnings Results for the Full Year Ended June 30, 2022"
2022-08-19,149,"The Prospectors and Developers Association of Canada, the PDAC Conference 2023, Mar 05, 2023 through Mar 08, 2023"
2022-08-22,55,"BHP Group Limited to Report Fiscal Year 2023 Results on Aug 22, 2023"
2022-08-22,55,"BHP Group Limited to Report First Half, 2023 Results on Feb 21, 2023"
2022-08-22,219,"BHP Group Limited to Report Q1, 2024 Operating Results on Oct 18, 2023"
2022-08-22,219,"BHP Group Limited to Report Fiscal Year 2023 Operating Results on Jul 20, 2023"
2022-08-22,219,"BHP Group Limited to Report Nine Months, 2023 Operating Results on Apr 21, 2023"
2022-08-22,219,"BHP Group Limited to Report First Half, 2023 Operating Results on Jan 19, 2023"
2022-08-26,51,"BHP Group Limited Presents at Hydrogen Iron & Steel Making Forum 2022, Oct-13-2022 09:55 AM"
2022-08-26,149,"POSCO Holdings Inc., SSAB AB (publ), Hydrogen Iron & Steel Making Forum 2022, Oct 12, 2022 through Oct 13, 2022"
2022-08-30,31,"BHP , Caterpillar, and Finning Announce an Agreement to Replace Entire Haul Truck Fleet At Escondida Mine in Chile"
2022-08-30,77,BHP Group Limited Proposes Amendments to the Constitution
2022-08-30,156,The Australasian Centre for Corporate Responsibility Submits a Shareholder Proposal to BHP Group Ltd
2022-08-30,156,The Australasian Centre for Corporate Responsibility Submits a Shareholder Proposal to BHP Group Ltd
2022-08-30,156,The Australasian Centre for Corporate Responsibility Submits a Shareholder Proposal to BHP Group Ltd
2022-08-30,156,The Australasian Centre for Corporate Responsibility Submits a Shareholder Proposal to BHP Group Ltd
2022-08-31,194,BHP Group Limited - Special Call
2022-09-08,62,"BHP Group Limited, Annual General Meeting, Nov 10, 2022"
2022-09-23,149,"BMO Capital Markets Corp., BMO 32nd Annual Global Metals, Mining & Critical Minerals Conference 2023, Feb 26, 2023 through Mar 01, 2023"
2022-10-02,50,BHP Group Limited - Shareholder/Analyst Call
2022-10-02,41,Encounter Resources Advises First Diamond Drill Rig Arrived on Site At the Elliott Copper Project Under the Earn-In and Joint Venture Agreement with BHP in the Northern Territory
2022-10-02,77,BHP Group Limited Proposes Amendment to Constitution
2022-10-03,50,BHP Group Limited - Shareholder/Analyst Call
2022-10-04,50,BHP Group Limited - Shareholder/Analyst Call
2022-10-05,50,BHP Group Limited - Shareholder/Analyst Call
2022-10-19,29,BHP Group Provides Production Guidance for the Fiscal Year 2023
2022-10-19,226,"BHP Group PLC Announces Operational Results for the Third Quarter and Year to Date Ended September 30, 2022"
2022-10-24,51,"BHP Group Limited Presents at Energy and Mines Toronto Summit, Nov-01-2022 04:50 PM"
2022-10-24,83,"Jetti Resources, LLC announced that it has received $100 million in funding from a group of investors"
2022-10-25,149,"Bank of America Corporation, BofA Securities Global Metals, Mining & Steel Conference 2023, May 16, 2023 through May 18, 2023"
2022-10-30,16,Bhp Group Limited Announces Executive Retirements
2022-10-31,22,BHP and Rio Tinto to Collaborate on New Tailings Technology
2022-10-31,22,BHP and Rio Tinto to Collaborate on New Tailings Technology
2022-10-31,22,BHP and Rio Tinto to Collaborate on New Tailings Technology
2022-10-31,22,BHP and Rio Tinto to Collaborate on New Tailings Technology
2022-11-02,83,Brixton Metals Corporation announced that it expects to receive funding from BHP Investments Canada Inc
2022-11-02,83,Brixton Metals Corporation announced that it expects to receive funding from BHP Group Limited
2022-11-10,16,BHP Group Limited Announces Retirement of Malcolm Broomhead as Independent Non-Executive Director
2022-11-10,77,BHP Group Limited Approves Amendment to the Constitution
2022-11-10,163,Declaration of Voting Results by BHP Group Ltd
2022-11-16,65,UBS Reportedly on Board as BHP Exits Mines
2022-11-22,83,Brixton Metals Corporation announced that it has received CAD 14.63381 million in funding from BHP Investments Canada Inc and another investor
2022-11-22,83,Brixton Metals Corporation announced that it has received CAD 14.63381 million in funding from BHP Investments Canada Inc and another investor
2022-11-22,83,Brixton Metals Corporation announced that it has received funding from BHP Group Limited
2022-11-22,83,Brixton Metals Corporation announced that it has received CAD 14.63381 million in funding from BHP Group Limited
2022-11-22,83,Brixton Metals Corporation announced that it has received funding from BHP Group Limited
2022-11-22,83,Brixton Metals Corporation announced that it has received CAD 14.63381 million in funding from BHP Group Limited
2022-12-01,149,"Australian Institute Of Geoscientists, The Australian Society of Exploration Geophysicists, South Australia Exploration & Mining Conference, Dec 02, 2022"
2022-12-02,51,"BHP Group Limited Presents at South Australia Exploration & Mining Conference, Dec-02-2022"
2022-12-10,149,"Aspermont Limited, Future of Mining Sydney, Feb 20, 2023 through Feb 21, 2023"
2022-12-13,149,"Precious Metals Summit Conferences, LLC, Precious Metals Summit Beaver Creek, Sep 12, 2023 through Sep 15, 2023"
2023-01-02,149,"Beacon Events Ltd., Mines and Money London, Nov 28, 2023 through Nov 30, 2023"
2023-01-11,51,"BHP Group Limited Presents at Future Minerals Forum 2023, Jan-10-2023"
2023-01-12,149,"Beacon Events Ltd., Mines and Money Events Ltd, International Mining and Resources Conference, Oct 31, 2023 through Nov 02, 2023"
2023-01-12,149,"Beacon Events Ltd., Mines and Money Events Ltd, International Mining and Resources Conference, Oct 31, 2023 through Nov 02, 2023"
2023-01-12,149,"Beacon Events Ltd., Mines and Money Events Ltd, International Mining and Resources Conference, Oct 31, 2023 through Nov 02, 2023"
2023-01-12,149,"Beacon Events Ltd., Mines and Money Events Ltd, International Mining and Resources Conference, Oct 31, 2023 through Nov 02, 2023"
2023-01-16,51,"BHP Group Limited Presents at Future of Mining Sydney, Feb-20-2023 through Feb-21-2023"
2023-01-18,29,BHP Group Limited Re-Affirms Production Guidance for the Fiscal Year 2023
2023-01-18,226,"BHP Group Limited Reports Operational Results for the Second Quarter and Half Year Ended December 31, 2022"
2023-01-23,149,"The Australasian Institute of Mining and Metallurgy, 26th World Mining Congress, Jun 26, 2023 through Jun 29, 2023"
2023-01-26,83,"Boston Electrometallurgical Corporation announced that it has received $120 million in funding from ArcelorMittal S.A., BMW i Ventures, Inc., M12 and other investors."
2023-01-26,83,"Boston Electrometallurgical Corporation announced that it has received $120 million in funding from ArcelorMittal S.A., BMW i Ventures, Inc., M12 and other investors."
2023-01-26,83,"Boston Electrometallurgical Corporation announced that it has received $299.999997 million in funding from ArcelorMittal S.A., BMW i Ventures, Inc., M12 and other investors."
2023-01-26,83,"Boston Electrometallurgical Corporation announced that it has received $299.999997 million in funding from ArcelorMittal S.A., BMW i Ventures, Inc., M12 and other investors."
2023-01-26,83,"Boston Electrometallurgical Corporation announced that it has received $299.999997 million in funding from ArcelorMittal S.A., BMW i Ventures, Inc., M12 and other investors."
2023-01-26,83,"Boston Electrometallurgical Corporation announced that it has received $299.999997 million in funding from ArcelorMittal S.A., BMW i Ventures, Inc., M12 and other investors."
2023-01-26,83,"Boston Electrometallurgical Corporation announced that it has received $120 million in funding from ArcelorMittal S.A., BMW i Ventures, Inc., M12 and other investors."
2023-01-26,83,"Boston Electrometallurgical Corporation announced that it has received $299.999997 million in funding from ArcelorMittal S.A., BMW i Ventures, Inc., M12 and other investors."
2023-01-26,83,"Boston Electrometallurgical Corporation announced that it has received $299.999997 million in funding from ArcelorMittal S.A., BMW i Ventures, Inc., M12 and other investors."
2023-01-26,83,"Boston Electrometallurgical Corporation announced that it has received $299.999997 million in funding from ArcelorMittal S.A., BMW i Ventures, Inc., M12 and other investors."
2023-01-26,83,"Boston Electrometallurgical Corporation announced that it has received $299.999997 million in funding from ArcelorMittal S.A., BMW i Ventures, Inc., M12 and other investors."
2023-01-26,83,"Boston Electrometallurgical Corporation announced that it has received $299.999997 million in funding from ArcelorMittal S.A., BMW i Ventures, Inc., M12 and other investors."
2023-01-26,83,"Boston Electrometallurgical Corporation announced that it has received $120 million in funding from ArcelorMittal S.A., BMW i Ventures, Inc., M12 and other investors."
2023-01-26,83,"Boston Electrometallurgical Corporation announced that it has received $299.999997 million in funding from ArcelorMittal S.A., BMW i Ventures, Inc., M12 and other investors."
2023-01-26,83,"Boston Electrometallurgical Corporation announced that it has received $120 million in funding from ArcelorMittal S.A., BMW i Ventures, Inc., M12 and other investors."
2023-01-26,83,"Boston Electrometallurgical Corporation announced that it has received $299.999997 million in funding from ArcelorMittal S.A., BMW i Ventures, Inc., M12 and other investors."
2023-01-26,83,"Boston Electrometallurgical Corporation announced that it has received $299.999997 million in funding from ArcelorMittal S.A., BMW i Ventures, Inc., M12 and other investors."
2023-01-26,83,"Boston Electrometallurgical Corporation announced that it has received $299.999997 million in funding from ArcelorMittal S.A., BMW i Ventures, Inc., M12 and other investors."
2023-01-26,83,"Boston Electrometallurgical Corporation announced that it has received $299.999997 million in funding from ArcelorMittal S.A., BMW i Ventures, Inc., M12 and other investors."
2023-01-26,83,"Boston Electrometallurgical Corporation announced that it has received $120 million in funding from ArcelorMittal S.A., BMW i Ventures, Inc., M12 and other investors."
2023-01-26,83,"Boston Electrometallurgical Corporation announced that it has received $299.999997 million in funding from ArcelorMittal S.A., BMW i Ventures, Inc., M12 and other investors."
2023-01-26,83,"Boston Electrometallurgical Corporation announced that it has received $120 million in funding from ArcelorMittal S.A., BMW i Ventures, Inc., M12 and other investors."
2023-01-26,83,"Boston Electrometallurgical Corporation announced that it has received $299.999997 million in funding from ArcelorMittal S.A., BMW i Ventures, Inc., M12 and other investors."
2023-01-26,83,"Boston Electrometallurgical Corporation announced that it has received $299.999997 million in funding from ArcelorMittal S.A., BMW i Ventures, Inc., M12 and other investors."
2023-01-26,83,"Boston Electrometallurgical Corporation announced that it has received $299.999997 million in funding from ArcelorMittal S.A., BMW i Ventures, Inc., M12 and other investors."
2023-01-26,83,"Boston Electrometallurgical Corporation announced that it has received $299.999997 million in funding from ArcelorMittal S.A., BMW i Ventures, Inc., M12 and other investors."
2023-01-26,83,"Boston Electrometallurgical Corporation announced that it has received $120 million in funding from ArcelorMittal S.A., BMW i Ventures, Inc., M12 and other investors."
2023-01-26,83,"Boston Electrometallurgical Corporation announced that it has received $299.999997 million in funding from ArcelorMittal S.A., BMW i Ventures, Inc., M12 and other investors."
2023-02-02,149,"Joh. Berenberg, Gossler & Co. KG, 21st Berenberg European Conference 2023, Dec 04, 2023 through Dec 07, 2023"
2023-02-08,51,"BHP Group Limited Presents at BMO 32nd Annual Global Metals, Mining & Critical Minerals Conference 2023, Feb-27-2023 08:00 AM"
2023-02-09,51,"BHP Group Limited Presents at International Mining and Resources Conference, Oct-31-2023"
2023-02-15,83,Kabanga Nickel Limited announced that it has received funding from BHP Group Limited
2023-02-15,83,Kabanga Nickel Limited announced that it has received $90 million in funding from BHP Group Limited
2023-02-15,83,Kabanga Nickel Limited announced that it has received funding from BHP Group Limited
2023-02-20,28,"BHP Group Limited Reports Earnings Results for the Half Year Ended December 31, 2022"
2023-02-20,28,"BHP Group Limited Reports Earnings Results for the Half Year Ended December 31, 2022"
2023-02-20,28,"BHP Group Limited Reports Earnings Results for the Half Year Ended December 31, 2022"
2023-02-20,28,"BHP Group Limited Reports Earnings Results for the Half Year Ended December 31, 2022"
2023-02-21,48,"BHP Group Limited, H1 2023 Pre Recorded Earnings Call, Feb 21, 2023"
2023-02-24,87,BHP Group Limited has announced a Fixed-Income Offering in the amount of $1 billion.
2023-02-24,87,BHP Group Limited has announced a Fixed-Income Offering in the amount of $1 billion.
2023-02-24,87,BHP Group Limited has announced a Fixed-Income Offering in the amount of $750 million.
2023-02-24,87,BHP Group Limited has announced a Fixed-Income Offering in the amount of $750 million.
2023-02-24,87,BHP Group Limited has announced a Fixed-Income Offering in the amount of $1 billion.
2023-02-24,87,BHP Group Limited has announced a Fixed-Income Offering in the amount of $1 billion.
2023-02-24,87,BHP Group Limited has announced a Fixed-Income Offering in the amount of $1 billion.
2023-02-24,87,BHP Group Limited has announced a Fixed-Income Offering in the amount of $1 billion.
2023-02-24,87,BHP Group Limited has announced a Fixed-Income Offering in the amount of $750 million.
2023-02-24,87,BHP Group Limited has announced a Fixed-Income Offering in the amount of $750 million.
2023-02-24,87,BHP Group Limited has announced a Fixed-Income Offering in the amount of $1 billion.
2023-02-24,87,BHP Group Limited has announced a Fixed-Income Offering in the amount of $1 billion.
2023-02-28,83,Kabanga Nickel Limited announced that it has received $90 million in funding from BHP Group Limited
2023-02-28,83,Kabanga Nickel Limited announced that it has received funding from BHP Group Limited
2023-02-28,83,Kabanga Nickel Limited announced that it has received funding from BHP Group Limited
2023-02-28,83,Kabanga Nickel Limited announced that it has received funding from BHP Group Limited
2023-02-28,83,Kabanga Nickel Limited announced that it has received funding from BHP Group Limited
2023-02-28,83,Kabanga Nickel Limited announced that it has received $90 million in funding from BHP Group Limited
2023-03-02,194,BHP Group Limited - Special Call
2023-03-09,16,BHP Group Limited Announces Company Secretary Change
2023-04-14,51,"BHP Group Limited Presents at World Copper Conference 2023, Apr-18-2023 09:30 AM"
2023-04-14,149,"CRU International Ltd, World Copper Conference 2023, Apr 17, 2023 through Apr 19, 2023"
2023-04-18,65,Yancoal Reportedly Leads Race to Purchase BHP's Coal Operations
2023-04-21,87,BHP Group Limited has completed a Fixed-Income Offering in the amount of $1 billion.
2023-04-21,87,BHP Group Limited has completed a Fixed-Income Offering in the amount of $1 billion.
2023-04-21,87,BHP Group Limited has completed a Fixed-Income Offering in the amount of $750 million.
2023-04-23,149,"RIU Conferences Pty Ltd, Vertical Events, RIU Explorers Conference, Feb 13, 2024 through Feb 15, 2024"
2023-05-11,51,"BHP Group Limited Presents at BofA Securities Global Metals, Mining & Steel Conference 2023, May-16-2023 09:00 AM"
2023-05-23,65,JSW Group Eyes Coal Mines of BHP Group
2023-05-26,65,Coronado Still Eyes BHP Coal Mines
2023-06-02,149,"The Prospectors and Developers Association of Canada, Prospectors & Developers Association of Canada Convention 2024, Mar 03, 2024 through Mar 06, 2024"
2023-06-06,149,"CLSA Limited, 30th CITIC CLSA Investors’ Forum 2023, Sep 11, 2023 through Sep 14, 2023"
2023-06-21,194,BHP Group Limited - Special Call
2023-06-21,194,BHP Group Limited - Special Call
2023-06-21,194,BHP Group Limited - Special Call
2023-06-21,194,BHP Group Limited - Special Call
2023-06-28,51,"BHP Group Limited Presents at 26th World Mining Congress, Jun-28-2023"
2023-07-07,149,"Quest Events Pty Ltd, Women in Engineering Summit 2023, Oct 31, 2023 through Nov 02, 2023"
2023-07-07,149,"Brazilian Mining Institute, Exposibram 2023, Aug 28, 2023 through Aug 31, 2023"
2023-07-17,51,"BHP Group Limited Presents at Mines and Money London, Nov-28-2023"
2023-07-19,65,Daunia Mine Reportedly Bid Possible Without Whitehaven Equity Raising
2023-07-20,29,BHP Group Limited Provides Production Guidance for the Fiscal Year 2024
2023-07-20,226,"BHP Group Limited Announces Production Results for the Fourth Quarter and Full Year Ended June 30, 2023"
2023-07-25,65,Suitors Reportedly Prepare to Lob Bids for Chalice
2023-08-01,65,BHP Extends Timeline for Sale of Coal Mines
2023-08-09,149,"The Australasian Institute of Mining and Metallurgy, Mill Operators Conference 2024, Oct 21, 2024 through Oct 23, 2024"
2023-08-09,149,"The Australasian Institute of Mining and Metallurgy, Mill Operators Conference 2024, Oct 21, 2024 through Oct 23, 2024"
2023-08-09,149,"The Australasian Institute of Mining and Metallurgy, International Mining Geology Conference 2024, May 07, 2024 through May 09, 2024"
2023-08-09,149,"The Australasian Institute of Mining and Metallurgy, International Mining Geology Conference 2024, May 07, 2024 through May 09, 2024"
2023-08-09,149,"The Australasian Institute of Mining and Metallurgy, International Mine Health & Safety Conference 2024, Apr 15, 2024 through Apr 17, 2024"
2023-08-09,149,"The Australasian Institute of Mining and Metallurgy, International Mine Health & Safety Conference 2024, Apr 15, 2024 through Apr 17, 2024"
2023-08-11,65,Coronado Reportedly Exits BHP Coal Race
2023-08-17,51,"BHP Group Limited Presents at Women in Engineering Summit 2023, Oct-31-2023 through Nov-02-2023"
2023-08-21,48,"BHP Group Limited, 2023 Pre Recorded Earnings Call, Aug 22, 2023"
2023-08-21,28,"BHP Group Limited Reports Earnings Results for the Full Year Ended June 30, 2023"
2023-08-21,62,"BHP Group Limited, Annual General Meeting, Nov 01, 2023"
2023-08-22,48,"BHP Group Limited, 2023 Earnings Call, Aug 22, 2023"
2023-08-22,29,BHP Group Limited Re-Affirms Production Guidance for the Fiscal Year 2023
2023-08-22,29,BHP Group Provides Production Guidance for the Fiscal Year 2024
2023-08-29,149,"Deutsche Bank Aktiengesellschaft, DbAccess Virtual Copper CEO Conference, Oct 05, 2023 through Oct 06, 2023"
2023-09-04,51,"BHP Group Limited Presents at 30th CITIC CLSA Investors’ Forum 2023, Sep-14-2023 10:00 AM"
2023-09-05,51,"BHP Group Limited Presents at DbAccess Virtual Copper CEO Conference, Oct-05-2023 02:00 PM"
2023-09-06,83,Boston Electrometallurgical Corporation announced that it has received $262.132863 million in funding from a group of investors
2023-09-06,83,Boston Electrometallurgical Corporation announced that it has received $262.132863 million in funding from a group of investors
2023-09-06,83,Boston Electrometallurgical Corporation announced that it has received $262.132863 million in funding from a group of investors
2023-09-06,83,Boston Electrometallurgical Corporation announced that it has received $262.000003 million in funding from a group of investors
2023-09-06,83,Boston Electrometallurgical Corporation announced that it has received $262.000003 million in funding from a group of investors
2023-09-06,83,Boston Electrometallurgical Corporation announced that it has received $262.132863 million in funding from a group of investors
2023-09-06,83,Boston Electrometallurgical Corporation announced that it has received $262.132863 million in funding from a group of investors
2023-09-06,83,Boston Electrometallurgical Corporation announced that it has received $262.132863 million in funding from a group of investors
2023-09-06,83,Boston Electrometallurgical Corporation announced that it has received $262.000003 million in funding from a group of investors
2023-09-06,83,Boston Electrometallurgical Corporation announced that it has received $262.000003 million in funding from a group of investors
2023-09-06,83,Boston Electrometallurgical Corporation announced that it has received $262.132863 million in funding from a group of investors
2023-09-06,83,Boston Electrometallurgical Corporation announced that it has received $262.132863 million in funding from a group of investors
2023-09-06,83,Boston Electrometallurgical Corporation announced that it has received $262.132863 million in funding from a group of investors
2023-09-06,83,Boston Electrometallurgical Corporation announced that it has received $262.000003 million in funding from a group of investors
2023-09-06,83,Boston Electrometallurgical Corporation announced that it has received $262.000003 million in funding from a group of investors
2023-09-06,83,Boston Electrometallurgical Corporation announced that it has received $262.132863 million in funding from a group of investors
2023-09-06,83,Boston Electrometallurgical Corporation announced that it has received $262.132863 million in funding from a group of investors
2023-09-06,83,Boston Electrometallurgical Corporation announced that it has received $262.132863 million in funding from a group of investors
2023-09-06,83,Boston Electrometallurgical Corporation announced that it has received $262.000003 million in funding from a group of investors
2023-09-06,83,Boston Electrometallurgical Corporation announced that it has received $262.000003 million in funding from a group of investors
2023-09-06,83,Boston Electrometallurgical Corporation announced that it has received $262.132863 million in funding from a group of investors
2023-09-06,83,Boston Electrometallurgical Corporation announced that it has received $262.132863 million in funding from a group of investors
2023-09-06,83,Boston Electrometallurgical Corporation announced that it has received $262.132863 million in funding from a group of investors
2023-09-06,83,Boston Electrometallurgical Corporation announced that it has received $262.000003 million in funding from a group of investors
2023-09-06,42,Bhp Group Limited Prices $4.75 Billion of Senior Unsecured Bonds in the US Market
2023-09-06,83,Boston Electrometallurgical Corporation announced that it has received $262.000003 million in funding from a group of investors
2023-09-12,51,"BHP Group Limited Presents at 4th Annual Digitalisation In Mining Australia, Nov-21-2023"
2023-09-13,16,BHP Group Limited Announces Retainment of Terry Bowen Independent Non-Executive Director
2023-09-16,149,"The Financial Times Ltd., Financial Times' Mining Summit 2023, Oct 05, 2023 through Oct 06, 2023"
2023-09-16,51,"BHP Group Limited Presents at Financial Times' Mining Summit 2023, Oct-05-2023"
2023-09-19,65,Whitehaven Reportedly Leads the Way in Auction for BHP Coal Mines
2023-09-20,16,"BHP Group Limited Announces Resignation of Prakash Kakkad as Company Secretary, Effective on September 20, 2023"
2023-09-23,149,"121 Group Ltd, 121 Mining Investment Conference - Cape Town, Feb 05, 2024 through Feb 06, 2024"
2023-09-23,149,"121 Group Ltd, 121 Mining Investment Conference - Cape Town, Feb 05, 2024 through Feb 06, 2024"
2023-09-23,149,"121 Group Ltd, 121 Mining Investment Conference - Cape Town, Feb 05, 2024 through Feb 06, 2024"
2023-09-23,149,"121 Group Ltd, 121 Mining Investment Conference - Cape Town, Feb 05, 2024 through Feb 06, 2024"
2023-09-26,50,BHP Group Limited - Shareholder/Analyst Call
2023-09-28,65,Whitehaven Reportedly Lobs Bid for BHP Coal Mines
2023-09-29,194,BHP Group Limited - Special Call
2023-10-18,144,"BHP Group Limited expected to report Q1 2024 results on October 26, 2023."
2023-10-18,80,Whitehaven Coal Limited (ASX:WHC) agreed to acquire Metallurgical Coal Assets in Australia from Mitsubishi Development Pty Ltd and BHP Group Limited (ASX : BHP) for $4.1 billion.
2023-10-18,80,Whitehaven Coal Limited (ASX:WHC) agreed to acquire Metallurgical Coal Assets in Australia from Mitsubishi Development Pty Ltd and BHP Group Limited (ASX : BHP) for $4.1 billion.
2023-10-18,144,"BHP Group Limited expected to report Q1 2024 results on November 2, 2023."
2023-10-18,144,"BHP Group Limited expected to report Q1 2024 results on October 19, 2023."
2023-10-18,144,"BHP Group Limited expected to report Q1 2024 results on October 26, 2023."
2023-10-18,144,"BHP Group Limited expected to report Q1 2024 results on November 2, 2023."
2023-10-18,144,"BHP Group Limited expected to report Q1 2024 results on October 19, 2023."
2023-10-18,144,"BHP Group Limited expected to report Q1 2024 results on October 26, 2023."
2023-10-18,144,"BHP Group Limited expected to report Q1 2024 results on November 2, 2023."
2023-10-18,144,"BHP Group Limited expected to report First-Half, 2024 results on February 16, 2024."
2023-10-18,52,"BHP Group Limited, Mitsubishi Development Pty Ltd, Whitehaven Coal Limited - M&A Call"
2023-10-18,80,Whitehaven Coal Limited (ASX:WHC) agreed to acquire Metallurgical Coal Assets in Australia from Mitsubishi Development Pty Ltd and BHP Group Limited (ASX : BHP) for $4.1 billion.
2023-10-18,80,Whitehaven Coal Limited (ASX:WHC) agreed to acquire Metallurgical Coal Assets in Australia from Mitsubishi Development Pty Ltd and BHP Group Limited (ASX : BHP) for $4.1 billion.
2023-10-18,80,Whitehaven Coal Limited (ASX:WHC) agreed to acquire Metallurgical Coal Assets in Australia from Mitsubishi Development Pty Ltd and BHP Group Limited (ASX : BHP) for $4.1 billion.
2023-10-18,80,Whitehaven Coal Limited (ASX:WHC) agreed to acquire Metallurgical Coal Assets in Australia from Mitsubishi Development Pty Ltd and BHP Group Limited (ASX : BHP) for $4.1 billion.
2023-10-18,226,"Bhp Group Limited Provides Production Results for the Quarter Ended September 30, 2023"
2023-10-18,29,Bhp Group Limited Re-Affirms Production Guidance for the Fiscal Year 2024
2023-10-18,29,HP Group Limited Reaffirms Production Results for the Fiscal Year 2024
2023-10-18,29,BHP Group Limited Reaffirms Production Results for the Fiscal Year 2024
2023-10-18,29,Bhp Group Limited Re-Affirms Production Guidance for the Fiscal Year 2024
2023-10-18,29,HP Group Limited Reaffirms Production Results for the Fiscal Year 2024
2023-10-18,29,BHP Group Limited Reaffirms Production Results for the Fiscal Year 2024
2023-10-18,29,Bhp Group Limited Re-Affirms Production Guidance for the Fiscal Year 2024
2023-10-18,29,HP Group Limited Reaffirms Production Results for the Fiscal Year 2024
2023-10-18,29,BHP Group Limited Reaffirms Production Results for the Fiscal Year 2024
2023-10-18,144,"BHP Group Limited expected to report Q1 2024 results on October 19, 2023."
2023-10-18,80,Whitehaven Coal Limited (ASX:WHC) agreed to acquire Metallurgical Coal Assets in Australia from Mitsubishi Development Pty Ltd and BHP Group Limited (ASX : BHP) for $4.1 billion.
2023-10-18,80,Whitehaven Coal Limited (ASX:WHC) agreed to acquire Metallurgical Coal Assets in Australia from Mitsubishi Development Pty Ltd and BHP Group Limited (ASX : BHP) for $4.1 billion.
2023-10-18,80,Whitehaven Coal Limited (ASX:WHC) agreed to acquire Metallurgical Coal Assets in Australia from Mitsubishi Development Pty Ltd and BHP Group Limited (ASX : BHP) for $4.1 billion.
2023-10-18,80,Whitehaven Coal Limited (ASX:WHC) agreed to acquire Metallurgical Coal Assets in Australia from Mitsubishi Development Pty Ltd and BHP Group Limited (ASX : BHP) for $4.1 billion.
2023-10-18,80,Whitehaven Coal Limited (ASX:WHC) agreed to acquire Metallurgical Coal Assets in Australia from Mitsubishi Development Pty Ltd and BHP Group Limited (ASX : BHP) for $4.1 billion.
2023-10-18,80,Whitehaven Coal Limited (ASX:WHC) agreed to acquire Metallurgical Coal Assets in Australia from Mitsubishi Development Pty Ltd and BHP Group Limited (ASX : BHP) for $4.1 billion.
2023-10-18,80,Whitehaven Coal Limited (ASX:WHC) agreed to acquire Metallurgical Coal Assets in Australia from Mitsubishi Development Pty Ltd and BHP Group Limited (ASX : BHP) for $4.1 billion.
2023-10-18,80,Whitehaven Coal Limited (ASX:WHC) agreed to acquire Metallurgical Coal Assets in Australia from Mitsubishi Development Pty Ltd and BHP Group Limited (ASX : BHP) for $4.1 billion.
2023-10-18,80,Whitehaven Coal Limited (ASX:WHC) agreed to acquire Metallurgical Coal Assets in Australia from Mitsubishi Development Pty Ltd and BHP Group Limited (ASX : BHP) for $4.1 billion.
2023-10-18,80,Whitehaven Coal Limited (ASX:WHC) agreed to acquire Metallurgical Coal Assets in Australia from Mitsubishi Development Pty Ltd and BHP Group Limited (ASX : BHP) for $4.1 billion.
2023-10-18,80,Whitehaven Coal Limited (ASX:WHC) agreed to acquire Metallurgical Coal Assets in Australia from Mitsubishi Development Pty Ltd and BHP Group Limited (ASX : BHP) for $4.1 billion.
2023-10-18,80,Whitehaven Coal Limited (ASX:WHC) agreed to acquire Metallurgical Coal Assets in Australia from Mitsubishi Development Pty Ltd and BHP Group Limited (ASX : BHP) for $4.1 billion.
2023-10-18,80,Whitehaven Coal Limited (ASX:WHC) agreed to acquire Metallurgical Coal Assets in Australia from Mitsubishi Development Pty Ltd and BHP Group Limited (ASX : BHP) for $4.1 billion.
2023-10-18,80,Whitehaven Coal Limited (ASX:WHC) agreed to acquire Metallurgical Coal Assets in Australia from Mitsubishi Development Pty Ltd and BHP Group Limited (ASX : BHP) for $4.1 billion.
2023-10-18,80,Whitehaven Coal Limited (ASX:WHC) agreed to acquire Metallurgical Coal Assets in Australia from Mitsubishi Development Pty Ltd and BHP Group Limited (ASX : BHP) for $4.1 billion.
2023-10-18,80,Whitehaven Coal Limited (ASX:WHC) agreed to acquire Metallurgical Coal Assets in Australia from Mitsubishi Development Pty Ltd and BHP Group Limited (ASX : BHP) for $4.1 billion.
2023-10-18,80,Whitehaven Coal Limited (ASX:WHC) agreed to acquire Metallurgical Coal Assets in Australia from Mitsubishi Development Pty Ltd and BHP Group Limited (ASX : BHP) for $4.1 billion.
2023-10-18,80,Whitehaven Coal Limited (ASX:WHC) agreed to acquire Metallurgical Coal Assets in Australia from Mitsubishi Development Pty Ltd and BHP Group Limited (ASX : BHP) for $4.1 billion.
2023-10-18,80,Whitehaven Coal Limited (ASX:WHC) agreed to acquire Metallurgical Coal Assets in Australia from Mitsubishi Development Pty Ltd and BHP Group Limited (ASX : BHP) for $4.1 billion.
2023-10-18,80,Whitehaven Coal Limited (ASX:WHC) agreed to acquire Metallurgical Coal Assets in Australia from Mitsubishi Development Pty Ltd and BHP Group Limited (ASX : BHP) for $4.1 billion.
2023-10-18,80,Whitehaven Coal Limited (ASX:WHC) agreed to acquire Metallurgical Coal Assets in Australia from Mitsubishi Development Pty Ltd and BHP Group Limited (ASX : BHP) for $4.1 billion.
2023-10-18,80,Whitehaven Coal Limited (ASX:WHC) agreed to acquire Metallurgical Coal Assets in Australia from Mitsubishi Development Pty Ltd and BHP Group Limited (ASX : BHP) for $4.1 billion.
2023-10-18,80,Whitehaven Coal Limited (ASX:WHC) agreed to acquire Metallurgical Coal Assets in Australia from Mitsubishi Development Pty Ltd and BHP Group Limited (ASX : BHP) for $4.1 billion.
2023-10-18,80,Whitehaven Coal Limited (ASX:WHC) agreed to acquire Metallurgical Coal Assets in Australia from Mitsubishi Development Pty Ltd and BHP Group Limited (ASX : BHP) for $4.1 billion.
2023-10-18,80,Whitehaven Coal Limited (ASX:WHC) agreed to acquire Metallurgical Coal Assets in Australia from Mitsubishi Development Pty Ltd and BHP Group Limited (ASX : BHP) for $4.1 billion.
2023-10-18,80,Whitehaven Coal Limited (ASX:WHC) agreed to acquire Metallurgical Coal Assets in Australia from Mitsubishi Development Pty Ltd and BHP Group Limited (ASX : BHP) for $4.1 billion.
2023-10-18,80,Whitehaven Coal Limited (ASX:WHC) agreed to acquire Metallurgical Coal Assets in Australia from Mitsubishi Development Pty Ltd and BHP Group Limited (ASX : BHP) for $4.1 billion.
2023-10-18,80,Whitehaven Coal Limited (ASX:WHC) agreed to acquire Metallurgical Coal Assets in Australia from Mitsubishi Development Pty Ltd and BHP Group Limited (ASX : BHP) for $4.1 billion.
2023-10-18,80,Whitehaven Coal Limited (ASX:WHC) agreed to acquire Metallurgical Coal Assets in Australia from Mitsubishi Development Pty Ltd and BHP Group Limited (ASX : BHP) for $4.1 billion.
2023-10-18,80,Whitehaven Coal Limited (ASX:WHC) agreed to acquire Metallurgical Coal Assets in Australia from Mitsubishi Development Pty Ltd and BHP Group Limited (ASX : BHP) for $4.1 billion.
2023-10-18,80,Whitehaven Coal Limited (ASX:WHC) agreed to acquire Metallurgical Coal Assets in Australia from Mitsubishi Development Pty Ltd and BHP Group Limited (ASX : BHP) for $4.1 billion.
2023-10-18,80,Whitehaven Coal Limited (ASX:WHC) agreed to acquire Metallurgical Coal Assets in Australia from Mitsubishi Development Pty Ltd and BHP Group Limited (ASX : BHP) for $4.1 billion.
2023-10-18,80,Whitehaven Coal Limited (ASX:WHC) agreed to acquire Metallurgical Coal Assets in Australia from Mitsubishi Development Pty Ltd and BHP Group Limited (ASX : BHP) for $4.1 billion.
2023-10-18,80,Whitehaven Coal Limited (ASX:WHC) agreed to acquire Metallurgical Coal Assets in Australia from Mitsubishi Development Pty Ltd and BHP Group Limited (ASX : BHP) for $4.1 billion.
2023-10-18,80,Whitehaven Coal Limited (ASX:WHC) agreed to acquire Metallurgical Coal Assets in Australia from Mitsubishi Development Pty Ltd and BHP Group Limited (ASX : BHP) for $4.1 billion.
2023-10-18,80,Whitehaven Coal Limited (ASX:WHC) agreed to acquire Metallurgical Coal Assets in Australia from Mitsubishi Development Pty Ltd and BHP Group Limited (ASX : BHP) for $4.1 billion.
2023-10-18,80,Whitehaven Coal Limited (ASX:WHC) agreed to acquire Metallurgical Coal Assets in Australia from Mitsubishi Development Pty Ltd and BHP Group Limited (ASX : BHP) for $4.1 billion.
2023-10-18,80,Whitehaven Coal Limited (ASX:WHC) agreed to acquire Metallurgical Coal Assets in Australia from Mitsubishi Development Pty Ltd and BHP Group Limited (ASX : BHP) for $4.1 billion.
2023-10-18,80,Whitehaven Coal Limited (ASX:WHC) agreed to acquire Metallurgical Coal Assets in Australia from Mitsubishi Development Pty Ltd and BHP Group Limited (ASX : BHP) for $4.1 billion.
2023-10-18,80,Whitehaven Coal Limited (ASX:WHC) agreed to acquire Metallurgical Coal Assets in Australia from Mitsubishi Development Pty Ltd and BHP Group Limited (ASX : BHP) for $4.1 billion.
2023-10-18,80,Whitehaven Coal Limited (ASX:WHC) agreed to acquire Metallurgical Coal Assets in Australia from Mitsubishi Development Pty Ltd and BHP Group Limited (ASX : BHP) for $4.1 billion.
2023-10-18,80,Whitehaven Coal Limited (ASX:WHC) agreed to acquire Metallurgical Coal Assets in Australia from Mitsubishi Development Pty Ltd and BHP Group Limited (ASX : BHP) for $4.1 billion.
2023-10-18,80,Whitehaven Coal Limited (ASX:WHC) agreed to acquire Metallurgical Coal Assets in Australia from Mitsubishi Development Pty Ltd and BHP Group Limited (ASX : BHP) for $4.1 billion.
2023-10-20,51,"BHP Group Limited Presents at World Climate Summit - The Investment COP 2023, Dec-07-2023"
2023-10-20,149,"World Climate Foundation, World Climate Summit - the Investment COP 2023, Dec 07, 2023 through Dec 08, 2023"
2023-10-23,149,"Beacon Events Ltd., Resourcing Tomorrow (Mines and Money), Nov 28, 2023 through Nov 30, 2023"
2023-10-31,31,BHP Group Limited Approves USD 4.9 Billion Investment in Stage Two of Jansen Potash Project
2023-11-01,16,BHP Group Limited Announces the Retirement of Terry Bowen as Independent Non-Executive Director
2023-11-20,219,"BHP Group Limited to Report Q3, 2024 Operating Results on Apr 18, 2024"
2023-11-20,219,"BHP Group Limited to Report Q2, 2024 Results on Jan 18, 2024"
2023-11-20,219,"BHP Group Limited to Report Q4, 2024 Operating Results on Jul 17, 2024"
2023-11-20,55,"BHP Group Limited to Report Q2, 2024 Operating Results on Jan 18, 2024"
2023-11-20,55,"BHP Group Limited to Report Q2, 2024 Results on Jan 18, 2024"
2023-11-20,55,"BHP Group Limited to Report Q2, 2024 Results on Feb 20, 2024"
2023-11-20,55,"BHP Group Limited to Report Q4, 2024 Results on Aug 27, 2024"
2023-11-20,219,"BHP Group Limited to Report Q2, 2024 Operating Results on Jan 18, 2024"
2023-11-21,51,"BHP Group Limited Presents at 21st Berenberg European Conference 2023, Dec-04-2023"
2023-11-22,31,TransAlta Corporation and BHP Group Limited Announce Commercial Operation of Innovative Hybrid Renewables Facility to Power Remote Mining Operations in Western Australia
2023-11-23,51,"BHP Group Limited Presents at Resourcing Tomorrow (Mines and Money), Nov-28-2023"
2023-11-28,149,"BMO Capital Markets Corp., BMO 33rd Global Metals, Mining & Critical Minerals Conference 2024, Feb 25, 2024 through Feb 28, 2024"
2023-12-05,51,"BHP Group Limited Presents at EHS Congress 2024, May-22-2024"
2023-12-06,102,BHP Group Limited Announces CFO Changes
2023-12-06,16,BHP Group Limited Announces Executive Changes
2023-12-19,149,"Bank of America Corporation, BofA Securities Global Metals, Mining and Steel Conference 2024, May 13, 2024 through May 15, 2024"
2023-12-19,149,"Bank of America Corporation, BofA Securities Global Metals, Mining and Steel Conference 2024, May 13, 2024 through May 15, 2024"
2023-12-19,149,"Bank of America Corporation, BofA Securities Global Metals, Mining and Steel Conference 2024, May 13, 2024 through May 15, 2024"
2023-12-19,149,"Bank of America Corporation, BofA Securities Global Metals, Mining and Steel Conference 2024, May 13, 2024 through May 15, 2024"
2023-12-21,16,"BHP Group Limited Appoints Catherine Raw as Chief Development Office, Effective 29 April 2024"
2023-12-26,149,"Hyve Group, Investing in African Mining Indaba 2024, Feb 05, 2024 through Feb 08, 2024"
2024-01-12,149,"Electrification Coalition, Securing America's Future Energy, Securing America’s Future Energy Summit, Mar 12, 2024 through Mar 13, 2024"
2024-01-18,29,BHP Group Limited Revises Production Guidance for the Fiscal Year 2024
2024-01-18,226,"BHP Group Limited Reports Operational Results for the Second Quarter and Half Year Ended December 31, 2023"
2024-01-19,51,"BHP Group Limited Presents at BMO 33rd Global Metals, Mining & Critical Minerals Conference 2024, Feb-26-2024 08:00 AM"
2024-01-30,221,"BHP Group Limited, 2024 Operating Results Call, Jul 17, 2024"
2024-02-08,22,"Rio Tinto, BHP and BlueScope on Steel Decarbonisation"
2024-02-14,51,"BHP Group Limited Presents at RIU Explorers Conference, Feb-14-2024 01:00 PM"
2024-02-19,48,"BHP Group Limited, H1 2024 Earnings Call, Feb 19, 2024"
2024-02-19,48,"BHP Group Limited, H1 2024 Pre Recorded Earnings Call, Feb 19, 2024"
2024-02-19,28,"BHP Group Limited Reports Earnings Results for the Half Year Ended December 31, 2023"
2024-02-19,28,"BHP Group Limited Reports Earnings Results for the Half Year Ended December 31, 2023"
2024-02-19,28,"BHP Group Limited Reports Earnings Results for the Half Year Ended December 31, 2023"
2024-02-19,28,"BHP Group Limited Reports Earnings Results for the Half Year Ended December 31, 2023"
2024-02-19,48,"BHP Group Limited, H1 2024 Earnings Call, Feb 19, 2024"
2024-02-19,48,"BHP Group Limited, H1 2024 Pre Recorded Earnings Call, Feb 19, 2024"
2024-02-21,144,"BHP Group Limited expected to report Q3 2024 results on April 19, 2024."
2024-02-21,144,"BHP Group Limited expected to report Q3 2024 results on April 26, 2024."
2024-02-21,144,"BHP Group Limited expected to report Q3 2024 results on April 26, 2024."
2024-02-21,144,"BHP Group Limited expected to report Q3 2024 results on April 19, 2024."
2024-02-28,149,"Beacon Events Ltd., Mines and Money @ Resourcing Tomorrow, Dec 03, 2024 through Dec 05, 2024"
2024-02-29,16,BHP Group Limited Appoints Ross Mcewan CBE as A Non-Executive Director with Effect from 3 April 2024
2024-03-11,51,"BHP Group Limited Presents at Securing America’s Future Energy Summit, Mar-12-2024 03:15 PM"
2024-03-14,194,BHP Group Limited - Special Call
2024-03-28,16,Ian Cockerill Will Retire as an Independent Non-Executive Director of BHP Group Limited on 4 April 2024
2024-04-02,81,Whitehaven Coal Limited (ASX:WHC) completed the acquisition of Metallurgical Coal Assets in Australia from Mitsubishi Development Pty Ltd and BHP Group Limited (ASX : BHP).
2024-04-03,16,BHP Group Limited Appoints Ross McEwan as Director
2024-04-11,149,"Aspermont Limited, Future of Mining Perth 2024, Jun 17, 2024 through Jun 18, 2024"
2024-04-11,51,"BHP Group Limited Presents at Future of Mining Perth 2024, Jun-17-2024"
2024-04-11,51,"BHP Group Limited Presents at Future of Mining Perth 2024, Jun-17-2024"
2024-04-11,51,"BHP Group Limited Presents at Future of Mining Perth 2024, Jun-17-2024"
2024-04-11,51,"BHP Group Limited Presents at Future of Mining Perth 2024, Jun-17-2024"
2024-04-11,149,"Aspermont Limited, Future of Mining Perth 2024, Jun 17, 2024 through Jun 18, 2024"
2024-04-11,149,"Aspermont Limited, Future of Mining Perth 2024, Jun 17, 2024 through Jun 18, 2024"
2024-04-11,149,"Aspermont Limited, Future of Mining Perth 2024, Jun 17, 2024 through Jun 18, 2024"
2024-04-18,226,"BHP Group Limited Reports Production Results for the Third Quarter and Nine Months Ended March 31, 2024"
2024-04-18,29,Bhp Group Limited Revises Production Guidance for the Fiscal Year 2024
2024-04-24,80,"BHP Group Limited (ASX:BHP) offered an unsolicited, non-binding and highly conditional combination proposal to acquire Anglo American plc (LSE:AAL) from Tarl Investment Holdings, Ltd., Epoch Investment Holdings Limited and Epoch Two Investment Holdings Limited for £20.5 billion."
2024-04-24,80,"BHP Group Limited (ASX:BHP) offered an unsolicited, non-binding and highly conditional combination proposal to acquire Anglo American plc (LSE:AAL) from Tarl Investment Holdings, Ltd., Epoch Investment Holdings Limited and Epoch Two Investment Holdings Limited for £22.5 billion."
2024-04-24,80,"BHP Group Limited (ASX:BHP) offered an unsolicited, non-binding and highly conditional combination proposal to acquire Anglo American plc (LSE:AAL)."
2024-04-24,80,"BHP Group Limited (ASX:BHP) offered an unsolicited, non-binding and highly conditional combination proposal to acquire Anglo American plc (LSE:AAL) from Tarl Investment Holdings, Ltd., Epoch Investment Holdings Limited and Epoch Two Investment Holdings Limited for £25.7 billion."
2024-04-24,80,"BHP Group Limited (ASX:BHP) offered an unsolicited, non-binding and highly conditional combination proposal to acquire Anglo American plc (LSE:AAL) for"
2024-04-24,80,"BHP Group Limited (ASX:BHP) offered an unsolicited, non-binding and highly conditional combination proposal to acquire Anglo American plc (LSE:AAL) from Tarl Investment Holdings, Ltd., Epoch Investment Holdings Limited and Epoch Two Investment Holdings Limited for £25.7 billion."
2024-04-24,80,"BHP Group Limited (ASX:BHP) offered an unsolicited, non-binding and highly conditional combination proposal to acquire Anglo American plc (LSE:AAL) from Tarl Investment Holdings, Ltd., Epoch Investment Holdings Limited and Epoch Two Investment Holdings Limited for £20.5 billion."
2024-04-24,80,"BHP Group Limited (ASX:BHP) offered an unsolicited, non-binding and highly conditional combination proposal to acquire Anglo American plc (LSE:AAL) from Tarl Investment Holdings, Ltd., Epoch Investment Holdings Limited and Epoch Two Investment Holdings Limited for £25.7 billion."
2024-04-24,80,"BHP Group Limited (ASX:BHP) offered an unsolicited, non-binding and highly conditional combination proposal to acquire Anglo American plc (LSE:AAL) from Tarl Investment Holdings, Ltd., Epoch Investment Holdings Limited and Epoch Two Investment Holdings Limited for £20.5 billion."
2024-04-24,80,"BHP Group Limited (ASX:BHP) offered an unsolicited, non-binding and highly conditional combination proposal to acquire Anglo American plc (LSE:AAL) from Tarl Investment Holdings, Ltd., Epoch Investment Holdings Limited and Epoch Two Investment Holdings Limited for £22.5 billion."
2024-04-24,80,"BHP Group Limited (ASX:BHP) offered an unsolicited, non-binding and highly conditional combination proposal to acquire Anglo American plc (LSE:AAL)."
2024-04-24,80,"BHP Group Limited (ASX:BHP) offered an unsolicited, non-binding and highly conditional combination proposal to acquire Anglo American plc (LSE:AAL) from Tarl Investment Holdings, Ltd., Epoch Investment Holdings Limited and Epoch Two Investment Holdings Limited for £25.7 billion."
2024-04-24,80,"BHP Group Limited (ASX:BHP) offered an unsolicited, non-binding and highly conditional combination proposal to acquire Anglo American plc (LSE:AAL) for"
2024-04-24,80,"BHP Group Limited (ASX:BHP) offered an unsolicited, non-binding and highly conditional combination proposal to acquire Anglo American plc (LSE:AAL) from Tarl Investment Holdings, Ltd., Epoch Investment Holdings Limited and Epoch Two Investment Holdings Limited for £25.7 billion."
2024-04-24,80,"BHP Group Limited (ASX:BHP) offered an unsolicited, non-binding and highly conditional combination proposal to acquire Anglo American plc (LSE:AAL) from Tarl Investment Holdings, Ltd., Epoch Investment Holdings Limited and Epoch Two Investment Holdings Limited for £20.5 billion."
2024-04-24,80,"BHP Group Limited (ASX:BHP) offered an unsolicited, non-binding and highly conditional combination proposal to acquire Anglo American plc (LSE:AAL) from Tarl Investment Holdings, Ltd., Epoch Investment Holdings Limited and Epoch Two Investment Holdings Limited for £25.7 billion."
2024-04-24,80,"BHP Group Limited (ASX:BHP) offered an unsolicited, non-binding and highly conditional combination proposal to acquire Anglo American plc (LSE:AAL) from Tarl Investment Holdings, Ltd., Epoch Investment Holdings Limited and Epoch Two Investment Holdings Limited for £20.5 billion."
2024-04-24,80,"BHP Group Limited (ASX:BHP) offered an unsolicited, non-binding and highly conditional combination proposal to acquire Anglo American plc (LSE:AAL) from Tarl Investment Holdings, Ltd., Epoch Investment Holdings Limited and Epoch Two Investment Holdings Limited for £22.5 billion."
2024-04-24,80,"BHP Group Limited (ASX:BHP) offered an unsolicited, non-binding and highly conditional combination proposal to acquire Anglo American plc (LSE:AAL)."
2024-04-24,80,"BHP Group Limited (ASX:BHP) offered an unsolicited, non-binding and highly conditional combination proposal to acquire Anglo American plc (LSE:AAL) from Tarl Investment Holdings, Ltd., Epoch Investment Holdings Limited and Epoch Two Investment Holdings Limited for £25.7 billion."
2024-04-24,80,"BHP Group Limited (ASX:BHP) offered an unsolicited, non-binding and highly conditional combination proposal to acquire Anglo American plc (LSE:AAL) for"
2024-04-24,80,"BHP Group Limited (ASX:BHP) offered an unsolicited, non-binding and highly conditional combination proposal to acquire Anglo American plc (LSE:AAL) from Tarl Investment Holdings, Ltd., Epoch Investment Holdings Limited and Epoch Two Investment Holdings Limited for £25.7 billion."
2024-04-24,80,"BHP Group Limited (ASX:BHP) offered an unsolicited, non-binding and highly conditional combination proposal to acquire Anglo American plc (LSE:AAL) for"
2024-04-24,80,"BHP Group Limited (ASX:BHP) offered an unsolicited, non-binding and highly conditional combination proposal to acquire Anglo American plc (LSE:AAL) from Tarl Investment Holdings, Ltd., Epoch Investment Holdings Limited and Epoch Two Investment Holdings Limited for £20.5 billion."
2024-04-24,80,"BHP Group Limited (ASX:BHP) offered an unsolicited, non-binding and highly conditional combination proposal to acquire Anglo American plc (LSE:AAL) from Tarl Investment Holdings, Ltd., Epoch Investment Holdings Limited and Epoch Two Investment Holdings Limited for £25.7 billion."
2024-04-24,80,"BHP Group Limited (ASX:BHP) offered an unsolicited, non-binding and highly conditional combination proposal to acquire Anglo American plc (LSE:AAL) from Tarl Investment Holdings, Ltd., Epoch Investment Holdings Limited and Epoch Two Investment Holdings Limited for £20.5 billion."
2024-04-24,80,"BHP Group Limited (ASX:BHP) offered an unsolicited, non-binding and highly conditional combination proposal to acquire Anglo American plc (LSE:AAL) from Tarl Investment Holdings, Ltd., Epoch Investment Holdings Limited and Epoch Two Investment Holdings Limited for £22.5 billion."
2024-04-24,80,"BHP Group Limited (ASX:BHP) offered an unsolicited, non-binding and highly conditional combination proposal to acquire Anglo American plc (LSE:AAL)."
2024-04-24,80,"BHP Group Limited (ASX:BHP) offered an unsolicited, non-binding and highly conditional combination proposal to acquire Anglo American plc (LSE:AAL) from Tarl Investment Holdings, Ltd., Epoch Investment Holdings Limited and Epoch Two Investment Holdings Limited for £25.7 billion."
2024-04-24,80,"BHP Group Limited (ASX:BHP) offered an unsolicited, non-binding and highly conditional combination proposal to acquire Anglo American plc (LSE:AAL) for"
2024-04-24,80,"BHP Group Limited (ASX:BHP) offered an unsolicited, non-binding and highly conditional combination proposal to acquire Anglo American plc (LSE:AAL) from Tarl Investment Holdings, Ltd., Epoch Investment Holdings Limited and Epoch Two Investment Holdings Limited for £25.7 billion."
2024-04-24,80,"BHP Group Limited (ASX:BHP) offered an unsolicited, non-binding and highly conditional combination proposal to acquire Anglo American plc (LSE:AAL) from Tarl Investment Holdings, Ltd., Epoch Investment Holdings Limited and Epoch Two Investment Holdings Limited for £20.5 billion."
2024-04-24,80,"BHP Group Limited (ASX:BHP) offered an unsolicited, non-binding and highly conditional combination proposal to acquire Anglo American plc (LSE:AAL) from Tarl Investment Holdings, Ltd., Epoch Investment Holdings Limited and Epoch Two Investment Holdings Limited for £25.7 billion."
2024-04-24,80,"BHP Group Limited (ASX:BHP) offered an unsolicited, non-binding and highly conditional combination proposal to acquire Anglo American plc (LSE:AAL) from Tarl Investment Holdings, Ltd., Epoch Investment Holdings Limited and Epoch Two Investment Holdings Limited for £20.5 billion."
2024-04-24,80,"BHP Group Limited (ASX:BHP) offered an unsolicited, non-binding and highly conditional combination proposal to acquire Anglo American plc (LSE:AAL) from Tarl Investment Holdings, Ltd., Epoch Investment Holdings Limited and Epoch Two Investment Holdings Limited for £22.5 billion."
2024-04-24,80,"BHP Group Limited (ASX:BHP) offered an unsolicited, non-binding and highly conditional combination proposal to acquire Anglo American plc (LSE:AAL)."
2024-04-24,80,"BHP Group Limited (ASX:BHP) offered an unsolicited, non-binding and highly conditional combination proposal to acquire Anglo American plc (LSE:AAL) from Tarl Investment Holdings, Ltd., Epoch Investment Holdings Limited and Epoch Two Investment Holdings Limited for £25.7 billion."
2024-04-24,80,"BHP Group Limited (ASX:BHP) offered an unsolicited, non-binding and highly conditional combination proposal to acquire Anglo American plc (LSE:AAL) for"
2024-04-24,80,"BHP Group Limited (ASX:BHP) offered an unsolicited, non-binding and highly conditional combination proposal to acquire Anglo American plc (LSE:AAL) from Tarl Investment Holdings, Ltd., Epoch Investment Holdings Limited and Epoch Two Investment Holdings Limited for £25.7 billion."
2024-04-24,80,"BHP Group Limited (ASX:BHP) offered an unsolicited, non-binding and highly conditional combination proposal to acquire Anglo American plc (LSE:AAL) from Tarl Investment Holdings, Ltd., Epoch Investment Holdings Limited and Epoch Two Investment Holdings Limited for £20.5 billion."
2024-04-24,80,"BHP Group Limited (ASX:BHP) offered an unsolicited, non-binding and highly conditional combination proposal to acquire Anglo American plc (LSE:AAL) from Tarl Investment Holdings, Ltd., Epoch Investment Holdings Limited and Epoch Two Investment Holdings Limited for £25.7 billion."
2024-04-24,80,"BHP Group Limited (ASX:BHP) offered an unsolicited, non-binding and highly conditional combination proposal to acquire Anglo American plc (LSE:AAL) from Tarl Investment Holdings, Ltd., Epoch Investment Holdings Limited and Epoch Two Investment Holdings Limited for £20.5 billion."
2024-04-24,80,"BHP Group Limited (ASX:BHP) offered an unsolicited, non-binding and highly conditional combination proposal to acquire Anglo American plc (LSE:AAL) from Tarl Investment Holdings, Ltd., Epoch Investment Holdings Limited and Epoch Two Investment Holdings Limited for £22.5 billion."
2024-04-24,80,"BHP Group Limited (ASX:BHP) offered an unsolicited, non-binding and highly conditional combination proposal to acquire Anglo American plc (LSE:AAL)."
2024-04-24,80,"BHP Group Limited (ASX:BHP) offered an unsolicited, non-binding and highly conditional combination proposal to acquire Anglo American plc (LSE:AAL) from Tarl Investment Holdings, Ltd., Epoch Investment Holdings Limited and Epoch Two Investment Holdings Limited for £25.7 billion."
2024-04-24,80,"BHP Group Limited (ASX:BHP) offered an unsolicited, non-binding and highly conditional combination proposal to acquire Anglo American plc (LSE:AAL) for"
2024-04-24,80,"BHP Group Limited (ASX:BHP) offered an unsolicited, non-binding and highly conditional combination proposal to acquire Anglo American plc (LSE:AAL) from Tarl Investment Holdings, Ltd., Epoch Investment Holdings Limited and Epoch Two Investment Holdings Limited for £25.7 billion."
2024-04-24,80,"BHP Group Limited (ASX:BHP) offered an unsolicited, non-binding and highly conditional combination proposal to acquire Anglo American plc (LSE:AAL) from Tarl Investment Holdings, Ltd., Epoch Investment Holdings Limited and Epoch Two Investment Holdings Limited for £20.5 billion."
2024-04-24,80,"BHP Group Limited (ASX:BHP) offered an unsolicited, non-binding and highly conditional combination proposal to acquire Anglo American plc (LSE:AAL) from Tarl Investment Holdings, Ltd., Epoch Investment Holdings Limited and Epoch Two Investment Holdings Limited for £25.7 billion."
2024-04-24,80,"BHP Group Limited (ASX:BHP) offered an unsolicited, non-binding and highly conditional combination proposal to acquire Anglo American plc (LSE:AAL) from Tarl Investment Holdings, Ltd., Epoch Investment Holdings Limited and Epoch Two Investment Holdings Limited for £20.5 billion."
2024-04-24,80,"BHP Group Limited (ASX:BHP) offered an unsolicited, non-binding and highly conditional combination proposal to acquire Anglo American plc (LSE:AAL) from Tarl Investment Holdings, Ltd., Epoch Investment Holdings Limited and Epoch Two Investment Holdings Limited for £22.5 billion."
2024-04-24,80,"BHP Group Limited (ASX:BHP) offered an unsolicited, non-binding and highly conditional combination proposal to acquire Anglo American plc (LSE:AAL)."
2024-04-24,80,"BHP Group Limited (ASX:BHP) offered an unsolicited, non-binding and highly conditional combination proposal to acquire Anglo American plc (LSE:AAL) from Tarl Investment Holdings, Ltd., Epoch Investment Holdings Limited and Epoch Two Investment Holdings Limited for £25.7 billion."
2024-04-24,80,"BHP Group Limited (ASX:BHP) offered an unsolicited, non-binding and highly conditional combination proposal to acquire Anglo American plc (LSE:AAL) for"
2024-04-24,80,"BHP Group Limited (ASX:BHP) offered an unsolicited, non-binding and highly conditional combination proposal to acquire Anglo American plc (LSE:AAL) from Tarl Investment Holdings, Ltd., Epoch Investment Holdings Limited and Epoch Two Investment Holdings Limited for £25.7 billion."
2024-04-24,80,"BHP Group Limited (ASX:BHP) offered an unsolicited, non-binding and highly conditional combination proposal to acquire Anglo American plc (LSE:AAL) from Tarl Investment Holdings, Ltd., Epoch Investment Holdings Limited and Epoch Two Investment Holdings Limited for £20.5 billion."
2024-04-24,80,"BHP Group Limited (ASX:BHP) offered an unsolicited, non-binding and highly conditional combination proposal to acquire Anglo American plc (LSE:AAL) from Tarl Investment Holdings, Ltd., Epoch Investment Holdings Limited and Epoch Two Investment Holdings Limited for £25.7 billion."
2024-04-24,80,"BHP Group Limited (ASX:BHP) offered an unsolicited, non-binding and highly conditional combination proposal to acquire Anglo American plc (LSE:AAL) from Tarl Investment Holdings, Ltd., Epoch Investment Holdings Limited and Epoch Two Investment Holdings Limited for £20.5 billion."
2024-04-24,80,"BHP Group Limited (ASX:BHP) offered an unsolicited, non-binding and highly conditional combination proposal to acquire Anglo American plc (LSE:AAL) from Tarl Investment Holdings, Ltd., Epoch Investment Holdings Limited and Epoch Two Investment Holdings Limited for £22.5 billion."
2024-04-24,80,"BHP Group Limited (ASX:BHP) offered an unsolicited, non-binding and highly conditional combination proposal to acquire Anglo American plc (LSE:AAL) from Tarl Investment Holdings, Ltd., Epoch Investment Holdings Limited and Epoch Two Investment Holdings Limited for £25.7 billion."
2024-04-24,80,"BHP Group Limited (ASX:BHP) offered an unsolicited, non-binding and highly conditional combination proposal to acquire Anglo American plc (LSE:AAL)."
2024-04-24,80,"BHP Group Limited (ASX:BHP) offered an unsolicited, non-binding and highly conditional combination proposal to acquire Anglo American plc (LSE:AAL) from Tarl Investment Holdings, Ltd., Epoch Investment Holdings Limited and Epoch Two Investment Holdings Limited for £25.7 billion."
2024-04-24,80,"BHP Group Limited (ASX:BHP) offered an unsolicited, non-binding and highly conditional combination proposal to acquire Anglo American plc (LSE:AAL) from Tarl Investment Holdings, Ltd., Epoch Investment Holdings Limited and Epoch Two Investment Holdings Limited for £20.5 billion."
2024-04-24,80,"BHP Group Limited (ASX:BHP) offered an unsolicited, non-binding and highly conditional combination proposal to acquire Anglo American plc (LSE:AAL) from Tarl Investment Holdings, Ltd., Epoch Investment Holdings Limited and Epoch Two Investment Holdings Limited for £25.7 billion."
2024-04-25,65,BHP Group Launches Bid to Acquire Anglo American
2024-04-26,82,"BHP Group Limited (ASX:BHP) cancelled the acquisition of Anglo American plc (LSE:AAL) from Tarl Investment Holdings, Ltd., Epoch Investment Holdings Limited and Epoch Two Investment Holdings Limited."
2024-04-26,82,"BHP Group Limited (ASX:BHP) cancelled the acquisition of Anglo American plc (LSE:AAL) from Tarl Investment Holdings, Ltd., Epoch Investment Holdings Limited and Epoch Two Investment Holdings Limited."
2024-04-26,82,"BHP Group Limited (ASX:BHP) cancelled the acquisition of Anglo American plc (LSE:AAL) from Tarl Investment Holdings, Ltd., Epoch Investment Holdings Limited and Epoch Two Investment Holdings Limited."
2024-04-26,82,"BHP Group Limited (ASX:BHP) cancelled the acquisition of Anglo American plc (LSE:AAL) from Tarl Investment Holdings, Ltd., Epoch Investment Holdings Limited and Epoch Two Investment Holdings Limited."
2024-04-26,82,"BHP Group Limited (ASX:BHP) cancelled the acquisition of Anglo American plc (LSE:AAL) from Tarl Investment Holdings, Ltd., Epoch Investment Holdings Limited and Epoch Two Investment Holdings Limited."
2024-04-26,82,"BHP Group Limited (ASX:BHP) cancelled the acquisition of Anglo American plc (LSE:AAL) from Tarl Investment Holdings, Ltd., Epoch Investment Holdings Limited and Epoch Two Investment Holdings Limited."
2024-04-26,82,"BHP Group Limited (ASX:BHP) cancelled the acquisition of Anglo American plc (LSE:AAL) from Tarl Investment Holdings, Ltd., Epoch Investment Holdings Limited and Epoch Two Investment Holdings Limited."
2024-04-26,82,"BHP Group Limited (ASX:BHP) cancelled the acquisition of Anglo American plc (LSE:AAL) from Tarl Investment Holdings, Ltd., Epoch Investment Holdings Limited and Epoch Two Investment Holdings Limited."
2024-04-26,82,"BHP Group Limited (ASX:BHP) cancelled the acquisition of Anglo American plc (LSE:AAL) from Tarl Investment Holdings, Ltd., Epoch Investment Holdings Limited and Epoch Two Investment Holdings Limited."
2024-04-26,82,"BHP Group Limited (ASX:BHP) cancelled the acquisition of Anglo American plc (LSE:AAL) from Tarl Investment Holdings, Ltd., Epoch Investment Holdings Limited and Epoch Two Investment Holdings Limited."
2024-04-26,82,"BHP Group Limited (ASX:BHP) cancelled the acquisition of Anglo American plc (LSE:AAL) from Tarl Investment Holdings, Ltd., Epoch Investment Holdings Limited and Epoch Two Investment Holdings Limited."
2024-04-26,82,"BHP Group Limited (ASX:BHP) cancelled the acquisition of Anglo American plc (LSE:AAL) from Tarl Investment Holdings, Ltd., Epoch Investment Holdings Limited and Epoch Two Investment Holdings Limited."
2024-04-26,82,"BHP Group Limited (ASX:BHP) cancelled the acquisition of Anglo American plc (LSE:AAL) from Tarl Investment Holdings, Ltd., Epoch Investment Holdings Limited and Epoch Two Investment Holdings Limited."
2024-04-26,82,"BHP Group Limited (ASX:BHP) cancelled the acquisition of Anglo American plc (LSE:AAL) from Tarl Investment Holdings, Ltd., Epoch Investment Holdings Limited and Epoch Two Investment Holdings Limited."
2024-04-26,82,"BHP Group Limited (ASX:BHP) cancelled the acquisition of Anglo American plc (LSE:AAL) from Tarl Investment Holdings, Ltd., Epoch Investment Holdings Limited and Epoch Two Investment Holdings Limited."
2024-04-26,82,"BHP Group Limited (ASX:BHP) cancelled the acquisition of Anglo American plc (LSE:AAL) from Tarl Investment Holdings, Ltd., Epoch Investment Holdings Limited and Epoch Two Investment Holdings Limited."
2024-04-26,82,"BHP Group Limited (ASX:BHP) cancelled the acquisition of Anglo American plc (LSE:AAL) from Tarl Investment Holdings, Ltd., Epoch Investment Holdings Limited and Epoch Two Investment Holdings Limited."
2024-04-26,82,"BHP Group Limited (ASX:BHP) cancelled the acquisition of Anglo American plc (LSE:AAL) from Tarl Investment Holdings, Ltd., Epoch Investment Holdings Limited and Epoch Two Investment Holdings Limited."
2024-04-26,82,"BHP Group Limited (ASX:BHP) cancelled the acquisition of Anglo American plc (LSE:AAL) from Tarl Investment Holdings, Ltd., Epoch Investment Holdings Limited and Epoch Two Investment Holdings Limited."
2024-04-26,82,"BHP Group Limited (ASX:BHP) cancelled the acquisition of Anglo American plc (LSE:AAL) from Tarl Investment Holdings, Ltd., Epoch Investment Holdings Limited and Epoch Two Investment Holdings Limited."
2024-04-26,82,"BHP Group Limited (ASX:BHP) cancelled the acquisition of Anglo American plc (LSE:AAL) from Tarl Investment Holdings, Ltd., Epoch Investment Holdings Limited and Epoch Two Investment Holdings Limited."
2024-04-26,82,"BHP Group Limited (ASX:BHP) cancelled the acquisition of Anglo American plc (LSE:AAL) from Tarl Investment Holdings, Ltd., Epoch Investment Holdings Limited and Epoch Two Investment Holdings Limited."
2024-04-26,82,"BHP Group Limited (ASX:BHP) cancelled the acquisition of Anglo American plc (LSE:AAL) from Tarl Investment Holdings, Ltd., Epoch Investment Holdings Limited and Epoch Two Investment Holdings Limited."
2024-04-26,82,"BHP Group Limited (ASX:BHP) cancelled the acquisition of Anglo American plc (LSE:AAL) from Tarl Investment Holdings, Ltd., Epoch Investment Holdings Limited and Epoch Two Investment Holdings Limited."
2024-04-26,82,"BHP Group Limited (ASX:BHP) cancelled the acquisition of Anglo American plc (LSE:AAL) from Tarl Investment Holdings, Ltd., Epoch Investment Holdings Limited and Epoch Two Investment Holdings Limited."
2024-04-26,82,"BHP Group Limited (ASX:BHP) cancelled the acquisition of Anglo American plc (LSE:AAL) from Tarl Investment Holdings, Ltd., Epoch Investment Holdings Limited and Epoch Two Investment Holdings Limited."
2024-04-26,82,"BHP Group Limited (ASX:BHP) cancelled the acquisition of Anglo American plc (LSE:AAL) from Tarl Investment Holdings, Ltd., Epoch Investment Holdings Limited and Epoch Two Investment Holdings Limited."
2024-04-26,82,"BHP Group Limited (ASX:BHP) cancelled the acquisition of Anglo American plc (LSE:AAL) from Tarl Investment Holdings, Ltd., Epoch Investment Holdings Limited and Epoch Two Investment Holdings Limited."
2024-04-26,82,"BHP Group Limited (ASX:BHP) cancelled the acquisition of Anglo American plc (LSE:AAL) from Tarl Investment Holdings, Ltd., Epoch Investment Holdings Limited and Epoch Two Investment Holdings Limited."
2024-04-26,82,"BHP Group Limited (ASX:BHP) cancelled the acquisition of Anglo American plc (LSE:AAL) from Tarl Investment Holdings, Ltd., Epoch Investment Holdings Limited and Epoch Two Investment Holdings Limited."
2024-04-26,82,"BHP Group Limited (ASX:BHP) cancelled the acquisition of Anglo American plc (LSE:AAL) from Tarl Investment Holdings, Ltd., Epoch Investment Holdings Limited and Epoch Two Investment Holdings Limited."
2024-04-26,82,"BHP Group Limited (ASX:BHP) cancelled the acquisition of Anglo American plc (LSE:AAL) from Tarl Investment Holdings, Ltd., Epoch Investment Holdings Limited and Epoch Two Investment Holdings Limited."
2024-04-26,82,"BHP Group Limited (ASX:BHP) cancelled the acquisition of Anglo American plc (LSE:AAL) from Tarl Investment Holdings, Ltd., Epoch Investment Holdings Limited and Epoch Two Investment Holdings Limited."
2024-04-26,82,"BHP Group Limited (ASX:BHP) cancelled the acquisition of Anglo American plc (LSE:AAL) from Tarl Investment Holdings, Ltd., Epoch Investment Holdings Limited and Epoch Two Investment Holdings Limited."
2024-04-26,82,"BHP Group Limited (ASX:BHP) cancelled the acquisition of Anglo American plc (LSE:AAL) from Tarl Investment Holdings, Ltd., Epoch Investment Holdings Limited and Epoch Two Investment Holdings Limited."
2024-04-26,82,"BHP Group Limited (ASX:BHP) cancelled the acquisition of Anglo American plc (LSE:AAL) from Tarl Investment Holdings, Ltd., Epoch Investment Holdings Limited and Epoch Two Investment Holdings Limited."
2024-04-26,82,"BHP Group Limited (ASX:BHP) cancelled the acquisition of Anglo American plc (LSE:AAL) from Tarl Investment Holdings, Ltd., Epoch Investment Holdings Limited and Epoch Two Investment Holdings Limited."
2024-04-26,82,"BHP Group Limited (ASX:BHP) cancelled the acquisition of Anglo American plc (LSE:AAL) from Tarl Investment Holdings, Ltd., Epoch Investment Holdings Limited and Epoch Two Investment Holdings Limited."
2024-04-26,82,"BHP Group Limited (ASX:BHP) cancelled the acquisition of Anglo American plc (LSE:AAL) from Tarl Investment Holdings, Ltd., Epoch Investment Holdings Limited and Epoch Two Investment Holdings Limited."
2024-04-26,82,"BHP Group Limited (ASX:BHP) cancelled the acquisition of Anglo American plc (LSE:AAL) from Tarl Investment Holdings, Ltd., Epoch Investment Holdings Limited and Epoch Two Investment Holdings Limited."
2024-04-26,82,"BHP Group Limited (ASX:BHP) cancelled the acquisition of Anglo American plc (LSE:AAL) from Tarl Investment Holdings, Ltd., Epoch Investment Holdings Limited and Epoch Two Investment Holdings Limited."
2024-04-26,82,"BHP Group Limited (ASX:BHP) cancelled the acquisition of Anglo American plc (LSE:AAL) from Tarl Investment Holdings, Ltd., Epoch Investment Holdings Limited and Epoch Two Investment Holdings Limited."
2024-04-26,82,"BHP Group Limited (ASX:BHP) cancelled the acquisition of Anglo American plc (LSE:AAL) from Tarl Investment Holdings, Ltd., Epoch Investment Holdings Limited and Epoch Two Investment Holdings Limited."
2024-04-26,82,"BHP Group Limited (ASX:BHP) cancelled the acquisition of Anglo American plc (LSE:AAL) from Tarl Investment Holdings, Ltd., Epoch Investment Holdings Limited and Epoch Two Investment Holdings Limited."
2024-04-26,82,"BHP Group Limited (ASX:BHP) cancelled the acquisition of Anglo American plc (LSE:AAL) from Tarl Investment Holdings, Ltd., Epoch Investment Holdings Limited and Epoch Two Investment Holdings Limited."
2024-04-26,82,"BHP Group Limited (ASX:BHP) cancelled the acquisition of Anglo American plc (LSE:AAL) from Tarl Investment Holdings, Ltd., Epoch Investment Holdings Limited and Epoch Two Investment Holdings Limited."
2024-04-26,82,"BHP Group Limited (ASX:BHP) cancelled the acquisition of Anglo American plc (LSE:AAL) from Tarl Investment Holdings, Ltd., Epoch Investment Holdings Limited and Epoch Two Investment Holdings Limited."
2024-04-26,82,"BHP Group Limited (ASX:BHP) cancelled the acquisition of Anglo American plc (LSE:AAL) from Tarl Investment Holdings, Ltd., Epoch Investment Holdings Limited and Epoch Two Investment Holdings Limited."
2024-04-26,82,"BHP Group Limited (ASX:BHP) cancelled the acquisition of Anglo American plc (LSE:AAL) from Tarl Investment Holdings, Ltd., Epoch Investment Holdings Limited and Epoch Two Investment Holdings Limited."
2024-04-26,82,"BHP Group Limited (ASX:BHP) cancelled the acquisition of Anglo American plc (LSE:AAL) from Tarl Investment Holdings, Ltd., Epoch Investment Holdings Limited and Epoch Two Investment Holdings Limited."
2024-04-26,82,"BHP Group Limited (ASX:BHP) cancelled the acquisition of Anglo American plc (LSE:AAL) from Tarl Investment Holdings, Ltd., Epoch Investment Holdings Limited and Epoch Two Investment Holdings Limited."
2024-04-26,82,"BHP Group Limited (ASX:BHP) cancelled the acquisition of Anglo American plc (LSE:AAL) from Tarl Investment Holdings, Ltd., Epoch Investment Holdings Limited and Epoch Two Investment Holdings Limited."
2024-04-26,82,"BHP Group Limited (ASX:BHP) cancelled the acquisition of Anglo American plc (LSE:AAL) from Tarl Investment Holdings, Ltd., Epoch Investment Holdings Limited and Epoch Two Investment Holdings Limited."
2024-04-26,82,"BHP Group Limited (ASX:BHP) cancelled the acquisition of Anglo American plc (LSE:AAL) from Tarl Investment Holdings, Ltd., Epoch Investment Holdings Limited and Epoch Two Investment Holdings Limited."
2024-04-26,82,"BHP Group Limited (ASX:BHP) cancelled the acquisition of Anglo American plc (LSE:AAL) from Tarl Investment Holdings, Ltd., Epoch Investment Holdings Limited and Epoch Two Investment Holdings Limited."
2024-04-26,82,"BHP Group Limited (ASX:BHP) cancelled the acquisition of Anglo American plc (LSE:AAL) from Tarl Investment Holdings, Ltd., Epoch Investment Holdings Limited and Epoch Two Investment Holdings Limited."
2024-04-26,82,"BHP Group Limited (ASX:BHP) cancelled the acquisition of Anglo American plc (LSE:AAL) from Tarl Investment Holdings, Ltd., Epoch Investment Holdings Limited and Epoch Two Investment Holdings Limited."
2024-04-26,82,"BHP Group Limited (ASX:BHP) cancelled the acquisition of Anglo American plc (LSE:AAL) from Tarl Investment Holdings, Ltd., Epoch Investment Holdings Limited and Epoch Two Investment Holdings Limited."
2024-04-26,82,"BHP Group Limited (ASX:BHP) cancelled the acquisition of Anglo American plc (LSE:AAL) from Tarl Investment Holdings, Ltd., Epoch Investment Holdings Limited and Epoch Two Investment Holdings Limited."
2024-04-26,82,"BHP Group Limited (ASX:BHP) cancelled the acquisition of Anglo American plc (LSE:AAL) from Tarl Investment Holdings, Ltd., Epoch Investment Holdings Limited and Epoch Two Investment Holdings Limited."
2024-04-26,82,"BHP Group Limited (ASX:BHP) cancelled the acquisition of Anglo American plc (LSE:AAL) from Tarl Investment Holdings, Ltd., Epoch Investment Holdings Limited and Epoch Two Investment Holdings Limited."
2024-04-26,82,"BHP Group Limited (ASX:BHP) cancelled the acquisition of Anglo American plc (LSE:AAL) from Tarl Investment Holdings, Ltd., Epoch Investment Holdings Limited and Epoch Two Investment Holdings Limited."
2024-04-26,82,"BHP Group Limited (ASX:BHP) cancelled the acquisition of Anglo American plc (LSE:AAL) from Tarl Investment Holdings, Ltd., Epoch Investment Holdings Limited and Epoch Two Investment Holdings Limited."
2024-04-26,82,"BHP Group Limited (ASX:BHP) cancelled the acquisition of Anglo American plc (LSE:AAL) from Tarl Investment Holdings, Ltd., Epoch Investment Holdings Limited and Epoch Two Investment Holdings Limited."
2024-04-26,82,"BHP Group Limited (ASX:BHP) cancelled the acquisition of Anglo American plc (LSE:AAL) from Tarl Investment Holdings, Ltd., Epoch Investment Holdings Limited and Epoch Two Investment Holdings Limited."
2024-04-26,82,"BHP Group Limited (ASX:BHP) cancelled the acquisition of Anglo American plc (LSE:AAL) from Tarl Investment Holdings, Ltd., Epoch Investment Holdings Limited and Epoch Two Investment Holdings Limited."
2024-04-26,82,"BHP Group Limited (ASX:BHP) cancelled the acquisition of Anglo American plc (LSE:AAL) from Tarl Investment Holdings, Ltd., Epoch Investment Holdings Limited and Epoch Two Investment Holdings Limited."
2024-04-26,82,"BHP Group Limited (ASX:BHP) cancelled the acquisition of Anglo American plc (LSE:AAL) from Tarl Investment Holdings, Ltd., Epoch Investment Holdings Limited and Epoch Two Investment Holdings Limited."
2024-04-26,82,"BHP Group Limited (ASX:BHP) cancelled the acquisition of Anglo American plc (LSE:AAL) from Tarl Investment Holdings, Ltd., Epoch Investment Holdings Limited and Epoch Two Investment Holdings Limited."
2024-04-26,82,"BHP Group Limited (ASX:BHP) cancelled the acquisition of Anglo American plc (LSE:AAL) from Tarl Investment Holdings, Ltd., Epoch Investment Holdings Limited and Epoch Two Investment Holdings Limited."
2024-04-26,82,"BHP Group Limited (ASX:BHP) cancelled the acquisition of Anglo American plc (LSE:AAL) from Tarl Investment Holdings, Ltd., Epoch Investment Holdings Limited and Epoch Two Investment Holdings Limited."
2024-04-26,82,"BHP Group Limited (ASX:BHP) cancelled the acquisition of Anglo American plc (LSE:AAL) from Tarl Investment Holdings, Ltd., Epoch Investment Holdings Limited and Epoch Two Investment Holdings Limited."
2024-04-26,82,"BHP Group Limited (ASX:BHP) cancelled the acquisition of Anglo American plc (LSE:AAL) from Tarl Investment Holdings, Ltd., Epoch Investment Holdings Limited and Epoch Two Investment Holdings Limited."
2024-04-26,82,"BHP Group Limited (ASX:BHP) cancelled the acquisition of Anglo American plc (LSE:AAL) from Tarl Investment Holdings, Ltd., Epoch Investment Holdings Limited and Epoch Two Investment Holdings Limited."
2024-04-26,82,"BHP Group Limited (ASX:BHP) cancelled the acquisition of Anglo American plc (LSE:AAL) from Tarl Investment Holdings, Ltd., Epoch Investment Holdings Limited and Epoch Two Investment Holdings Limited."
2024-04-26,82,"BHP Group Limited (ASX:BHP) cancelled the acquisition of Anglo American plc (LSE:AAL) from Tarl Investment Holdings, Ltd., Epoch Investment Holdings Limited and Epoch Two Investment Holdings Limited."
2024-04-26,82,"BHP Group Limited (ASX:BHP) cancelled the acquisition of Anglo American plc (LSE:AAL) from Tarl Investment Holdings, Ltd., Epoch Investment Holdings Limited and Epoch Two Investment Holdings Limited."
2024-04-26,82,"BHP Group Limited (ASX:BHP) cancelled the acquisition of Anglo American plc (LSE:AAL) from Tarl Investment Holdings, Ltd., Epoch Investment Holdings Limited and Epoch Two Investment Holdings Limited."
2024-04-26,82,"BHP Group Limited (ASX:BHP) cancelled the acquisition of Anglo American plc (LSE:AAL) from Tarl Investment Holdings, Ltd., Epoch Investment Holdings Limited and Epoch Two Investment Holdings Limited."
2024-04-26,82,"BHP Group Limited (ASX:BHP) cancelled the acquisition of Anglo American plc (LSE:AAL) from Tarl Investment Holdings, Ltd., Epoch Investment Holdings Limited and Epoch Two Investment Holdings Limited."
2024-04-26,82,"BHP Group Limited (ASX:BHP) cancelled the acquisition of Anglo American plc (LSE:AAL) from Tarl Investment Holdings, Ltd., Epoch Investment Holdings Limited and Epoch Two Investment Holdings Limited."
2024-04-26,82,"BHP Group Limited (ASX:BHP) cancelled the acquisition of Anglo American plc (LSE:AAL) from Tarl Investment Holdings, Ltd., Epoch Investment Holdings Limited and Epoch Two Investment Holdings Limited."
2024-04-26,82,"BHP Group Limited (ASX:BHP) cancelled the acquisition of Anglo American plc (LSE:AAL) from Tarl Investment Holdings, Ltd., Epoch Investment Holdings Limited and Epoch Two Investment Holdings Limited."
2024-04-26,82,"BHP Group Limited (ASX:BHP) cancelled the acquisition of Anglo American plc (LSE:AAL) from Tarl Investment Holdings, Ltd., Epoch Investment Holdings Limited and Epoch Two Investment Holdings Limited."
2024-04-26,82,"BHP Group Limited (ASX:BHP) cancelled the acquisition of Anglo American plc (LSE:AAL) from Tarl Investment Holdings, Ltd., Epoch Investment Holdings Limited and Epoch Two Investment Holdings Limited."
2024-04-26,82,"BHP Group Limited (ASX:BHP) cancelled the acquisition of Anglo American plc (LSE:AAL) from Tarl Investment Holdings, Ltd., Epoch Investment Holdings Limited and Epoch Two Investment Holdings Limited."
2024-04-26,82,"BHP Group Limited (ASX:BHP) cancelled the acquisition of Anglo American plc (LSE:AAL) from Tarl Investment Holdings, Ltd., Epoch Investment Holdings Limited and Epoch Two Investment Holdings Limited."
2024-04-26,82,"BHP Group Limited (ASX:BHP) cancelled the acquisition of Anglo American plc (LSE:AAL) from Tarl Investment Holdings, Ltd., Epoch Investment Holdings Limited and Epoch Two Investment Holdings Limited."
2024-04-26,82,"BHP Group Limited (ASX:BHP) cancelled the acquisition of Anglo American plc (LSE:AAL) from Tarl Investment Holdings, Ltd., Epoch Investment Holdings Limited and Epoch Two Investment Holdings Limited."
2024-04-26,82,"BHP Group Limited (ASX:BHP) cancelled the acquisition of Anglo American plc (LSE:AAL) from Tarl Investment Holdings, Ltd., Epoch Investment Holdings Limited and Epoch Two Investment Holdings Limited."
2024-04-26,82,"BHP Group Limited (ASX:BHP) cancelled the acquisition of Anglo American plc (LSE:AAL) from Tarl Investment Holdings, Ltd., Epoch Investment Holdings Limited and Epoch Two Investment Holdings Limited."
2024-04-26,82,"BHP Group Limited (ASX:BHP) cancelled the acquisition of Anglo American plc (LSE:AAL) from Tarl Investment Holdings, Ltd., Epoch Investment Holdings Limited and Epoch Two Investment Holdings Limited."
2024-04-26,82,"BHP Group Limited (ASX:BHP) cancelled the acquisition of Anglo American plc (LSE:AAL) from Tarl Investment Holdings, Ltd., Epoch Investment Holdings Limited and Epoch Two Investment Holdings Limited."
2024-04-26,82,"BHP Group Limited (ASX:BHP) cancelled the acquisition of Anglo American plc (LSE:AAL) from Tarl Investment Holdings, Ltd., Epoch Investment Holdings Limited and Epoch Two Investment Holdings Limited."
2024-04-26,82,"BHP Group Limited (ASX:BHP) cancelled the acquisition of Anglo American plc (LSE:AAL) from Tarl Investment Holdings, Ltd., Epoch Investment Holdings Limited and Epoch Two Investment Holdings Limited."
2024-04-26,82,"BHP Group Limited (ASX:BHP) cancelled the acquisition of Anglo American plc (LSE:AAL) from Tarl Investment Holdings, Ltd., Epoch Investment Holdings Limited and Epoch Two Investment Holdings Limited."
2024-04-26,82,"BHP Group Limited (ASX:BHP) cancelled the acquisition of Anglo American plc (LSE:AAL) from Tarl Investment Holdings, Ltd., Epoch Investment Holdings Limited and Epoch Two Investment Holdings Limited."
2024-04-26,82,"BHP Group Limited (ASX:BHP) cancelled the acquisition of Anglo American plc (LSE:AAL) from Tarl Investment Holdings, Ltd., Epoch Investment Holdings Limited and Epoch Two Investment Holdings Limited."
2024-04-26,82,"BHP Group Limited (ASX:BHP) cancelled the acquisition of Anglo American plc (LSE:AAL) from Tarl Investment Holdings, Ltd., Epoch Investment Holdings Limited and Epoch Two Investment Holdings Limited."
2024-04-26,82,"BHP Group Limited (ASX:BHP) cancelled the acquisition of Anglo American plc (LSE:AAL) from Tarl Investment Holdings, Ltd., Epoch Investment Holdings Limited and Epoch Two Investment Holdings Limited."
2024-04-26,82,"BHP Group Limited (ASX:BHP) cancelled the acquisition of Anglo American plc (LSE:AAL) from Tarl Investment Holdings, Ltd., Epoch Investment Holdings Limited and Epoch Two Investment Holdings Limited."
2024-04-26,82,"BHP Group Limited (ASX:BHP) cancelled the acquisition of Anglo American plc (LSE:AAL) from Tarl Investment Holdings, Ltd., Epoch Investment Holdings Limited and Epoch Two Investment Holdings Limited."
2024-04-26,82,"BHP Group Limited (ASX:BHP) cancelled the acquisition of Anglo American plc (LSE:AAL) from Tarl Investment Holdings, Ltd., Epoch Investment Holdings Limited and Epoch Two Investment Holdings Limited."
2024-04-26,82,"BHP Group Limited (ASX:BHP) cancelled the acquisition of Anglo American plc (LSE:AAL) from Tarl Investment Holdings, Ltd., Epoch Investment Holdings Limited and Epoch Two Investment Holdings Limited."
2024-04-26,82,"BHP Group Limited (ASX:BHP) cancelled the acquisition of Anglo American plc (LSE:AAL) from Tarl Investment Holdings, Ltd., Epoch Investment Holdings Limited and Epoch Two Investment Holdings Limited."
2024-04-26,82,"BHP Group Limited (ASX:BHP) cancelled the acquisition of Anglo American plc (LSE:AAL) from Tarl Investment Holdings, Ltd., Epoch Investment Holdings Limited and Epoch Two Investment Holdings Limited."
2024-04-26,82,"BHP Group Limited (ASX:BHP) cancelled the acquisition of Anglo American plc (LSE:AAL) from Tarl Investment Holdings, Ltd., Epoch Investment Holdings Limited and Epoch Two Investment Holdings Limited."
2024-04-26,82,"BHP Group Limited (ASX:BHP) cancelled the acquisition of Anglo American plc (LSE:AAL) from Tarl Investment Holdings, Ltd., Epoch Investment Holdings Limited and Epoch Two Investment Holdings Limited."
2024-04-26,82,"BHP Group Limited (ASX:BHP) cancelled the acquisition of Anglo American plc (LSE:AAL) from Tarl Investment Holdings, Ltd., Epoch Investment Holdings Limited and Epoch Two Investment Holdings Limited."
2024-04-26,82,"BHP Group Limited (ASX:BHP) cancelled the acquisition of Anglo American plc (LSE:AAL) from Tarl Investment Holdings, Ltd., Epoch Investment Holdings Limited and Epoch Two Investment Holdings Limited."
2024-04-26,82,"BHP Group Limited (ASX:BHP) cancelled the acquisition of Anglo American plc (LSE:AAL) from Tarl Investment Holdings, Ltd., Epoch Investment Holdings Limited and Epoch Two Investment Holdings Limited."
2024-04-26,82,"BHP Group Limited (ASX:BHP) cancelled the acquisition of Anglo American plc (LSE:AAL) from Tarl Investment Holdings, Ltd., Epoch Investment Holdings Limited and Epoch Two Investment Holdings Limited."
2024-04-26,82,"BHP Group Limited (ASX:BHP) cancelled the acquisition of Anglo American plc (LSE:AAL) from Tarl Investment Holdings, Ltd., Epoch Investment Holdings Limited and Epoch Two Investment Holdings Limited."
2024-04-26,82,"BHP Group Limited (ASX:BHP) cancelled the acquisition of Anglo American plc (LSE:AAL) from Tarl Investment Holdings, Ltd., Epoch Investment Holdings Limited and Epoch Two Investment Holdings Limited."
2024-04-26,82,"BHP Group Limited (ASX:BHP) cancelled the acquisition of Anglo American plc (LSE:AAL) from Tarl Investment Holdings, Ltd., Epoch Investment Holdings Limited and Epoch Two Investment Holdings Limited."
2024-04-26,82,"BHP Group Limited (ASX:BHP) cancelled the acquisition of Anglo American plc (LSE:AAL) from Tarl Investment Holdings, Ltd., Epoch Investment Holdings Limited and Epoch Two Investment Holdings Limited."
2024-04-26,82,"BHP Group Limited (ASX:BHP) cancelled the acquisition of Anglo American plc (LSE:AAL) from Tarl Investment Holdings, Ltd., Epoch Investment Holdings Limited and Epoch Two Investment Holdings Limited."
2024-04-26,82,"BHP Group Limited (ASX:BHP) cancelled the acquisition of Anglo American plc (LSE:AAL) from Tarl Investment Holdings, Ltd., Epoch Investment Holdings Limited and Epoch Two Investment Holdings Limited."
2024-04-26,82,"BHP Group Limited (ASX:BHP) cancelled the acquisition of Anglo American plc (LSE:AAL) from Tarl Investment Holdings, Ltd., Epoch Investment Holdings Limited and Epoch Two Investment Holdings Limited."
2024-04-26,82,"BHP Group Limited (ASX:BHP) cancelled the acquisition of Anglo American plc (LSE:AAL) from Tarl Investment Holdings, Ltd., Epoch Investment Holdings Limited and Epoch Two Investment Holdings Limited."
2024-04-26,82,"BHP Group Limited (ASX:BHP) cancelled the acquisition of Anglo American plc (LSE:AAL) from Tarl Investment Holdings, Ltd., Epoch Investment Holdings Limited and Epoch Two Investment Holdings Limited."
2024-04-26,82,"BHP Group Limited (ASX:BHP) cancelled the acquisition of Anglo American plc (LSE:AAL) from Tarl Investment Holdings, Ltd., Epoch Investment Holdings Limited and Epoch Two Investment Holdings Limited."
2024-04-26,82,"BHP Group Limited (ASX:BHP) cancelled the acquisition of Anglo American plc (LSE:AAL) from Tarl Investment Holdings, Ltd., Epoch Investment Holdings Limited and Epoch Two Investment Holdings Limited."
2024-04-26,82,"BHP Group Limited (ASX:BHP) cancelled the acquisition of Anglo American plc (LSE:AAL) from Tarl Investment Holdings, Ltd., Epoch Investment Holdings Limited and Epoch Two Investment Holdings Limited."
2024-04-26,82,"BHP Group Limited (ASX:BHP) cancelled the acquisition of Anglo American plc (LSE:AAL) from Tarl Investment Holdings, Ltd., Epoch Investment Holdings Limited and Epoch Two Investment Holdings Limited."
2024-04-26,82,"BHP Group Limited (ASX:BHP) cancelled the acquisition of Anglo American plc (LSE:AAL) from Tarl Investment Holdings, Ltd., Epoch Investment Holdings Limited and Epoch Two Investment Holdings Limited."
2024-04-26,82,"BHP Group Limited (ASX:BHP) cancelled the acquisition of Anglo American plc (LSE:AAL) from Tarl Investment Holdings, Ltd., Epoch Investment Holdings Limited and Epoch Two Investment Holdings Limited."
2024-04-26,82,"BHP Group Limited (ASX:BHP) cancelled the acquisition of Anglo American plc (LSE:AAL) from Tarl Investment Holdings, Ltd., Epoch Investment Holdings Limited and Epoch Two Investment Holdings Limited."
2024-04-26,82,"BHP Group Limited (ASX:BHP) cancelled the acquisition of Anglo American plc (LSE:AAL) from Tarl Investment Holdings, Ltd., Epoch Investment Holdings Limited and Epoch Two Investment Holdings Limited."
2024-04-26,82,"BHP Group Limited (ASX:BHP) cancelled the acquisition of Anglo American plc (LSE:AAL) from Tarl Investment Holdings, Ltd., Epoch Investment Holdings Limited and Epoch Two Investment Holdings Limited."
2024-04-26,82,"BHP Group Limited (ASX:BHP) cancelled the acquisition of Anglo American plc (LSE:AAL) from Tarl Investment Holdings, Ltd., Epoch Investment Holdings Limited and Epoch Two Investment Holdings Limited."
2024-04-26,82,"BHP Group Limited (ASX:BHP) cancelled the acquisition of Anglo American plc (LSE:AAL) from Tarl Investment Holdings, Ltd., Epoch Investment Holdings Limited and Epoch Two Investment Holdings Limited."
2024-04-26,82,"BHP Group Limited (ASX:BHP) cancelled the acquisition of Anglo American plc (LSE:AAL) from Tarl Investment Holdings, Ltd., Epoch Investment Holdings Limited and Epoch Two Investment Holdings Limited."
2024-04-26,82,"BHP Group Limited (ASX:BHP) cancelled the acquisition of Anglo American plc (LSE:AAL) from Tarl Investment Holdings, Ltd., Epoch Investment Holdings Limited and Epoch Two Investment Holdings Limited."
2024-04-26,82,"BHP Group Limited (ASX:BHP) cancelled the acquisition of Anglo American plc (LSE:AAL) from Tarl Investment Holdings, Ltd., Epoch Investment Holdings Limited and Epoch Two Investment Holdings Limited."
2024-04-26,82,"BHP Group Limited (ASX:BHP) cancelled the acquisition of Anglo American plc (LSE:AAL) from Tarl Investment Holdings, Ltd., Epoch Investment Holdings Limited and Epoch Two Investment Holdings Limited."
2024-04-26,82,"BHP Group Limited (ASX:BHP) cancelled the acquisition of Anglo American plc (LSE:AAL) from Tarl Investment Holdings, Ltd., Epoch Investment Holdings Limited and Epoch Two Investment Holdings Limited."
2024-04-26,82,"BHP Group Limited (ASX:BHP) cancelled the acquisition of Anglo American plc (LSE:AAL) from Tarl Investment Holdings, Ltd., Epoch Investment Holdings Limited and Epoch Two Investment Holdings Limited."
2024-04-26,82,"BHP Group Limited (ASX:BHP) cancelled the acquisition of Anglo American plc (LSE:AAL) from Tarl Investment Holdings, Ltd., Epoch Investment Holdings Limited and Epoch Two Investment Holdings Limited."
2024-04-26,82,"BHP Group Limited (ASX:BHP) cancelled the acquisition of Anglo American plc (LSE:AAL) from Tarl Investment Holdings, Ltd., Epoch Investment Holdings Limited and Epoch Two Investment Holdings Limited."
2024-04-26,82,"BHP Group Limited (ASX:BHP) cancelled the acquisition of Anglo American plc (LSE:AAL) from Tarl Investment Holdings, Ltd., Epoch Investment Holdings Limited and Epoch Two Investment Holdings Limited."
2024-04-26,82,"BHP Group Limited (ASX:BHP) cancelled the acquisition of Anglo American plc (LSE:AAL) from Tarl Investment Holdings, Ltd., Epoch Investment Holdings Limited and Epoch Two Investment Holdings Limited."
2024-04-26,82,"BHP Group Limited (ASX:BHP) cancelled the acquisition of Anglo American plc (LSE:AAL) from Tarl Investment Holdings, Ltd., Epoch Investment Holdings Limited and Epoch Two Investment Holdings Limited."
2024-04-26,82,"BHP Group Limited (ASX:BHP) cancelled the acquisition of Anglo American plc (LSE:AAL) from Tarl Investment Holdings, Ltd., Epoch Investment Holdings Limited and Epoch Two Investment Holdings Limited."
2024-04-26,82,"BHP Group Limited (ASX:BHP) cancelled the acquisition of Anglo American plc (LSE:AAL) from Tarl Investment Holdings, Ltd., Epoch Investment Holdings Limited and Epoch Two Investment Holdings Limited."
2024-04-26,82,"BHP Group Limited (ASX:BHP) cancelled the acquisition of Anglo American plc (LSE:AAL) from Tarl Investment Holdings, Ltd., Epoch Investment Holdings Limited and Epoch Two Investment Holdings Limited."
2024-04-26,82,"BHP Group Limited (ASX:BHP) cancelled the acquisition of Anglo American plc (LSE:AAL) from Tarl Investment Holdings, Ltd., Epoch Investment Holdings Limited and Epoch Two Investment Holdings Limited."
2024-04-26,82,"BHP Group Limited (ASX:BHP) cancelled the acquisition of Anglo American plc (LSE:AAL) from Tarl Investment Holdings, Ltd., Epoch Investment Holdings Limited and Epoch Two Investment Holdings Limited."
2024-04-26,82,"BHP Group Limited (ASX:BHP) cancelled the acquisition of Anglo American plc (LSE:AAL) from Tarl Investment Holdings, Ltd., Epoch Investment Holdings Limited and Epoch Two Investment Holdings Limited."
2024-04-26,82,"BHP Group Limited (ASX:BHP) cancelled the acquisition of Anglo American plc (LSE:AAL) from Tarl Investment Holdings, Ltd., Epoch Investment Holdings Limited and Epoch Two Investment Holdings Limited."
2024-04-26,82,"BHP Group Limited (ASX:BHP) cancelled the acquisition of Anglo American plc (LSE:AAL) from Tarl Investment Holdings, Ltd., Epoch Investment Holdings Limited and Epoch Two Investment Holdings Limited."
2024-04-26,82,"BHP Group Limited (ASX:BHP) cancelled the acquisition of Anglo American plc (LSE:AAL) from Tarl Investment Holdings, Ltd., Epoch Investment Holdings Limited and Epoch Two Investment Holdings Limited."
2024-04-26,82,"BHP Group Limited (ASX:BHP) cancelled the acquisition of Anglo American plc (LSE:AAL) from Tarl Investment Holdings, Ltd., Epoch Investment Holdings Limited and Epoch Two Investment Holdings Limited."
2024-04-26,82,"BHP Group Limited (ASX:BHP) cancelled the acquisition of Anglo American plc (LSE:AAL) from Tarl Investment Holdings, Ltd., Epoch Investment Holdings Limited and Epoch Two Investment Holdings Limited."
2024-04-26,82,"BHP Group Limited (ASX:BHP) cancelled the acquisition of Anglo American plc (LSE:AAL) from Tarl Investment Holdings, Ltd., Epoch Investment Holdings Limited and Epoch Two Investment Holdings Limited."
2024-04-26,82,"BHP Group Limited (ASX:BHP) cancelled the acquisition of Anglo American plc (LSE:AAL) from Tarl Investment Holdings, Ltd., Epoch Investment Holdings Limited and Epoch Two Investment Holdings Limited."
2024-04-26,82,"BHP Group Limited (ASX:BHP) cancelled the acquisition of Anglo American plc (LSE:AAL) from Tarl Investment Holdings, Ltd., Epoch Investment Holdings Limited and Epoch Two Investment Holdings Limited."
2024-04-26,82,"BHP Group Limited (ASX:BHP) cancelled the acquisition of Anglo American plc (LSE:AAL) from Tarl Investment Holdings, Ltd., Epoch Investment Holdings Limited and Epoch Two Investment Holdings Limited."
2024-04-26,82,"BHP Group Limited (ASX:BHP) cancelled the acquisition of Anglo American plc (LSE:AAL) from Tarl Investment Holdings, Ltd., Epoch Investment Holdings Limited and Epoch Two Investment Holdings Limited."
2024-04-26,82,"BHP Group Limited (ASX:BHP) cancelled the acquisition of Anglo American plc (LSE:AAL) from Tarl Investment Holdings, Ltd., Epoch Investment Holdings Limited and Epoch Two Investment Holdings Limited."
2024-04-26,82,"BHP Group Limited (ASX:BHP) cancelled the acquisition of Anglo American plc (LSE:AAL) from Tarl Investment Holdings, Ltd., Epoch Investment Holdings Limited and Epoch Two Investment Holdings Limited."
2024-04-26,82,"BHP Group Limited (ASX:BHP) cancelled the acquisition of Anglo American plc (LSE:AAL) from Tarl Investment Holdings, Ltd., Epoch Investment Holdings Limited and Epoch Two Investment Holdings Limited."
2024-04-26,82,"BHP Group Limited (ASX:BHP) cancelled the acquisition of Anglo American plc (LSE:AAL) from Tarl Investment Holdings, Ltd., Epoch Investment Holdings Limited and Epoch Two Investment Holdings Limited."
2024-04-26,82,"BHP Group Limited (ASX:BHP) cancelled the acquisition of Anglo American plc (LSE:AAL) from Tarl Investment Holdings, Ltd., Epoch Investment Holdings Limited and Epoch Two Investment Holdings Limited."
2024-04-26,82,"BHP Group Limited (ASX:BHP) cancelled the acquisition of Anglo American plc (LSE:AAL) from Tarl Investment Holdings, Ltd., Epoch Investment Holdings Limited and Epoch Two Investment Holdings Limited."
2024-04-26,82,"BHP Group Limited (ASX:BHP) cancelled the acquisition of Anglo American plc (LSE:AAL) from Tarl Investment Holdings, Ltd., Epoch Investment Holdings Limited and Epoch Two Investment Holdings Limited."
2024-04-26,82,"BHP Group Limited (ASX:BHP) cancelled the acquisition of Anglo American plc (LSE:AAL) from Tarl Investment Holdings, Ltd., Epoch Investment Holdings Limited and Epoch Two Investment Holdings Limited."
2024-04-26,82,"BHP Group Limited (ASX:BHP) cancelled the acquisition of Anglo American plc (LSE:AAL) from Tarl Investment Holdings, Ltd., Epoch Investment Holdings Limited and Epoch Two Investment Holdings Limited."
2024-04-26,82,"BHP Group Limited (ASX:BHP) cancelled the acquisition of Anglo American plc (LSE:AAL) from Tarl Investment Holdings, Ltd., Epoch Investment Holdings Limited and Epoch Two Investment Holdings Limited."
2024-04-26,82,"BHP Group Limited (ASX:BHP) cancelled the acquisition of Anglo American plc (LSE:AAL) from Tarl Investment Holdings, Ltd., Epoch Investment Holdings Limited and Epoch Two Investment Holdings Limited."
2024-04-26,82,"BHP Group Limited (ASX:BHP) cancelled the acquisition of Anglo American plc (LSE:AAL) from Tarl Investment Holdings, Ltd., Epoch Investment Holdings Limited and Epoch Two Investment Holdings Limited."
2024-05-07,51,"BHP Group Limited Presents at International Mining Geology Conference 2024, May-07-2024"
2024-05-08,22,Ivanhoe Electric Inc. Announces Signing of A Definitive Exploration Alliance Agreement with Bhp Group Limited
2024-05-13,82,"BHP Group Limited (ASX:BHP) cancelled the acquisition of Anglo American plc (LSE:AAL) from Tarl Investment Holdings, Ltd., Epoch Investment Holdings Limited and Epoch Two Investment Holdings Limited."
2024-05-13,65,Anglo Rejects Improved £34 Billion Offer from BHP
2024-05-13,82,"BHP Group Limited (ASX:BHP) cancelled the acquisition of Anglo American plc (LSE:AAL) from Tarl Investment Holdings, Ltd., Epoch Investment Holdings Limited and Epoch Two Investment Holdings Limited."
2024-05-13,82,"BHP Group Limited (ASX:BHP) cancelled the acquisition of Anglo American plc (LSE:AAL) from Tarl Investment Holdings, Ltd., Epoch Investment Holdings Limited and Epoch Two Investment Holdings Limited."
2024-05-13,82,"BHP Group Limited (ASX:BHP) cancelled the acquisition of Anglo American plc (LSE:AAL) from Tarl Investment Holdings, Ltd., Epoch Investment Holdings Limited and Epoch Two Investment Holdings Limited."
2024-05-13,82,"BHP Group Limited (ASX:BHP) cancelled the acquisition of Anglo American plc (LSE:AAL) from Tarl Investment Holdings, Ltd., Epoch Investment Holdings Limited and Epoch Two Investment Holdings Limited."
2024-05-13,82,"BHP Group Limited (ASX:BHP) cancelled the acquisition of Anglo American plc (LSE:AAL) from Tarl Investment Holdings, Ltd., Epoch Investment Holdings Limited and Epoch Two Investment Holdings Limited."
2024-05-13,82,"BHP Group Limited (ASX:BHP) cancelled the acquisition of Anglo American plc (LSE:AAL) from Tarl Investment Holdings, Ltd., Epoch Investment Holdings Limited and Epoch Two Investment Holdings Limited."
2024-05-13,82,"BHP Group Limited (ASX:BHP) cancelled the acquisition of Anglo American plc (LSE:AAL) from Tarl Investment Holdings, Ltd., Epoch Investment Holdings Limited and Epoch Two Investment Holdings Limited."
2024-05-13,82,"BHP Group Limited (ASX:BHP) cancelled the acquisition of Anglo American plc (LSE:AAL) from Tarl Investment Holdings, Ltd., Epoch Investment Holdings Limited and Epoch Two Investment Holdings Limited."
2024-05-13,82,"BHP Group Limited (ASX:BHP) cancelled the acquisition of Anglo American plc (LSE:AAL) from Tarl Investment Holdings, Ltd., Epoch Investment Holdings Limited and Epoch Two Investment Holdings Limited."
2024-05-13,82,"BHP Group Limited (ASX:BHP) cancelled the acquisition of Anglo American plc (LSE:AAL) from Tarl Investment Holdings, Ltd., Epoch Investment Holdings Limited and Epoch Two Investment Holdings Limited."
2024-05-13,82,"BHP Group Limited (ASX:BHP) cancelled the acquisition of Anglo American plc (LSE:AAL) from Tarl Investment Holdings, Ltd., Epoch Investment Holdings Limited and Epoch Two Investment Holdings Limited."
2024-05-13,82,"BHP Group Limited (ASX:BHP) cancelled the acquisition of Anglo American plc (LSE:AAL) from Tarl Investment Holdings, Ltd., Epoch Investment Holdings Limited and Epoch Two Investment Holdings Limited."
2024-05-13,82,"BHP Group Limited (ASX:BHP) cancelled the acquisition of Anglo American plc (LSE:AAL) from Tarl Investment Holdings, Ltd., Epoch Investment Holdings Limited and Epoch Two Investment Holdings Limited."
2024-05-13,82,"BHP Group Limited (ASX:BHP) cancelled the acquisition of Anglo American plc (LSE:AAL) from Tarl Investment Holdings, Ltd., Epoch Investment Holdings Limited and Epoch Two Investment Holdings Limited."
2024-05-13,82,"BHP Group Limited (ASX:BHP) cancelled the acquisition of Anglo American plc (LSE:AAL) from Tarl Investment Holdings, Ltd., Epoch Investment Holdings Limited and Epoch Two Investment Holdings Limited."
2024-05-13,82,"BHP Group Limited (ASX:BHP) cancelled the acquisition of Anglo American plc (LSE:AAL) from Tarl Investment Holdings, Ltd., Epoch Investment Holdings Limited and Epoch Two Investment Holdings Limited."
2024-05-13,82,"BHP Group Limited (ASX:BHP) cancelled the acquisition of Anglo American plc (LSE:AAL) from Tarl Investment Holdings, Ltd., Epoch Investment Holdings Limited and Epoch Two Investment Holdings Limited."
2024-05-13,82,"BHP Group Limited (ASX:BHP) cancelled the acquisition of Anglo American plc (LSE:AAL) from Tarl Investment Holdings, Ltd., Epoch Investment Holdings Limited and Epoch Two Investment Holdings Limited."
2024-05-13,82,"BHP Group Limited (ASX:BHP) cancelled the acquisition of Anglo American plc (LSE:AAL) from Tarl Investment Holdings, Ltd., Epoch Investment Holdings Limited and Epoch Two Investment Holdings Limited."
2024-05-13,82,"BHP Group Limited (ASX:BHP) cancelled the acquisition of Anglo American plc (LSE:AAL) from Tarl Investment Holdings, Ltd., Epoch Investment Holdings Limited and Epoch Two Investment Holdings Limited."
2024-05-13,82,"BHP Group Limited (ASX:BHP) cancelled the acquisition of Anglo American plc (LSE:AAL) from Tarl Investment Holdings, Ltd., Epoch Investment Holdings Limited and Epoch Two Investment Holdings Limited."
2024-05-13,82,"BHP Group Limited (ASX:BHP) cancelled the acquisition of Anglo American plc (LSE:AAL) from Tarl Investment Holdings, Ltd., Epoch Investment Holdings Limited and Epoch Two Investment Holdings Limited."
2024-05-13,82,"BHP Group Limited (ASX:BHP) cancelled the acquisition of Anglo American plc (LSE:AAL) from Tarl Investment Holdings, Ltd., Epoch Investment Holdings Limited and Epoch Two Investment Holdings Limited."
2024-05-13,82,"BHP Group Limited (ASX:BHP) cancelled the acquisition of Anglo American plc (LSE:AAL) from Tarl Investment Holdings, Ltd., Epoch Investment Holdings Limited and Epoch Two Investment Holdings Limited."
2024-05-13,82,"BHP Group Limited (ASX:BHP) cancelled the acquisition of Anglo American plc (LSE:AAL) from Tarl Investment Holdings, Ltd., Epoch Investment Holdings Limited and Epoch Two Investment Holdings Limited."
2024-05-13,82,"BHP Group Limited (ASX:BHP) cancelled the acquisition of Anglo American plc (LSE:AAL) from Tarl Investment Holdings, Ltd., Epoch Investment Holdings Limited and Epoch Two Investment Holdings Limited."
2024-05-13,82,"BHP Group Limited (ASX:BHP) cancelled the acquisition of Anglo American plc (LSE:AAL) from Tarl Investment Holdings, Ltd., Epoch Investment Holdings Limited and Epoch Two Investment Holdings Limited."
2024-05-13,82,"BHP Group Limited (ASX:BHP) cancelled the acquisition of Anglo American plc (LSE:AAL) from Tarl Investment Holdings, Ltd., Epoch Investment Holdings Limited and Epoch Two Investment Holdings Limited."
2024-05-13,82,"BHP Group Limited (ASX:BHP) cancelled the acquisition of Anglo American plc (LSE:AAL) from Tarl Investment Holdings, Ltd., Epoch Investment Holdings Limited and Epoch Two Investment Holdings Limited."
2024-05-13,82,"BHP Group Limited (ASX:BHP) cancelled the acquisition of Anglo American plc (LSE:AAL) from Tarl Investment Holdings, Ltd., Epoch Investment Holdings Limited and Epoch Two Investment Holdings Limited."
2024-05-13,82,"BHP Group Limited (ASX:BHP) cancelled the acquisition of Anglo American plc (LSE:AAL) from Tarl Investment Holdings, Ltd., Epoch Investment Holdings Limited and Epoch Two Investment Holdings Limited."
2024-05-13,82,"BHP Group Limited (ASX:BHP) cancelled the acquisition of Anglo American plc (LSE:AAL) from Tarl Investment Holdings, Ltd., Epoch Investment Holdings Limited and Epoch Two Investment Holdings Limited."
2024-05-13,82,"BHP Group Limited (ASX:BHP) cancelled the acquisition of Anglo American plc (LSE:AAL) from Tarl Investment Holdings, Ltd., Epoch Investment Holdings Limited and Epoch Two Investment Holdings Limited."
2024-05-13,82,"BHP Group Limited (ASX:BHP) cancelled the acquisition of Anglo American plc (LSE:AAL) from Tarl Investment Holdings, Ltd., Epoch Investment Holdings Limited and Epoch Two Investment Holdings Limited."
2024-05-13,82,"BHP Group Limited (ASX:BHP) cancelled the acquisition of Anglo American plc (LSE:AAL) from Tarl Investment Holdings, Ltd., Epoch Investment Holdings Limited and Epoch Two Investment Holdings Limited."
2024-05-13,82,"BHP Group Limited (ASX:BHP) cancelled the acquisition of Anglo American plc (LSE:AAL) from Tarl Investment Holdings, Ltd., Epoch Investment Holdings Limited and Epoch Two Investment Holdings Limited."
2024-05-13,82,"BHP Group Limited (ASX:BHP) cancelled the acquisition of Anglo American plc (LSE:AAL) from Tarl Investment Holdings, Ltd., Epoch Investment Holdings Limited and Epoch Two Investment Holdings Limited."
2024-05-14,51,"BHP Group Limited Presents at BofA Securities Global Metals, Mining and Steel Conference 2024, May-14-2024 09:00 AM"
2024-05-14,65,BHP Chief Urges Anglo Investors to Consider Takeover Benefits
2024-05-14,65,BHP Chief Urges Anglo Investors to Consider Takeover Benefits
2024-05-14,65,BHP Chief Urges Anglo Investors to Consider Takeover Benefits
2024-05-14,65,BHP Chief Urges Anglo Investors to Consider Takeover Benefits
2024-05-14,51,"BHP Group Limited Presents at BofA Securities Global Metals, Mining and Steel Conference 2024, May-14-2024 09:00 AM"
2024-05-14,51,"BHP Group Limited Presents at BofA Securities Global Metals, Mining and Steel Conference 2024, May-14-2024 09:00 AM"
2024-05-14,51,"BHP Group Limited Presents at BofA Securities Global Metals, Mining and Steel Conference 2024, May-14-2024 09:00 AM"
2024-05-16,65,BHP Provides Anglo American Takeover Update
2024-05-20,82,"BHP Group Limited (ASX:BHP) cancelled the acquisition of Anglo American plc (LSE:AAL) from Tarl Investment Holdings, Ltd., Epoch Investment Holdings Limited and Epoch Two Investment Holdings Limited."
2024-05-20,82,"BHP Group Limited (ASX:BHP) cancelled the acquisition of Anglo American plc (LSE:AAL) from Tarl Investment Holdings, Ltd., Epoch Investment Holdings Limited and Epoch Two Investment Holdings Limited."
2024-05-20,82,"BHP Group Limited (ASX:BHP) cancelled the acquisition of Anglo American plc (LSE:AAL) from Tarl Investment Holdings, Ltd., Epoch Investment Holdings Limited and Epoch Two Investment Holdings Limited."
2024-05-20,82,"BHP Group Limited (ASX:BHP) cancelled the acquisition of Anglo American plc (LSE:AAL) from Tarl Investment Holdings, Ltd., Epoch Investment Holdings Limited and Epoch Two Investment Holdings Limited."
2024-05-20,82,"BHP Group Limited (ASX:BHP) cancelled the acquisition of Anglo American plc (LSE:AAL) from Tarl Investment Holdings, Ltd., Epoch Investment Holdings Limited and Epoch Two Investment Holdings Limited."
2024-05-20,82,"BHP Group Limited (ASX:BHP) cancelled the acquisition of Anglo American plc (LSE:AAL) from Tarl Investment Holdings, Ltd., Epoch Investment Holdings Limited and Epoch Two Investment Holdings Limited."
2024-05-20,82,"BHP Group Limited (ASX:BHP) cancelled the acquisition of Anglo American plc (LSE:AAL) from Tarl Investment Holdings, Ltd., Epoch Investment Holdings Limited and Epoch Two Investment Holdings Limited."
2024-05-20,82,"BHP Group Limited (ASX:BHP) cancelled the acquisition of Anglo American plc (LSE:AAL) from Tarl Investment Holdings, Ltd., Epoch Investment Holdings Limited and Epoch Two Investment Holdings Limited."
2024-05-20,82,"BHP Group Limited (ASX:BHP) cancelled the acquisition of Anglo American plc (LSE:AAL) from Tarl Investment Holdings, Ltd., Epoch Investment Holdings Limited and Epoch Two Investment Holdings Limited."
2024-05-20,82,"BHP Group Limited (ASX:BHP) cancelled the acquisition of Anglo American plc (LSE:AAL) from Tarl Investment Holdings, Ltd., Epoch Investment Holdings Limited and Epoch Two Investment Holdings Limited."
2024-05-20,82,"BHP Group Limited (ASX:BHP) cancelled the acquisition of Anglo American plc (LSE:AAL) from Tarl Investment Holdings, Ltd., Epoch Investment Holdings Limited and Epoch Two Investment Holdings Limited."
2024-05-20,82,"BHP Group Limited (ASX:BHP) cancelled the acquisition of Anglo American plc (LSE:AAL) from Tarl Investment Holdings, Ltd., Epoch Investment Holdings Limited and Epoch Two Investment Holdings Limited."
2024-05-20,82,"BHP Group Limited (ASX:BHP) cancelled the acquisition of Anglo American plc (LSE:AAL) from Tarl Investment Holdings, Ltd., Epoch Investment Holdings Limited and Epoch Two Investment Holdings Limited."
2024-05-20,82,"BHP Group Limited (ASX:BHP) cancelled the acquisition of Anglo American plc (LSE:AAL) from Tarl Investment Holdings, Ltd., Epoch Investment Holdings Limited and Epoch Two Investment Holdings Limited."
2024-05-20,82,"BHP Group Limited (ASX:BHP) cancelled the acquisition of Anglo American plc (LSE:AAL) from Tarl Investment Holdings, Ltd., Epoch Investment Holdings Limited and Epoch Two Investment Holdings Limited."
2024-05-20,82,"BHP Group Limited (ASX:BHP) cancelled the acquisition of Anglo American plc (LSE:AAL) from Tarl Investment Holdings, Ltd., Epoch Investment Holdings Limited and Epoch Two Investment Holdings Limited."
2024-05-20,82,"BHP Group Limited (ASX:BHP) cancelled the acquisition of Anglo American plc (LSE:AAL) from Tarl Investment Holdings, Ltd., Epoch Investment Holdings Limited and Epoch Two Investment Holdings Limited."
2024-05-20,82,"BHP Group Limited (ASX:BHP) cancelled the acquisition of Anglo American plc (LSE:AAL) from Tarl Investment Holdings, Ltd., Epoch Investment Holdings Limited and Epoch Two Investment Holdings Limited."
2024-05-20,82,"BHP Group Limited (ASX:BHP) cancelled the acquisition of Anglo American plc (LSE:AAL) from Tarl Investment Holdings, Ltd., Epoch Investment Holdings Limited and Epoch Two Investment Holdings Limited."
2024-05-20,82,"BHP Group Limited (ASX:BHP) cancelled the acquisition of Anglo American plc (LSE:AAL) from Tarl Investment Holdings, Ltd., Epoch Investment Holdings Limited and Epoch Two Investment Holdings Limited."
2024-05-20,82,"BHP Group Limited (ASX:BHP) cancelled the acquisition of Anglo American plc (LSE:AAL) from Tarl Investment Holdings, Ltd., Epoch Investment Holdings Limited and Epoch Two Investment Holdings Limited."
2024-05-20,82,"BHP Group Limited (ASX:BHP) cancelled the acquisition of Anglo American plc (LSE:AAL) from Tarl Investment Holdings, Ltd., Epoch Investment Holdings Limited and Epoch Two Investment Holdings Limited."
2024-05-20,82,"BHP Group Limited (ASX:BHP) cancelled the acquisition of Anglo American plc (LSE:AAL) from Tarl Investment Holdings, Ltd., Epoch Investment Holdings Limited and Epoch Two Investment Holdings Limited."
2024-05-20,82,"BHP Group Limited (ASX:BHP) cancelled the acquisition of Anglo American plc (LSE:AAL) from Tarl Investment Holdings, Ltd., Epoch Investment Holdings Limited and Epoch Two Investment Holdings Limited."
2024-05-20,82,"BHP Group Limited (ASX:BHP) cancelled the acquisition of Anglo American plc (LSE:AAL) from Tarl Investment Holdings, Ltd., Epoch Investment Holdings Limited and Epoch Two Investment Holdings Limited."
2024-05-20,82,"BHP Group Limited (ASX:BHP) cancelled the acquisition of Anglo American plc (LSE:AAL) from Tarl Investment Holdings, Ltd., Epoch Investment Holdings Limited and Epoch Two Investment Holdings Limited."
2024-05-20,82,"BHP Group Limited (ASX:BHP) cancelled the acquisition of Anglo American plc (LSE:AAL) from Tarl Investment Holdings, Ltd., Epoch Investment Holdings Limited and Epoch Two Investment Holdings Limited."
2024-05-20,82,"BHP Group Limited (ASX:BHP) cancelled the acquisition of Anglo American plc (LSE:AAL) from Tarl Investment Holdings, Ltd., Epoch Investment Holdings Limited and Epoch Two Investment Holdings Limited."
2024-05-20,82,"BHP Group Limited (ASX:BHP) cancelled the acquisition of Anglo American plc (LSE:AAL) from Tarl Investment Holdings, Ltd., Epoch Investment Holdings Limited and Epoch Two Investment Holdings Limited."
2024-05-20,82,"BHP Group Limited (ASX:BHP) cancelled the acquisition of Anglo American plc (LSE:AAL) from Tarl Investment Holdings, Ltd., Epoch Investment Holdings Limited and Epoch Two Investment Holdings Limited."
2024-05-20,82,"BHP Group Limited (ASX:BHP) cancelled the acquisition of Anglo American plc (LSE:AAL) from Tarl Investment Holdings, Ltd., Epoch Investment Holdings Limited and Epoch Two Investment Holdings Limited."
2024-05-20,82,"BHP Group Limited (ASX:BHP) cancelled the acquisition of Anglo American plc (LSE:AAL) from Tarl Investment Holdings, Ltd., Epoch Investment Holdings Limited and Epoch Two Investment Holdings Limited."
2024-05-20,82,"BHP Group Limited (ASX:BHP) cancelled the acquisition of Anglo American plc (LSE:AAL) from Tarl Investment Holdings, Ltd., Epoch Investment Holdings Limited and Epoch Two Investment Holdings Limited."
2024-05-20,82,"BHP Group Limited (ASX:BHP) cancelled the acquisition of Anglo American plc (LSE:AAL) from Tarl Investment Holdings, Ltd., Epoch Investment Holdings Limited and Epoch Two Investment Holdings Limited."
2024-05-20,82,"BHP Group Limited (ASX:BHP) cancelled the acquisition of Anglo American plc (LSE:AAL) from Tarl Investment Holdings, Ltd., Epoch Investment Holdings Limited and Epoch Two Investment Holdings Limited."
2024-05-20,82,"BHP Group Limited (ASX:BHP) cancelled the acquisition of Anglo American plc (LSE:AAL) from Tarl Investment Holdings, Ltd., Epoch Investment Holdings Limited and Epoch Two Investment Holdings Limited."
2024-05-20,82,"BHP Group Limited (ASX:BHP) cancelled the acquisition of Anglo American plc (LSE:AAL) from Tarl Investment Holdings, Ltd., Epoch Investment Holdings Limited and Epoch Two Investment Holdings Limited."
2024-05-20,82,"BHP Group Limited (ASX:BHP) cancelled the acquisition of Anglo American plc (LSE:AAL) from Tarl Investment Holdings, Ltd., Epoch Investment Holdings Limited and Epoch Two Investment Holdings Limited."
2024-05-20,82,"BHP Group Limited (ASX:BHP) cancelled the acquisition of Anglo American plc (LSE:AAL) from Tarl Investment Holdings, Ltd., Epoch Investment Holdings Limited and Epoch Two Investment Holdings Limited."
2024-05-20,82,"BHP Group Limited (ASX:BHP) cancelled the acquisition of Anglo American plc (LSE:AAL) from Tarl Investment Holdings, Ltd., Epoch Investment Holdings Limited and Epoch Two Investment Holdings Limited."
2024-05-20,82,"BHP Group Limited (ASX:BHP) cancelled the acquisition of Anglo American plc (LSE:AAL) from Tarl Investment Holdings, Ltd., Epoch Investment Holdings Limited and Epoch Two Investment Holdings Limited."
2024-05-20,82,"BHP Group Limited (ASX:BHP) cancelled the acquisition of Anglo American plc (LSE:AAL) from Tarl Investment Holdings, Ltd., Epoch Investment Holdings Limited and Epoch Two Investment Holdings Limited."
2024-05-20,82,"BHP Group Limited (ASX:BHP) cancelled the acquisition of Anglo American plc (LSE:AAL) from Tarl Investment Holdings, Ltd., Epoch Investment Holdings Limited and Epoch Two Investment Holdings Limited."
2024-05-20,82,"BHP Group Limited (ASX:BHP) cancelled the acquisition of Anglo American plc (LSE:AAL) from Tarl Investment Holdings, Ltd., Epoch Investment Holdings Limited and Epoch Two Investment Holdings Limited."
2024-05-20,82,"BHP Group Limited (ASX:BHP) cancelled the acquisition of Anglo American plc (LSE:AAL) from Tarl Investment Holdings, Ltd., Epoch Investment Holdings Limited and Epoch Two Investment Holdings Limited."
2024-05-20,82,"BHP Group Limited (ASX:BHP) cancelled the acquisition of Anglo American plc (LSE:AAL) from Tarl Investment Holdings, Ltd., Epoch Investment Holdings Limited and Epoch Two Investment Holdings Limited."
2024-05-20,82,"BHP Group Limited (ASX:BHP) cancelled the acquisition of Anglo American plc (LSE:AAL) from Tarl Investment Holdings, Ltd., Epoch Investment Holdings Limited and Epoch Two Investment Holdings Limited."
2024-05-20,82,"BHP Group Limited (ASX:BHP) cancelled the acquisition of Anglo American plc (LSE:AAL) from Tarl Investment Holdings, Ltd., Epoch Investment Holdings Limited and Epoch Two Investment Holdings Limited."
2024-05-20,82,"BHP Group Limited (ASX:BHP) cancelled the acquisition of Anglo American plc (LSE:AAL) from Tarl Investment Holdings, Ltd., Epoch Investment Holdings Limited and Epoch Two Investment Holdings Limited."
2024-05-20,82,"BHP Group Limited (ASX:BHP) cancelled the acquisition of Anglo American plc (LSE:AAL) from Tarl Investment Holdings, Ltd., Epoch Investment Holdings Limited and Epoch Two Investment Holdings Limited."
2024-05-20,82,"BHP Group Limited (ASX:BHP) cancelled the acquisition of Anglo American plc (LSE:AAL) from Tarl Investment Holdings, Ltd., Epoch Investment Holdings Limited and Epoch Two Investment Holdings Limited."
2024-05-20,82,"BHP Group Limited (ASX:BHP) cancelled the acquisition of Anglo American plc (LSE:AAL) from Tarl Investment Holdings, Ltd., Epoch Investment Holdings Limited and Epoch Two Investment Holdings Limited."
2024-05-20,82,"BHP Group Limited (ASX:BHP) cancelled the acquisition of Anglo American plc (LSE:AAL) from Tarl Investment Holdings, Ltd., Epoch Investment Holdings Limited and Epoch Two Investment Holdings Limited."
2024-05-20,82,"BHP Group Limited (ASX:BHP) cancelled the acquisition of Anglo American plc (LSE:AAL) from Tarl Investment Holdings, Ltd., Epoch Investment Holdings Limited and Epoch Two Investment Holdings Limited."
2024-05-20,82,"BHP Group Limited (ASX:BHP) cancelled the acquisition of Anglo American plc (LSE:AAL) from Tarl Investment Holdings, Ltd., Epoch Investment Holdings Limited and Epoch Two Investment Holdings Limited."
2024-05-20,82,"BHP Group Limited (ASX:BHP) cancelled the acquisition of Anglo American plc (LSE:AAL) from Tarl Investment Holdings, Ltd., Epoch Investment Holdings Limited and Epoch Two Investment Holdings Limited."
2024-05-20,82,"BHP Group Limited (ASX:BHP) cancelled the acquisition of Anglo American plc (LSE:AAL) from Tarl Investment Holdings, Ltd., Epoch Investment Holdings Limited and Epoch Two Investment Holdings Limited."
2024-05-20,82,"BHP Group Limited (ASX:BHP) cancelled the acquisition of Anglo American plc (LSE:AAL) from Tarl Investment Holdings, Ltd., Epoch Investment Holdings Limited and Epoch Two Investment Holdings Limited."
2024-05-20,82,"BHP Group Limited (ASX:BHP) cancelled the acquisition of Anglo American plc (LSE:AAL) from Tarl Investment Holdings, Ltd., Epoch Investment Holdings Limited and Epoch Two Investment Holdings Limited."
2024-05-20,82,"BHP Group Limited (ASX:BHP) cancelled the acquisition of Anglo American plc (LSE:AAL) from Tarl Investment Holdings, Ltd., Epoch Investment Holdings Limited and Epoch Two Investment Holdings Limited."
2024-05-20,82,"BHP Group Limited (ASX:BHP) cancelled the acquisition of Anglo American plc (LSE:AAL) from Tarl Investment Holdings, Ltd., Epoch Investment Holdings Limited and Epoch Two Investment Holdings Limited."
2024-05-20,82,"BHP Group Limited (ASX:BHP) cancelled the acquisition of Anglo American plc (LSE:AAL) from Tarl Investment Holdings, Ltd., Epoch Investment Holdings Limited and Epoch Two Investment Holdings Limited."
2024-05-20,82,"BHP Group Limited (ASX:BHP) cancelled the acquisition of Anglo American plc (LSE:AAL) from Tarl Investment Holdings, Ltd., Epoch Investment Holdings Limited and Epoch Two Investment Holdings Limited."
2024-05-20,82,"BHP Group Limited (ASX:BHP) cancelled the acquisition of Anglo American plc (LSE:AAL) from Tarl Investment Holdings, Ltd., Epoch Investment Holdings Limited and Epoch Two Investment Holdings Limited."
2024-05-20,82,"BHP Group Limited (ASX:BHP) cancelled the acquisition of Anglo American plc (LSE:AAL) from Tarl Investment Holdings, Ltd., Epoch Investment Holdings Limited and Epoch Two Investment Holdings Limited."
2024-05-20,82,"BHP Group Limited (ASX:BHP) cancelled the acquisition of Anglo American plc (LSE:AAL) from Tarl Investment Holdings, Ltd., Epoch Investment Holdings Limited and Epoch Two Investment Holdings Limited."
2024-05-20,82,"BHP Group Limited (ASX:BHP) cancelled the acquisition of Anglo American plc (LSE:AAL) from Tarl Investment Holdings, Ltd., Epoch Investment Holdings Limited and Epoch Two Investment Holdings Limited."
2024-05-20,82,"BHP Group Limited (ASX:BHP) cancelled the acquisition of Anglo American plc (LSE:AAL) from Tarl Investment Holdings, Ltd., Epoch Investment Holdings Limited and Epoch Two Investment Holdings Limited."
2024-05-20,82,"BHP Group Limited (ASX:BHP) cancelled the acquisition of Anglo American plc (LSE:AAL) from Tarl Investment Holdings, Ltd., Epoch Investment Holdings Limited and Epoch Two Investment Holdings Limited."
2024-05-20,82,"BHP Group Limited (ASX:BHP) cancelled the acquisition of Anglo American plc (LSE:AAL) from Tarl Investment Holdings, Ltd., Epoch Investment Holdings Limited and Epoch Two Investment Holdings Limited."
2024-05-20,82,"BHP Group Limited (ASX:BHP) cancelled the acquisition of Anglo American plc (LSE:AAL) from Tarl Investment Holdings, Ltd., Epoch Investment Holdings Limited and Epoch Two Investment Holdings Limited."
2024-05-20,82,"BHP Group Limited (ASX:BHP) cancelled the acquisition of Anglo American plc (LSE:AAL) from Tarl Investment Holdings, Ltd., Epoch Investment Holdings Limited and Epoch Two Investment Holdings Limited."
2024-05-20,82,"BHP Group Limited (ASX:BHP) cancelled the acquisition of Anglo American plc (LSE:AAL) from Tarl Investment Holdings, Ltd., Epoch Investment Holdings Limited and Epoch Two Investment Holdings Limited."
2024-05-20,82,"BHP Group Limited (ASX:BHP) cancelled the acquisition of Anglo American plc (LSE:AAL) from Tarl Investment Holdings, Ltd., Epoch Investment Holdings Limited and Epoch Two Investment Holdings Limited."
2024-05-20,82,"BHP Group Limited (ASX:BHP) cancelled the acquisition of Anglo American plc (LSE:AAL) from Tarl Investment Holdings, Ltd., Epoch Investment Holdings Limited and Epoch Two Investment Holdings Limited."
2024-05-20,82,"BHP Group Limited (ASX:BHP) cancelled the acquisition of Anglo American plc (LSE:AAL) from Tarl Investment Holdings, Ltd., Epoch Investment Holdings Limited and Epoch Two Investment Holdings Limited."
2024-05-21,65,Ex-BHP Boss Urges Anglo to Hold Talks
2024-05-22,82,"BHP Group Limited (ASX:BHP) cancelled the acquisition of Anglo American plc (LSE:AAL) from Tarl Investment Holdings, Ltd., Epoch Investment Holdings Limited and Epoch Two Investment Holdings Limited."
2024-05-22,65,Anglo American Rejects Further BHP Proposal
2024-05-22,82,"BHP Group Limited (ASX:BHP) cancelled the acquisition of Anglo American plc (LSE:AAL) from Tarl Investment Holdings, Ltd., Epoch Investment Holdings Limited and Epoch Two Investment Holdings Limited."
2024-05-22,82,"BHP Group Limited (ASX:BHP) cancelled the acquisition of Anglo American plc (LSE:AAL) from Tarl Investment Holdings, Ltd., Epoch Investment Holdings Limited and Epoch Two Investment Holdings Limited."
2024-05-22,82,"BHP Group Limited (ASX:BHP) cancelled the acquisition of Anglo American plc (LSE:AAL) from Tarl Investment Holdings, Ltd., Epoch Investment Holdings Limited and Epoch Two Investment Holdings Limited."
2024-05-22,82,"BHP Group Limited (ASX:BHP) cancelled the acquisition of Anglo American plc (LSE:AAL) from Tarl Investment Holdings, Ltd., Epoch Investment Holdings Limited and Epoch Two Investment Holdings Limited."
2024-05-22,82,"BHP Group Limited (ASX:BHP) cancelled the acquisition of Anglo American plc (LSE:AAL) from Tarl Investment Holdings, Ltd., Epoch Investment Holdings Limited and Epoch Two Investment Holdings Limited."
2024-05-22,82,"BHP Group Limited (ASX:BHP) cancelled the acquisition of Anglo American plc (LSE:AAL) from Tarl Investment Holdings, Ltd., Epoch Investment Holdings Limited and Epoch Two Investment Holdings Limited."
2024-05-22,82,"BHP Group Limited (ASX:BHP) cancelled the acquisition of Anglo American plc (LSE:AAL) from Tarl Investment Holdings, Ltd., Epoch Investment Holdings Limited and Epoch Two Investment Holdings Limited."
2024-05-22,82,"BHP Group Limited (ASX:BHP) cancelled the acquisition of Anglo American plc (LSE:AAL) from Tarl Investment Holdings, Ltd., Epoch Investment Holdings Limited and Epoch Two Investment Holdings Limited."
2024-05-22,82,"BHP Group Limited (ASX:BHP) cancelled the acquisition of Anglo American plc (LSE:AAL) from Tarl Investment Holdings, Ltd., Epoch Investment Holdings Limited and Epoch Two Investment Holdings Limited."
2024-05-22,82,"BHP Group Limited (ASX:BHP) cancelled the acquisition of Anglo American plc (LSE:AAL) from Tarl Investment Holdings, Ltd., Epoch Investment Holdings Limited and Epoch Two Investment Holdings Limited."
2024-05-22,82,"BHP Group Limited (ASX:BHP) cancelled the acquisition of Anglo American plc (LSE:AAL) from Tarl Investment Holdings, Ltd., Epoch Investment Holdings Limited and Epoch Two Investment Holdings Limited."
2024-05-22,82,"BHP Group Limited (ASX:BHP) cancelled the acquisition of Anglo American plc (LSE:AAL) from Tarl Investment Holdings, Ltd., Epoch Investment Holdings Limited and Epoch Two Investment Holdings Limited."
2024-05-22,82,"BHP Group Limited (ASX:BHP) cancelled the acquisition of Anglo American plc (LSE:AAL) from Tarl Investment Holdings, Ltd., Epoch Investment Holdings Limited and Epoch Two Investment Holdings Limited."
2024-05-22,82,"BHP Group Limited (ASX:BHP) cancelled the acquisition of Anglo American plc (LSE:AAL) from Tarl Investment Holdings, Ltd., Epoch Investment Holdings Limited and Epoch Two Investment Holdings Limited."
2024-05-22,82,"BHP Group Limited (ASX:BHP) cancelled the acquisition of Anglo American plc (LSE:AAL) from Tarl Investment Holdings, Ltd., Epoch Investment Holdings Limited and Epoch Two Investment Holdings Limited."
2024-05-22,82,"BHP Group Limited (ASX:BHP) cancelled the acquisition of Anglo American plc (LSE:AAL) from Tarl Investment Holdings, Ltd., Epoch Investment Holdings Limited and Epoch Two Investment Holdings Limited."
2024-05-22,82,"BHP Group Limited (ASX:BHP) cancelled the acquisition of Anglo American plc (LSE:AAL) from Tarl Investment Holdings, Ltd., Epoch Investment Holdings Limited and Epoch Two Investment Holdings Limited."
2024-05-22,82,"BHP Group Limited (ASX:BHP) cancelled the acquisition of Anglo American plc (LSE:AAL) from Tarl Investment Holdings, Ltd., Epoch Investment Holdings Limited and Epoch Two Investment Holdings Limited."
2024-05-22,82,"BHP Group Limited (ASX:BHP) cancelled the acquisition of Anglo American plc (LSE:AAL) from Tarl Investment Holdings, Ltd., Epoch Investment Holdings Limited and Epoch Two Investment Holdings Limited."
2024-05-22,82,"BHP Group Limited (ASX:BHP) cancelled the acquisition of Anglo American plc (LSE:AAL) from Tarl Investment Holdings, Ltd., Epoch Investment Holdings Limited and Epoch Two Investment Holdings Limited."
2024-05-22,82,"BHP Group Limited (ASX:BHP) cancelled the acquisition of Anglo American plc (LSE:AAL) from Tarl Investment Holdings, Ltd., Epoch Investment Holdings Limited and Epoch Two Investment Holdings Limited."
2024-05-22,82,"BHP Group Limited (ASX:BHP) cancelled the acquisition of Anglo American plc (LSE:AAL) from Tarl Investment Holdings, Ltd., Epoch Investment Holdings Limited and Epoch Two Investment Holdings Limited."
2024-05-22,82,"BHP Group Limited (ASX:BHP) cancelled the acquisition of Anglo American plc (LSE:AAL) from Tarl Investment Holdings, Ltd., Epoch Investment Holdings Limited and Epoch Two Investment Holdings Limited."
2024-05-22,82,"BHP Group Limited (ASX:BHP) cancelled the acquisition of Anglo American plc (LSE:AAL) from Tarl Investment Holdings, Ltd., Epoch Investment Holdings Limited and Epoch Two Investment Holdings Limited."
2024-05-22,82,"BHP Group Limited (ASX:BHP) cancelled the acquisition of Anglo American plc (LSE:AAL) from Tarl Investment Holdings, Ltd., Epoch Investment Holdings Limited and Epoch Two Investment Holdings Limited."
2024-05-22,82,"BHP Group Limited (ASX:BHP) cancelled the acquisition of Anglo American plc (LSE:AAL) from Tarl Investment Holdings, Ltd., Epoch Investment Holdings Limited and Epoch Two Investment Holdings Limited."
2024-05-22,82,"BHP Group Limited (ASX:BHP) cancelled the acquisition of Anglo American plc (LSE:AAL) from Tarl Investment Holdings, Ltd., Epoch Investment Holdings Limited and Epoch Two Investment Holdings Limited."
2024-05-22,82,"BHP Group Limited (ASX:BHP) cancelled the acquisition of Anglo American plc (LSE:AAL) from Tarl Investment Holdings, Ltd., Epoch Investment Holdings Limited and Epoch Two Investment Holdings Limited."
2024-05-22,82,"BHP Group Limited (ASX:BHP) cancelled the acquisition of Anglo American plc (LSE:AAL) from Tarl Investment Holdings, Ltd., Epoch Investment Holdings Limited and Epoch Two Investment Holdings Limited."
2024-05-22,82,"BHP Group Limited (ASX:BHP) cancelled the acquisition of Anglo American plc (LSE:AAL) from Tarl Investment Holdings, Ltd., Epoch Investment Holdings Limited and Epoch Two Investment Holdings Limited."
2024-05-22,82,"BHP Group Limited (ASX:BHP) cancelled the acquisition of Anglo American plc (LSE:AAL) from Tarl Investment Holdings, Ltd., Epoch Investment Holdings Limited and Epoch Two Investment Holdings Limited."
2024-05-22,82,"BHP Group Limited (ASX:BHP) cancelled the acquisition of Anglo American plc (LSE:AAL) from Tarl Investment Holdings, Ltd., Epoch Investment Holdings Limited and Epoch Two Investment Holdings Limited."
2024-05-22,82,"BHP Group Limited (ASX:BHP) cancelled the acquisition of Anglo American plc (LSE:AAL) from Tarl Investment Holdings, Ltd., Epoch Investment Holdings Limited and Epoch Two Investment Holdings Limited."
2024-05-22,82,"BHP Group Limited (ASX:BHP) cancelled the acquisition of Anglo American plc (LSE:AAL) from Tarl Investment Holdings, Ltd., Epoch Investment Holdings Limited and Epoch Two Investment Holdings Limited."
2024-05-22,82,"BHP Group Limited (ASX:BHP) cancelled the acquisition of Anglo American plc (LSE:AAL) from Tarl Investment Holdings, Ltd., Epoch Investment Holdings Limited and Epoch Two Investment Holdings Limited."
2024-05-22,82,"BHP Group Limited (ASX:BHP) cancelled the acquisition of Anglo American plc (LSE:AAL) from Tarl Investment Holdings, Ltd., Epoch Investment Holdings Limited and Epoch Two Investment Holdings Limited."
2024-05-22,82,"BHP Group Limited (ASX:BHP) cancelled the acquisition of Anglo American plc (LSE:AAL) from Tarl Investment Holdings, Ltd., Epoch Investment Holdings Limited and Epoch Two Investment Holdings Limited."
2024-05-22,82,"BHP Group Limited (ASX:BHP) cancelled the acquisition of Anglo American plc (LSE:AAL) from Tarl Investment Holdings, Ltd., Epoch Investment Holdings Limited and Epoch Two Investment Holdings Limited."
2024-05-22,82,"BHP Group Limited (ASX:BHP) cancelled the acquisition of Anglo American plc (LSE:AAL) from Tarl Investment Holdings, Ltd., Epoch Investment Holdings Limited and Epoch Two Investment Holdings Limited."
2024-05-22,82,"BHP Group Limited (ASX:BHP) cancelled the acquisition of Anglo American plc (LSE:AAL) from Tarl Investment Holdings, Ltd., Epoch Investment Holdings Limited and Epoch Two Investment Holdings Limited."
2024-05-22,82,"BHP Group Limited (ASX:BHP) cancelled the acquisition of Anglo American plc (LSE:AAL) from Tarl Investment Holdings, Ltd., Epoch Investment Holdings Limited and Epoch Two Investment Holdings Limited."
2024-05-22,82,"BHP Group Limited (ASX:BHP) cancelled the acquisition of Anglo American plc (LSE:AAL) from Tarl Investment Holdings, Ltd., Epoch Investment Holdings Limited and Epoch Two Investment Holdings Limited."
2024-05-22,82,"BHP Group Limited (ASX:BHP) cancelled the acquisition of Anglo American plc (LSE:AAL) from Tarl Investment Holdings, Ltd., Epoch Investment Holdings Limited and Epoch Two Investment Holdings Limited."
2024-05-22,82,"BHP Group Limited (ASX:BHP) cancelled the acquisition of Anglo American plc (LSE:AAL) from Tarl Investment Holdings, Ltd., Epoch Investment Holdings Limited and Epoch Two Investment Holdings Limited."
2024-05-22,82,"BHP Group Limited (ASX:BHP) cancelled the acquisition of Anglo American plc (LSE:AAL) from Tarl Investment Holdings, Ltd., Epoch Investment Holdings Limited and Epoch Two Investment Holdings Limited."
2024-05-22,82,"BHP Group Limited (ASX:BHP) cancelled the acquisition of Anglo American plc (LSE:AAL) from Tarl Investment Holdings, Ltd., Epoch Investment Holdings Limited and Epoch Two Investment Holdings Limited."
2024-05-22,82,"BHP Group Limited (ASX:BHP) cancelled the acquisition of Anglo American plc (LSE:AAL) from Tarl Investment Holdings, Ltd., Epoch Investment Holdings Limited and Epoch Two Investment Holdings Limited."
2024-05-22,82,"BHP Group Limited (ASX:BHP) cancelled the acquisition of Anglo American plc (LSE:AAL) from Tarl Investment Holdings, Ltd., Epoch Investment Holdings Limited and Epoch Two Investment Holdings Limited."
2024-05-22,82,"BHP Group Limited (ASX:BHP) cancelled the acquisition of Anglo American plc (LSE:AAL) from Tarl Investment Holdings, Ltd., Epoch Investment Holdings Limited and Epoch Two Investment Holdings Limited."
2024-05-22,82,"BHP Group Limited (ASX:BHP) cancelled the acquisition of Anglo American plc (LSE:AAL) from Tarl Investment Holdings, Ltd., Epoch Investment Holdings Limited and Epoch Two Investment Holdings Limited."
2024-05-22,82,"BHP Group Limited (ASX:BHP) cancelled the acquisition of Anglo American plc (LSE:AAL) from Tarl Investment Holdings, Ltd., Epoch Investment Holdings Limited and Epoch Two Investment Holdings Limited."
2024-05-22,82,"BHP Group Limited (ASX:BHP) cancelled the acquisition of Anglo American plc (LSE:AAL) from Tarl Investment Holdings, Ltd., Epoch Investment Holdings Limited and Epoch Two Investment Holdings Limited."
2024-05-22,82,"BHP Group Limited (ASX:BHP) cancelled the acquisition of Anglo American plc (LSE:AAL) from Tarl Investment Holdings, Ltd., Epoch Investment Holdings Limited and Epoch Two Investment Holdings Limited."
2024-05-22,82,"BHP Group Limited (ASX:BHP) cancelled the acquisition of Anglo American plc (LSE:AAL) from Tarl Investment Holdings, Ltd., Epoch Investment Holdings Limited and Epoch Two Investment Holdings Limited."
2024-05-22,82,"BHP Group Limited (ASX:BHP) cancelled the acquisition of Anglo American plc (LSE:AAL) from Tarl Investment Holdings, Ltd., Epoch Investment Holdings Limited and Epoch Two Investment Holdings Limited."
2024-05-22,82,"BHP Group Limited (ASX:BHP) cancelled the acquisition of Anglo American plc (LSE:AAL) from Tarl Investment Holdings, Ltd., Epoch Investment Holdings Limited and Epoch Two Investment Holdings Limited."
2024-05-22,82,"BHP Group Limited (ASX:BHP) cancelled the acquisition of Anglo American plc (LSE:AAL) from Tarl Investment Holdings, Ltd., Epoch Investment Holdings Limited and Epoch Two Investment Holdings Limited."
2024-05-22,82,"BHP Group Limited (ASX:BHP) cancelled the acquisition of Anglo American plc (LSE:AAL) from Tarl Investment Holdings, Ltd., Epoch Investment Holdings Limited and Epoch Two Investment Holdings Limited."
2024-05-22,82,"BHP Group Limited (ASX:BHP) cancelled the acquisition of Anglo American plc (LSE:AAL) from Tarl Investment Holdings, Ltd., Epoch Investment Holdings Limited and Epoch Two Investment Holdings Limited."
2024-05-22,82,"BHP Group Limited (ASX:BHP) cancelled the acquisition of Anglo American plc (LSE:AAL) from Tarl Investment Holdings, Ltd., Epoch Investment Holdings Limited and Epoch Two Investment Holdings Limited."
2024-05-22,82,"BHP Group Limited (ASX:BHP) cancelled the acquisition of Anglo American plc (LSE:AAL) from Tarl Investment Holdings, Ltd., Epoch Investment Holdings Limited and Epoch Two Investment Holdings Limited."
2024-05-22,82,"BHP Group Limited (ASX:BHP) cancelled the acquisition of Anglo American plc (LSE:AAL) from Tarl Investment Holdings, Ltd., Epoch Investment Holdings Limited and Epoch Two Investment Holdings Limited."
2024-05-22,82,"BHP Group Limited (ASX:BHP) cancelled the acquisition of Anglo American plc (LSE:AAL) from Tarl Investment Holdings, Ltd., Epoch Investment Holdings Limited and Epoch Two Investment Holdings Limited."
2024-05-22,22,"ArcelorMittal and Partners Mitsubishi Heavy Industries, Ltd., BHP, Mitsubishi Development Pty Ltd Successfully Start Operating A Pilot Carbon Capture Unit on the Blast Furnace Off-Gas At ArcelorMittal Gent in Belgium"
2024-05-22,82,"BHP Group Limited (ASX:BHP) cancelled the acquisition of Anglo American plc (LSE:AAL) from Tarl Investment Holdings, Ltd., Epoch Investment Holdings Limited and Epoch Two Investment Holdings Limited."
2024-05-22,82,"BHP Group Limited (ASX:BHP) cancelled the acquisition of Anglo American plc (LSE:AAL) from Tarl Investment Holdings, Ltd., Epoch Investment Holdings Limited and Epoch Two Investment Holdings Limited."
2024-05-22,82,"BHP Group Limited (ASX:BHP) cancelled the acquisition of Anglo American plc (LSE:AAL) from Tarl Investment Holdings, Ltd., Epoch Investment Holdings Limited and Epoch Two Investment Holdings Limited."
2024-05-22,82,"BHP Group Limited (ASX:BHP) cancelled the acquisition of Anglo American plc (LSE:AAL) from Tarl Investment Holdings, Ltd., Epoch Investment Holdings Limited and Epoch Two Investment Holdings Limited."
2024-05-22,82,"BHP Group Limited (ASX:BHP) cancelled the acquisition of Anglo American plc (LSE:AAL) from Tarl Investment Holdings, Ltd., Epoch Investment Holdings Limited and Epoch Two Investment Holdings Limited."
2024-05-22,82,"BHP Group Limited (ASX:BHP) cancelled the acquisition of Anglo American plc (LSE:AAL) from Tarl Investment Holdings, Ltd., Epoch Investment Holdings Limited and Epoch Two Investment Holdings Limited."
2024-05-22,82,"BHP Group Limited (ASX:BHP) cancelled the acquisition of Anglo American plc (LSE:AAL) from Tarl Investment Holdings, Ltd., Epoch Investment Holdings Limited and Epoch Two Investment Holdings Limited."
2024-05-22,82,"BHP Group Limited (ASX:BHP) cancelled the acquisition of Anglo American plc (LSE:AAL) from Tarl Investment Holdings, Ltd., Epoch Investment Holdings Limited and Epoch Two Investment Holdings Limited."
2024-05-22,82,"BHP Group Limited (ASX:BHP) cancelled the acquisition of Anglo American plc (LSE:AAL) from Tarl Investment Holdings, Ltd., Epoch Investment Holdings Limited and Epoch Two Investment Holdings Limited."
2024-05-22,82,"BHP Group Limited (ASX:BHP) cancelled the acquisition of Anglo American plc (LSE:AAL) from Tarl Investment Holdings, Ltd., Epoch Investment Holdings Limited and Epoch Two Investment Holdings Limited."
2024-05-22,82,"BHP Group Limited (ASX:BHP) cancelled the acquisition of Anglo American plc (LSE:AAL) from Tarl Investment Holdings, Ltd., Epoch Investment Holdings Limited and Epoch Two Investment Holdings Limited."
2024-05-22,82,"BHP Group Limited (ASX:BHP) cancelled the acquisition of Anglo American plc (LSE:AAL) from Tarl Investment Holdings, Ltd., Epoch Investment Holdings Limited and Epoch Two Investment Holdings Limited."
2024-05-23,65,Anglo American Agrees to Takeover Talks with Mining Rival BHP
2024-05-26,22,Rio Tinto and BHP Collaborate on Battery-Electric Haul Truck Trials in the Pilbara
2024-05-29,65,BHP Group Confirms it Does Not Intend to Make a Firm Offer for Anglo American
2024-05-29,65,BHP Wants Extension for Anglo American Takeover Talks
2024-05-29,65,BHP Provides Update on its Offer for Anglo American
2024-05-30,65,BHP Group Walks from $74 Billion Takeover for Anglo American
2024-05-30,65,Anglo Walks Away from BHP Deal
2024-06-14,149,"The Prospectors and Developers Association of Canada, PDAC Convention 2025, Mar 02, 2025 through Mar 05, 2025"
2024-06-26,194,BHP Group Limited - Special Call
2024-07-11,224,BHP Group Limited Announces Western Australia Nickel to Temporarily Suspend Operations from October 2024
2024-07-11,224,BHP Group Limited Announces Western Australia Nickel to Temporarily Suspend Operations
2024-07-11,224,BHP Group Limited Announces Western Australia Nickel to Temporarily Suspend Operations from October 2024
2024-07-11,224,BHP Group Limited Announces Western Australia Nickel to Temporarily Suspend Operations
2024-07-12,65,Lundin Reportedly to Pitch BHP on Joint Bid for Copper Miner Filo
2024-07-14,25,BHP Enters into an Agreement with Vale S.A (Vale) in Relation to Group Action Proceedings in the United Kingdom in Respect of the Fundão Dam Failure in Brazil
2024-07-17,29,BHP Group Limited Provides Production Guidance for the Fiscal Year 2025
2024-07-17,226,"BHP Group Limited Announces Group Production Results for the Fourth Quarter and Full Year Ended June 30, 2024"
2024-07-26,65,Glencore Reportedly Eyes Anglo Coal Assets
2024-07-30,80,BHP Group Limited (ASX:BHP) agreed to acquire 50% stake in Josemaría Project from Josemaria Resources Inc. for approximately $690 million.
2024-07-30,80,BHP Group Limited (ASX:BHP) agreed to acquire 50% stake in Josemaría Project from Josemaria Resources Inc. for $650 million.
2024-07-30,80,BHP Group Limited (ASX:BHP) agreed to acquire 50% stake in Josemaría Project from Josemaria Resources Inc. for $650 million.
2024-07-30,80,BHP Group Limited (ASX:BHP) agreed to acquire 50% stake in Josemaría Project from Josemaria Resources Inc. for approximately $690 million.
2024-07-30,219,"BHP Group Limited to Report Q1, 2025 Operating Results on Oct 17, 2024"
2024-08-07,65,"BHP Reportedly to Seek Buyer for Gold, Copper Mines in Brazil"
2024-08-26,28,"BHP Group Limited Reports Earnings Results for the Full Year Ended June 30, 2024"
2024-08-27,48,"BHP Group Limited, 2024 Pre Recorded Earnings Call, Aug 27, 2024"
2024-08-27,48,"BHP Group Limited, 2024 Pre Recorded Earnings Call, Aug 27, 2024"
2024-09-03,144,"BHP Group Limited expected to report Q1 2025 results on October 18, 2024."
2024-09-09,80,G Mining Ventures Corp. (TSX:GMIN) agreed to acquire Tenements in the Gurupi Gold Belt from BHP Group Limited (ASX:BHP).
2024-09-09,80,G Mining Ventures Corp. (TSX:GMIN) agreed to acquire Tenements in the Gurupi Gold Belt from BHP Group Limited (ASX:BHP).
2024-09-09,80,G Mining Ventures Corp. (TSX:GMIN) agreed to acquire Tenements in the Gurupi Gold Belt from BHP Group Limited (ASX:BHP).
2024-09-09,80,G Mining Ventures Corp. (TSX:GMIN) agreed to acquire Tenements in the Gurupi Gold Belt from BHP Group Limited (ASX:BHP).
2024-09-16,149,"BMO Capital Markets Corp., 34th Annual BMO Global Metals, Mining & Critical Minerals Conference, Feb 23, 2025 through Feb 26, 2025"
2024-09-22,50,BHP Group Limited - Shareholder/Analyst Call
2024-09-23,42,BHP Group Limited Announces Early Redemption of Certain Euro Hybrid Notes
2024-09-23,62,"BHP Group Limited, Annual General Meeting, Oct 30, 2024"
2024-10-02,55,"BHP Group Limited to Report First Half, 2025 Results on Feb 18, 2025"
2024-10-03,149,"Beacon Events Ltd., IMARC 2024, Oct 29, 2024 through Oct 31, 2024"
2024-10-03,149,"Beacon Events Ltd., IMARC 2024, Oct 29, 2024 through Oct 31, 2024"
2024-10-03,149,"Beacon Events Ltd., IMARC 2024, Oct 29, 2024 through Oct 31, 2024"
2024-10-03,149,"Beacon Events Ltd., IMARC 2024, Oct 29, 2024 through Oct 31, 2024"
2024-10-08,149,"The Linux Foundation, KubeDay Australia 2024, Oct 15, 2024"
2024-10-08,149,"The Linux Foundation, KubeDay Australia, Oct 15, 2024"
2024-10-15,51,"BHP Group Limited Presents at KubeDay Australia 2024, Oct-15-2024"
2024-10-17,226,"BHP Group Limited Provides Production Results for the Quarter Ended September 30, 2024"
2024-10-17,29,BHP Group Limited Provides Production Guidance for the Fiscal Year 2025
2024-10-18,219,"BHP Group Limited to Report Q1, 2026 Operating Results on Oct 21, 2025"
2024-10-18,219,"BHP Group Limited to Report First Half, 2025 Operating Results on Jan 21, 2025"
2024-10-18,219,"BHP Group Limited to Report Fiscal Year 2025 Operating Results on Jul 18, 2025"
2024-10-18,55,"BHP Group Limited to Report Fiscal Year 2025 Results on Aug 19, 2025"
2024-10-18,219,"BHP Group Limited to Report Nine Months, 2025 Operating Results on Apr 17, 2025"
2024-10-21,51,"BHP Group Limited Presents at Mill Operators Conference 2024, Oct-21-2024"
2024-10-24,65,African Adventure Reportedly Raises Talk of Another BHP Bite at Anglo American
2024-10-28,51,"BHP Group Limited Presents at IMARC 2024, Oct-29-2024"
2024-11-04,149,"Beacon Events Ltd., Mines and Money @ Resourcing Tomorrow, Dec 02, 2025 through Dec 04, 2025"
2024-11-18,50,BHP Group Limited - Shareholder/Analyst Call
2024-11-18,50,BHP Group Limited - Shareholder/Analyst Call
2024-11-18,50,BHP Group Limited - Shareholder/Analyst Call
2024-11-18,50,BHP Group Limited - Shareholder/Analyst Call
2024-12-15,149,"The International Economic Forum of the Americas, 8th Edition Conference of Paris, Dec 16, 2024 through Dec 17, 2024"
2024-12-15,149,"The International Economic Forum of the Americas, 8th Edition Conference of Paris, Dec 16, 2024 through Dec 17, 2024"
2024-12-15,51,"BHP Group Limited Presents at 8th Edition Conference of Paris, Dec-16-2024"
2024-12-17,149,"Bank of America Corporation, Bank of America Global Metals, Mining and Steel Conference 2025, May 12, 2025 through May 14, 2025"
2024-12-18,25,Federal Court of Australia Serves Class Action Proceeding to BHP Group Limited
2024-12-19,81,G Mining Ventures Corp. (TSX:GMIN) completed the acquisition of Tenements in the Gurupi Gold Belt from BHP Group Limited (ASX:BHP).
2024-12-19,81,G Mining Ventures Corp. (TSX:GMIN) completed the acquisition of Tenements in the Gurupi Gold Belt from BHP Group Limited (ASX:BHP).
2024-12-20,81,G Mining Ventures Corp. (TSX:GMIN) completed the acquisition of Tenements in the Gurupi Gold Belt from BHP Group Limited (ASX:BHP).
2024-12-20,81,G Mining Ventures Corp. (TSX:GMIN) completed the acquisition of Tenements in the Gurupi Gold Belt from BHP Group Limited (ASX:BHP).
2025-01-06,51,"BHP Group Limited Presents at Mines and Money @ Resourcing Tomorrow, Dec-03-2024"
2025-01-07,22,Ivanhoe Electric Inc. Provides an Update on the Activities of the Bhp Exploration Alliance in the Southwest U.S
2025-01-15,81,BHP Group Limited (ASX:BHP) completed the acquisition of 50% stake in Josemaría Project from Josemaria Resources Inc.
2025-01-21,29,BHP Group Limited Reaffirms Production Guidance for the Fiscal Year 2025
2025-01-21,226,"BHP Group Limited Reports Group Production Results for the Second Quarter and Half Year Ended December 31, 2024"
2025-01-29,51,"BHP Group Limited Presents at International Mine Health & Safety Conference 2024, Apr-15-2024"
2025-02-05,149,"Semafor, Inc., 2025 World Economy Summit, Apr 23, 2025 through Apr 25, 2025"
2025-02-05,51,"BHP Group Limited Presents at 2025 World Economy Summit, Apr-23-2025"
2025-02-12,16,"BHP Group Limited Announces Executive Changes, Effective on 31 March 2025"
2025-02-15,51,"BHP Group Limited Presents at 34th Annual BMO Global Metals, Mining & Critical Minerals Conference, Feb-24-2025 08:00 AM"
2025-02-15,48,"BHP Group Limited, H1 2025 Earnings Call, Feb 18, 2025"
2025-02-15,51,"BHP Group Limited Presents at 34th Annual BMO Global Metals, Mining & Critical Minerals Conference, Feb-24-2025 08:00 AM"
2025-02-15,51,"BHP Group Limited Presents at 34th Annual BMO Global Metals, Mining & Critical Minerals Conference, Feb-23-2025"
2025-02-15,51,"BHP Group Limited Presents at 34th Annual BMO Global Metals, Mining & Critical Minerals Conference, Feb-23-2025"
2025-02-17,144,"BHP Group Limited expected to report Q3 2025 results on April 17, 2025."
2025-02-17,28,"BHP Group Limited Reports Earnings Results for the Half Year Ended December 31, 2024"
2025-02-18,149,"The Milken Institute, Milken Institute Global Conference 2025, May 04, 2025 through May 07, 2025"
2025-02-18,48,"BHP Group Limited, H1 2025 Pre Recorded Earnings Call, Feb 18, 2025"
2025-02-19,42,BHP Group Limited Conducts A Bond Offer and Successfully Priced USD 3.0 Billion of Senior Unsecured Bonds in the US Market
2025-02-19,87,BHP Group Limited has completed a Fixed-Income Offering in the amount of $1 billion.
2025-02-25,51,"BHP Group Limited Presents at PDAC Convention 2025, Mar-04-2025 11:15 AM"
2025-03-03,16,BHP Group Limited Appoints Marian Moroney as Head of Prospect Evaluation
2025-04-02,16,BHP Group Limited Announces Retirement of Ken Mackenzie as an Independent Non-Executive Director on 31 March 2025
2025-04-09,149,"First Nations Major Projects Coalition, FNMPC’s 8th Annual Conference, Apr 27, 2025 through Apr 29, 2025"
2025-04-09,149,"First Nations Major Project Coalition, Canadian Energy Explorers and Producers Investment Conference, FNMPC’s 8th Annual Conference, Apr 27, 2025 through Apr 29, 2025"
2025-04-09,51,"BHP Group Limited Presents at FNMPC’s 8th Annual Conference, Apr-27-2025"
2025-04-09,149,"First Nations Major Projects Coalition, FNMPC’s 8th Annual Conference, Apr 27, 2025 through Apr 29, 2025"
2025-04-09,149,"First Nations Major Project Coalition, Canadian Energy Explorers and Producers Investment Conference, FNMPC’s 8th Annual Conference, Apr 27, 2025 through Apr 29, 2025"
2025-04-17,226,"BHP Group Limited Reports Production Results for the Third Quarter and Year to Date Ended March 31, 2025"
2025-05-02,51,"BHP Group Limited Presents at Milken Institute Global Conference 2025, May-05-2025 10:00 AM"
2025-05-02,149,"International Fertilizer Association, International Fertilizer Association (IFA) Conference, May 12, 2025 through May 14, 2025"
2025-05-06,51,"BHP Group Limited Presents at International Fertilizer Association (IFA) Conference, May-12-2025 through May-14-2025"
2025-05-13,51,"BHP Group Limited Presents at Bank of America Global Metals, Mining and Steel Conference 2025, May-13-2025 09:30 AM"
2025-05-14,149,"Austmine Limited,  AusIMM, Global Resource Innovation Expo, May 20, 2025 through May 22, 2025"
2025-05-15,51,"BHP Group Limited Presents at Global Resource Innovation Expo, May-20-2025"
2025-05-17,149,"Informa Australia Pty Ltd., Pilbara Summit, Jun 25, 2025 through Jun 26, 2025"
2025-06-24,51,"BHP Group Limited Presents at Pilbara Summit, Jun-25-2025 through Jun-26-2025"
2025-07-18,144,"BHP Group Limited expected to report Q1 2026 results on October 24, 2025."
2025-07-18,144,"BHP Group Limited expected to report Q1 2026 results on October 24, 2025."
2025-07-18,144,"BHP Group Limited expected to report Q1 2026 results on October 24, 2025."
2025-07-18,144,"BHP Group Limited expected to report Q1 2026 results on October 24, 2025."
2025-07-18,144,"BHP Group Limited expected to report Q1 2026 results on October 17, 2025."
2025-07-18,29,Bhp Group Limited Provides Production Guidance for the Fiscal Year 2026
2025-07-18,29,Bhp Group Limited Provides Production Guidance for the Fiscal Year 2026
2025-07-18,29,Bhp Group Limited Provides Production Guidance for the Fiscal Year 2026
2025-07-18,29,Bhp Group Limited Provides Production Guidance for the Fiscal Year 2026
2025-07-18,144,"BHP Group Limited expected to report Q1 2026 results on October 17, 2025."
2025-07-18,144,"BHP Group Limited expected to report Q1 2026 results on October 24, 2025."
2025-07-18,144,"BHP Group Limited expected to report Q1 2026 results on October 24, 2025."
2025-07-18,144,"BHP Group Limited expected to report Q1 2026 results on October 17, 2025."
2025-08-19,28,"BHP Group Limited Reports Earnings Results for the Full Year Ended June 30, 2025"
2025-08-19,28,"BHP Group Limited Reports Earnings Results for the Full Year Ended June 30, 2025"
2025-08-19,28,"BHP Group Limited Reports Earnings Results for the Full Year Ended June 30, 2025"
2025-08-19,28,"BHP Group Limited Reports Earnings Results for the Full Year Ended June 30, 2025"
2025-08-19,48,"BHP Group Limited, 2025 Earnings Call, Aug 19, 2025"
2025-08-19,80,CoreX Holding B.V. entered into a binding agreement to acquire Carajás assets in Brazil from BHP Group Limited (ASX:BHP) for approximately $470 million.
2025-08-22,93,"BHP Group Limited has closed its Shelf Registration dated July 17, 2009 in the amount of $135.2 million."
2025-08-22,93,"BHP Group Limited has closed its Shelf Registration dated March 23, 2007 in the amount of $117.825 million."
2025-08-22,93,BHP Group Limited has filed a Shelf Registration in the amount of $272.5 million.
2025-08-22,93,"BHP Group Limited has closed its Shelf Registration dated September 20, 2018 in the amount of $946.4 million."
2025-08-29,87,BHP Billiton Finance Limited has completed a Fixed-Income Offering in the amount of €800 million.
2025-08-29,87,BHP Group Limited has completed a Fixed-Income Offering in the amount of €800 million.
2025-08-29,87,BHP Group Limited has announced a Fixed-Income Offering in the amount of €800 million.
2025-08-29,42,BHP Group Limited Prices EMTN Bond Offer with EUR 1.4 billion in Notes
2025-09-03,42,"BHP Group Limited Prices USD 1,500,000,000 of Senior Unsecured Bonds"
2025-09-09,25,BHP Group Limited Announces Settlement of Samarco AU Securities Class Action
2025-09-09,80,"Mitsui & Co., Ltd. (TSE:8031) signed a agreement to acquire 7% stake in Ministers North Iron Ore in Western Australia from BHP Group Limited (ASX:BHP)."
2025-09-09,65,BHP Reportedly Taps Pair of Banks to Explore Nickel Assets Sale
2025-09-09,80,"Mitsui & Co., Ltd. (TSE:8031) signed a agreement to acquire 7% stake in Ministers North Iron Ore in Western Australia from BHP Group Limited (ASX:BHP)."
2025-09-09,80,"Mitsui & Co., Ltd. (TSE:8031) signed a agreement to acquire 7% stake in Ministers North Iron Ore in Western Australia from BHP Group Limited (ASX:BHP)."
2025-09-09,80,"Mitsui & Co., Ltd. (TSE:8031) signed a agreement to acquire 7% stake in Ministers North Iron Ore in Western Australia from BHP Group Limited (ASX:BHP)."
2025-09-09,80,"Mitsui & Co., Ltd. (TSE:8031) signed a agreement to acquire 7% stake in Ministers North Iron Ore in Western Australia from BHP Group Limited (ASX:BHP)."
2025-09-09,80,"Mitsui & Co., Ltd. (TSE:8031) signed a agreement to acquire 7% stake in Ministers North Iron Ore in Western Australia from BHP Group Limited (ASX:BHP)."
2025-09-09,80,"Mitsui & Co., Ltd. (TSE:8031) signed a agreement to acquire 7% stake in Ministers North Iron Ore in Western Australia from BHP Group Limited (ASX:BHP)."
2025-09-09,80,"Mitsui & Co., Ltd. (TSE:8031) signed a agreement to acquire 7% stake in Ministers North Iron Ore in Western Australia from BHP Group Limited (ASX:BHP)."
2025-09-09,80,"Mitsui & Co., Ltd. (TSE:8031) signed a agreement to acquire 7% stake in Ministers North Iron Ore in Western Australia from BHP Group Limited (ASX:BHP)."
2025-09-09,80,ITOCHU Corporation (TSE:8001) signed a agreement to acquire 8% stake in Ministers North Iron Ore in Western Australia from BHP Group Limited (ASX:BHP).
2025-09-15,16,"Vicua Corp. Announces Appointment of Ron Hochstein as Chief Executive Officer, Effective November 7, 2025"
2025-09-15,50,BHP Group Limited - Shareholder/Analyst Call
2025-09-16,62,"BHP Group Limited, Annual General Meeting, Oct 23, 2025"
2025-09-25,149,"BMO Capital Markets Corp., 35th BMO Global Metals, Mining & Critical Minerals Conference, Feb 21, 2026 through Feb 25, 2026"
2025-10-03,80,Glencore plc (LSE:GLEN) agreed to acquire Nickel West and West Musgrave operations of BHP Group Limited from BHP Group Limited (ASX:BHP).
2025-10-11,144,"BHP Group Limited expected to report First-Half, 2026 results on February 17, 2026."
2025-10-13,83,"I-Pulse Inc. announced that it has received funding from Corporación Nacional del Cobre de Chile, Teck Resources Limited, BHP Group Limited, Newmont Corporation, Rio Tinto Group, Ivanhoe Mines Ltd."
2025-10-21,226,"BHP Group Limited Reports Production Results for the Quarter Ended September 30, 2025"
2025-10-21,29,BHP Group Limited Provides Production Guidance for the Fiscal Year 2026
2025-10-21,29,BHP Group Limited Provides Production Guidance for the Fiscal Year 2026
2025-10-21,29,BHP Group Limited Provides Production Guidance for the Fiscal Year 2026
2025-10-21,29,BHP Group Limited Provides Production Guidance for the Fiscal Year 2026
2025-11-05,149,"Ministry Of Industry And Mineral Resources, the Future  Minerals Forum FMF, Jan 13, 2026 through Jan 15, 2026"
2025-11-07,219,"BHP Group Limited to Report First Half, 2026 Operating Results on Jan 20, 2026"
2025-11-07,55,"BHP Group Limited to Report First Half, 2026 Results on Feb 17, 2026"
2025-11-07,55,"BHP Group Limited to Report First Half, 2026 Results on Feb 17, 2026"
2025-11-07,55,"BHP Group Limited to Report First Half, 2026 Results on Feb 17, 2026"
2025-11-07,55,"BHP Group Limited to Report First Half, 2026 Results on Feb 17, 2026"
2025-11-14,25,BHP Group Limited Provides Update on United Kingdom Group Action
2025-11-21,51,"BHP Group Limited Presents at The Future Minerals Forum FMF, Jan-13-2026"
2025-11-23,65,BHP Group Reportedly Made Renewed Bid Approach to Anglo American
2025-11-27,51,"BHP Group Limited Presents at 9th Conference of Paris, Dec-16-2025"
2025-11-27,51,"BHP Group Limited Presents at Mines and Money @ Resourcing Tomorrow, Dec-02-2025"
2025-11-27,149,"The International Economic Forum of the Americas, 9th Conference of Paris, Dec 16, 2025 through Dec 17, 2025"
2025-12-05,25,BHP Group Limited Settles Australian Samarco Shareholder Class Action for AUD 110 Million
2025-12-05,23,BHP and Rio Tinto Welcome First Caterpillar Battery-Electric Haul Trucks to the Pilbara
2025-12-19,16,BHP Appoints Callum Doherty as Partner to Lead International and Large Corporate Tax Services
2025-12-19,16,Bhp Group plc Appoints Callum Doherty as Partner to Lead International and Large Corporate Tax Services
2026-01-14,22,Rio Tinto and BHP Explore Collaboration to Mine Up to 200 Million Tonnes of Pilbara Iron Ore
2026-01-20,226,"BHP Group Limited Reports Production Results for the Second Quarter and Half Year Ended December 31, 2025"
2026-01-20,29,BHP Group Limited Updates Group Production Guidance for the Fiscal Year 2026
2026-01-20,41,BHP Group Limited Provides Update on Jansen Stage 1 Potash Project
2026-02-16,23,Wheaton Precious Metals Announces Acquisition of Additional Silver Stream on Antamina Through New Partnership with BHP Group Limited
2026-02-16,52,"Wheaton Precious Metals Corp., BHP Group Limited - M&A Call"
2026-02-16,226,"BHP Group Limited Reports Production Results for the Half Year Ended December 31, 2025"
2026-02-16,28,"BHP Group Limited Reports Earnings Results for the Half Year Ended December 31, 2025"
2026-02-17,48,"BHP Group Limited, H1 2026 Pre Recorded Earnings Call, Feb 17, 2026"
2026-02-17,29,Bhp Group Limited Provides Production Guidance for Financial Year 2027
2026-02-17,48,"BHP Group Limited, H1 2026 Earnings Call, Feb 17, 2026"
2026-02-20,80,"Faraday Copper Corp. (TSX:FDY) entered into a non-binding letter of intent to acquire San Manuel Property, located in Arizona, USA from BHP Group Limited (ASX:BHP)."
2026-02-20,80,"Faraday Copper Corp. (TSX:FDY) entered into a non-binding letter of intent to acquire San Manuel Property, located in Arizona, USA from BHP Group Limited (ASX:BHP)."
2026-02-24,51,"BHP Group Limited Presents at 35th BMO Global Metals, Mining & Critical Minerals Conference, Feb-24-2026 08:00 AM"
2026-03-12,65,South32 Ltd Reportedly Emerges as Contender for West Musgrave Copper-Nickel Project
2026-03-17,101,BHP Group Limited Announces Chief Executive Officer Changes
2026-03-17,16,BHP Group Limited Announces Board Changes
2026-04-02,23,Wheaton Precious Metals International Ltd Announces Closing of Silver Stream with A Wholly-Owned Subsidiary of BHP Group Limited
2026-04-02,23,"BHP Group Limited, through a wholly owned subsidiary, Completes Silver Streaming Agreement with Wheaton Precious Metals International Ltd"
