statpers,fpedats,meanest,numest
1977-12-15,1978-10-31,3.2,1.0
1977-12-15,1977-10-31,1.8,1.0
1978-01-19,1978-10-31,3.2,1.0
1978-02-16,1978-10-31,3.2,1.0
1978-03-16,1978-10-31,3.07,2.0
1978-03-16,1979-10-31,3.1,1.0
1978-04-20,1979-10-31,3.1,1.0
1978-04-20,1978-10-31,3.07,2.0
1978-05-18,1978-10-31,3.07,2.0
1978-05-18,1979-10-31,3.1,1.0
1978-06-15,1978-10-31,2.92,3.0
1978-06-15,1979-10-31,3.15,2.0
1978-07-20,1979-10-31,3.2,1.0
1978-07-20,1978-10-31,2.9,2.0
1978-08-17,1978-10-31,2.6,1.0
1978-08-17,1979-10-31,3.2,1.0
1978-09-14,1979-10-31,3.2,1.0
1978-09-14,1978-10-31,2.6,1.0
1978-10-19,1979-10-31,3.2,1.0
1978-10-19,1978-10-31,2.6,1.0
1978-11-16,1979-10-31,3.2,1.0
1978-11-16,1978-10-31,2.6,1.0
1978-12-15,1978-10-31,2.95,1.0
1978-12-15,1979-10-31,3.2,1.0
1979-01-18,1979-10-31,3.2,1.0
1979-02-15,1979-10-31,3.2,1.0
1979-03-15,1979-10-31,3.2,1.0
1979-04-19,1979-10-31,3.38,1.0
1979-05-17,1979-10-31,3.38,1.0
1979-06-14,1979-10-31,3.38,1.0
1979-07-19,1980-10-31,3.2,1.0
1979-07-19,1979-10-31,3.25,2.0
1979-08-16,1979-10-31,3.13,1.0
1979-08-16,1980-10-31,3.2,1.0
1979-09-20,1980-10-31,3.2,1.0
1979-09-20,1979-10-31,3.13,1.0
1979-10-18,1980-10-31,3.2,1.0
1979-10-18,1979-10-31,3.13,1.0
1979-11-15,1980-10-31,3.2,1.0
1979-11-15,1979-10-31,3.13,1.0
1979-12-20,1980-10-31,3.2,1.0
1979-12-20,1979-10-31,3.13,1.0
1980-01-17,1979-10-31,3.01,2.0
1980-01-17,1980-10-31,3.2,2.0
1980-02-14,1980-10-31,3.2,2.0
1980-02-14,1979-10-31,2.72,2.0
1980-03-20,1979-10-31,2.72,2.0
1980-03-20,1980-10-31,3.2,2.0
1980-04-17,1979-10-31,2.72,2.0
1980-04-17,1980-10-31,3.2,2.0
1980-05-15,1980-12-31,3.2,2.0
1980-06-19,1980-12-31,3.2,2.0
1980-06-19,1981-12-31,3.5,1.0
1980-07-17,1981-12-31,3.5,1.0
1980-07-17,1980-12-31,3.2,2.0
1980-08-14,1981-12-31,3.5,1.0
1980-08-14,1980-12-31,3.2,2.0
1980-09-18,1980-12-31,3.2,2.0
1980-09-18,1981-12-31,3.5,1.0
1980-10-17,1981-12-31,3.4,2.0
1980-10-17,1980-12-31,3.2,2.0
1980-11-20,1981-12-31,3.4,2.0
1980-11-20,1980-12-31,3.2,2.0
1980-12-18,1980-12-31,3.2,2.0
1980-12-18,1981-12-31,3.4,2.0
1981-01-15,1980-12-31,3.2,2.0
1981-01-15,1981-12-31,3.4,2.0
1981-02-19,1981-12-31,3.4,2.0
1981-03-19,1981-12-31,3.65,2.0
1981-04-16,1981-12-31,3.82,2.0
1981-04-16,1982-12-31,4.4,1.0
1981-05-14,1981-12-31,3.75,3.0
1981-05-14,1982-12-31,4.4,1.0
1981-06-18,1981-12-31,3.75,3.0
1981-06-18,1982-12-31,4.4,1.0
1981-07-16,1981-12-31,3.75,3.0
1981-07-16,1982-12-31,4.4,1.0
1981-08-20,1981-12-31,3.75,3.0
1981-08-20,1982-12-31,4.4,1.0
1981-09-17,1982-12-31,4.4,1.0
1981-09-17,1981-12-31,3.75,3.0
1981-10-15,1981-12-31,3.8,3.0
1981-10-15,1982-12-31,4.12,2.0
1981-11-19,1982-12-31,4.12,2.0
1981-11-19,1981-12-31,3.93,3.0
1981-12-17,1981-12-31,3.93,3.0
1981-12-17,1982-12-31,4.12,2.0
1982-01-14,1982-12-31,4.12,2.0
1982-01-14,1981-12-31,3.93,3.0
1982-02-18,1981-12-31,3.97,3.0
1982-02-18,1982-12-31,4.16,3.0
1982-03-18,1982-12-31,4.16,3.0
1982-04-15,1982-12-31,4.16,3.0
1982-05-20,1983-12-31,4.65,1.0
1982-05-20,1982-12-31,4.33,3.0
1982-06-17,1983-12-31,4.65,1.0
1982-06-17,1982-12-31,4.33,3.0
1982-06-17,,7.0,1.0
1982-07-15,,7.0,1.0
1982-07-15,1983-12-31,5.1,2.0
1982-07-15,1982-12-31,4.68,3.0
1982-08-19,1983-12-31,5.21,3.0
1982-08-19,,7.0,1.0
1982-08-19,1982-12-31,4.91,3.0
1982-09-16,,7.0,1.0
1982-09-16,1982-12-31,4.88,3.0
1982-09-16,1983-12-31,5.21,3.0
1982-10-14,1982-12-31,4.88,3.0
1982-10-14,,7.0,1.0
1982-10-14,1983-12-31,5.21,3.0
1982-11-18,,7.0,1.0
1982-11-18,1982-12-31,5.0,3.0
1982-11-18,1983-12-31,5.23,3.0
1982-12-16,1982-12-31,5.15,3.0
1982-12-16,1983-12-31,5.42,3.0
1982-12-16,,7.0,1.0
1983-01-20,,7.0,1.0
1983-01-20,1983-12-31,5.42,3.0
1983-01-20,1982-12-31,5.15,3.0
1983-02-17,1983-12-31,5.4,2.0
1983-02-17,,7.0,1.0
1983-03-17,1983-12-31,5.4,2.0
1983-03-17,,7.0,1.0
1983-04-14,,7.0,1.0
1983-04-14,1983-12-31,5.4,2.0
1983-05-19,,5.0,1.0
1983-05-19,1984-12-31,6.0,1.0
1983-05-19,1983-12-31,5.41,2.0
1983-06-16,,5.0,1.0
1983-06-16,1984-12-31,3.0,1.0
1983-06-16,1983-12-31,2.71,2.0
1983-07-14,1983-12-31,2.84,2.0
1983-07-14,1984-12-31,3.07,2.0
1983-07-14,,5.0,1.0
1983-08-18,,5.0,1.0
1983-08-18,1984-12-31,3.07,2.0
1983-08-18,1983-12-31,2.84,2.0
1983-09-15,,5.0,1.0
1983-09-15,1984-12-31,3.07,2.0
1983-09-15,1983-12-31,2.84,2.0
1983-10-20,1984-12-31,3.07,2.0
1983-10-20,,5.0,1.0
1983-10-20,1983-12-31,2.84,2.0
1983-11-17,1983-12-31,2.89,3.0
1983-11-17,,5.0,1.0
1983-11-17,1984-12-31,3.15,3.0
1983-12-15,1984-12-31,3.15,3.0
1983-12-15,,5.0,1.0
1983-12-15,1983-12-31,2.89,3.0
1984-01-19,1984-12-31,3.17,4.0
1984-01-19,1983-12-31,2.93,4.0
1984-01-19,,5.0,1.0
1984-02-16,1984-12-31,3.24,4.0
1984-02-16,1985-12-31,3.47,2.0
1984-02-16,,5.0,1.0
1984-03-15,1985-12-31,3.47,2.0
1984-03-15,,5.0,1.0
1984-03-15,1984-12-31,3.24,4.0
1984-04-19,1985-12-31,3.48,3.0
1984-04-19,1984-12-31,3.24,4.0
1984-04-19,,5.0,1.0
1984-05-17,1984-12-31,3.24,4.0
1984-05-17,,5.0,1.0
1984-05-17,1985-12-31,3.52,3.0
1984-06-14,,5.0,1.0
1984-06-14,1985-12-31,3.52,3.0
1984-06-14,1984-12-31,3.25,4.0
1984-07-19,1985-12-31,3.52,3.0
1984-07-19,1984-12-31,3.25,4.0
1984-07-19,,5.0,1.0
1984-08-16,,5.0,1.0
1984-08-16,1984-12-31,3.3,3.0
1984-08-16,1985-12-31,3.55,3.0
1984-09-20,1984-12-31,3.33,3.0
1984-09-20,,5.0,1.0
1984-09-20,1985-12-31,3.61,3.0
1984-10-18,1985-12-31,3.61,3.0
1984-10-18,,5.0,1.0
1984-10-18,1984-12-31,3.33,3.0
1984-11-15,,5.0,1.0
1984-11-15,1985-12-31,3.61,3.0
1984-11-15,1984-12-31,3.33,3.0
1984-12-20,1984-12-31,3.3,2.0
1984-12-20,1985-12-31,3.57,2.0
1984-12-20,,7.0,1.0
1985-01-17,1985-12-31,3.67,2.0
1985-01-17,1984-12-31,3.48,2.0
1985-01-17,,7.0,1.0
1985-02-14,,7.0,1.0
1985-02-14,1985-12-31,3.75,3.0
1985-03-14,,10.0,1.0
1985-03-14,1985-12-31,3.75,3.0
1985-04-18,1986-12-31,4.2,2.0
1985-04-18,1985-12-31,3.84,5.0
1985-04-18,,10.0,1.0
1985-05-16,1985-12-31,3.85,5.0
1985-05-16,1986-12-31,4.2,2.0
1985-05-16,,10.0,1.0
1985-06-20,1986-12-31,4.21,3.0
1985-06-20,1985-12-31,3.84,5.0
1985-06-20,,10.0,1.0
1985-07-18,1985-12-31,3.84,5.0
1985-07-18,,8.0,1.0
1985-07-18,1986-12-31,4.16,4.0
1985-08-15,1985-12-31,3.84,5.0
1985-08-15,,8.0,1.0
1985-08-15,1986-12-31,4.18,4.0
1985-09-19,1986-12-31,4.21,4.0
1985-09-19,,9.0,2.0
1985-09-19,1985-12-31,3.84,5.0
1985-10-17,,9.0,2.0
1985-10-17,1985-12-31,3.84,5.0
1985-10-17,1986-12-31,4.21,4.0
1985-11-14,,9.0,2.0
1985-11-14,1985-12-31,3.81,5.0
1985-11-14,1986-12-31,4.2,5.0
1985-12-19,1985-12-31,3.8,5.0
1985-12-19,1986-12-31,4.18,5.0
1985-12-19,,9.0,2.0
1986-01-16,1986-12-31,4.17,5.0
1986-01-16,,9.0,2.0
1986-01-16,1985-12-31,3.78,5.0
1986-02-20,,9.0,2.0
1986-02-20,1986-12-31,4.17,5.0
1986-03-20,,9.0,2.0
1986-03-20,1986-03-31,0.58,1.0
1986-03-20,1986-12-31,2.09,6.0
1986-04-17,1987-12-31,2.3,1.0
1986-04-17,1986-12-31,2.05,6.0
1986-04-17,,9.0,2.0
1986-04-17,1986-03-31,0.58,1.0
1986-05-15,,8.5,2.0
1986-05-15,1987-12-31,2.3,2.0
1986-05-15,1986-12-31,2.04,6.0
1986-06-19,,8.5,2.0
1986-06-19,1986-06-30,0.48,1.0
1986-06-19,1986-12-31,2.03,6.0
1986-06-19,1987-12-31,2.23,5.0
1986-07-17,1986-12-31,2.02,6.0
1986-07-17,1987-12-31,2.22,6.0
1986-07-17,1986-06-30,0.51,2.0
1986-07-17,,8.0,2.0
1986-08-14,1986-12-31,2.02,6.0
1986-08-14,,8.0,2.0
1986-08-14,1987-12-31,2.22,6.0
1986-09-18,1987-12-31,2.18,5.0
1986-09-18,,8.0,2.0
1986-09-18,1986-12-31,2.01,5.0
1986-09-18,1986-09-30,0.52,1.0
1986-10-16,1986-09-30,0.52,1.0
1986-10-16,1986-12-31,1.95,5.0
1986-10-16,,8.0,2.0
1986-10-16,1987-12-31,2.13,5.0
1986-11-20,1986-12-31,1.92,6.0
1986-11-20,,8.0,2.0
1986-11-20,1987-12-31,2.2,6.0
1986-12-18,,8.0,2.0
1986-12-18,1986-12-31,1.79,6.0
1986-12-18,1987-12-31,2.04,6.0
1987-01-15,1987-12-31,2.09,7.0
1987-01-15,,8.0,2.0
1987-01-15,1986-12-31,1.81,7.0
1987-02-19,,8.0,2.0
1987-02-19,1987-12-31,1.92,6.0
1987-03-19,1988-12-31,2.05,1.0
1987-03-19,,8.0,2.0
1987-03-19,1987-12-31,1.84,6.0
1987-04-16,,8.0,2.0
1987-04-16,1987-12-31,1.89,6.0
1987-04-16,1988-12-31,1.98,2.0
1987-05-14,1988-12-31,1.98,2.0
1987-05-14,,8.0,2.0
1987-05-14,1987-12-31,1.89,6.0
1987-06-18,1988-12-31,2.36,2.0
1987-06-18,1987-12-31,2.22,4.0
1987-06-18,,9.5,2.0
1987-07-16,,9.4,2.0
1987-07-16,1987-12-31,2.2,3.0
1987-07-16,1988-12-31,2.39,2.0
1987-08-20,,9.4,2.0
1987-08-20,1987-12-31,1.98,3.0
1987-08-20,1988-12-31,2.24,3.0
1987-09-17,1988-12-31,2.24,3.0
1987-09-17,,9.4,2.0
1987-09-17,1987-12-31,1.98,3.0
1987-10-15,1988-12-31,2.17,5.0
1987-10-15,1987-12-31,1.91,5.0
1987-10-15,,8.93,3.0
1987-11-19,,8.93,3.0
1987-11-19,1987-12-31,1.97,5.0
1987-11-19,1988-12-31,2.19,5.0
1987-12-17,1988-12-31,2.19,5.0
1987-12-17,1987-12-31,1.97,5.0
1987-12-17,,8.93,3.0
1988-01-14,1988-12-31,2.19,5.0
1988-01-14,,8.93,3.0
1988-01-14,1987-12-31,1.97,5.0
1988-02-18,,8.4,2.0
1988-02-18,1988-12-31,2.28,4.0
1988-03-17,,8.4,2.0
1988-03-17,1988-12-31,2.36,4.0
1988-04-14,1989-12-31,2.5,1.0
1988-04-14,1988-12-31,2.36,4.0
1988-04-14,,7.2,2.0
1988-05-19,1989-12-31,2.5,4.0
1988-05-19,,5.7,2.0
1988-05-19,1988-12-31,2.36,5.0
1988-06-16,1988-12-31,2.38,5.0
1988-06-16,,5.7,2.0
1988-06-16,1989-12-31,2.52,5.0
1988-07-14,1989-12-31,2.53,6.0
1988-07-14,1988-12-31,2.38,6.0
1988-07-14,,5.7,2.0
1988-08-18,1989-12-31,2.53,6.0
1988-08-18,1988-12-31,2.38,6.0
1988-08-18,,5.7,2.0
1988-09-15,1989-12-31,2.54,7.0
1988-09-15,,5.7,2.0
1988-09-15,1988-12-31,2.39,7.0
1988-10-20,1989-12-31,2.54,7.0
1988-10-20,1988-12-31,2.39,7.0
1988-10-20,,5.7,2.0
1988-11-17,1989-12-31,2.54,7.0
1988-11-17,1988-12-31,2.39,7.0
1988-11-17,,5.7,2.0
1988-12-15,,5.7,2.0
1988-12-15,1989-12-31,2.53,7.0
1988-12-15,1988-12-31,2.37,7.0
1989-01-19,,5.7,2.0
1989-01-19,1989-12-31,2.53,7.0
1989-01-19,1988-12-31,2.37,7.0
1989-02-16,1988-12-31,2.36,6.0
1989-02-16,,6.2,2.0
1989-02-16,1989-12-31,2.52,6.0
1989-03-16,1989-12-31,2.52,8.0
1989-03-16,,5.65,2.0
1989-04-20,1990-12-31,2.7,2.0
1989-04-20,1989-12-31,2.54,7.0
1989-04-20,,4.55,2.0
1989-05-18,,4.55,2.0
1989-05-18,1989-12-31,2.54,7.0
1989-05-18,1990-12-31,2.65,4.0
1989-06-15,1990-12-31,2.66,6.0
1989-06-15,,4.55,2.0
1989-06-15,1989-12-31,2.54,8.0
1989-07-20,1989-12-31,2.54,8.0
1989-07-20,,4.55,2.0
1989-07-20,1990-12-31,2.66,6.0
1989-08-17,1989-12-31,2.55,8.0
1989-08-17,,4.55,2.0
1989-08-17,1990-12-31,2.71,7.0
1989-09-14,,4.55,2.0
1989-09-14,1989-12-31,2.5,8.0
1989-09-14,1990-12-31,2.69,7.0
1989-10-19,,3.55,2.0
1989-10-19,1990-12-31,2.64,7.0
1989-10-19,1989-12-31,2.47,7.0
1989-11-16,1989-12-31,2.45,7.0
1989-11-16,1990-12-31,2.64,7.0
1989-11-16,,3.55,2.0
1989-12-14,,3.55,2.0
1989-12-14,1990-12-31,2.66,6.0
1989-12-14,1989-12-31,2.46,6.0
1990-01-18,,6.57,3.0
1990-01-18,1990-12-31,2.62,7.0
1990-01-18,1989-12-31,2.44,7.0
1990-02-15,1990-12-31,2.61,7.0
1990-02-15,1991-12-31,2.52,1.0
1990-02-15,1989-12-31,2.44,7.0
1990-02-15,,6.57,3.0
1990-03-15,,6.57,3.0
1990-03-15,1990-12-31,2.65,7.0
1990-04-19,1990-12-31,2.64,7.0
1990-04-19,1991-12-31,2.68,2.0
1990-04-19,,7.2,3.0
1990-05-17,,5.33,3.0
1990-05-17,1991-12-31,2.61,3.0
1990-05-17,1990-12-31,2.61,7.0
1990-06-14,1990-12-31,2.62,7.0
1990-06-14,,5.27,3.0
1990-06-14,1991-12-31,2.65,4.0
1990-07-19,1990-12-31,2.59,7.0
1990-07-19,1991-12-31,2.61,4.0
1990-07-19,,4.93,3.0
1990-08-16,1990-12-31,2.54,6.0
1990-08-16,,4.93,3.0
1990-08-16,1991-12-31,2.61,4.0
1990-09-20,,4.93,3.0
1990-09-20,1991-12-31,2.56,3.0
1990-09-20,1990-12-31,2.5,5.0
1990-10-18,1990-12-31,2.51,6.0
1990-10-18,,4.93,3.0
1990-10-18,1991-12-31,2.56,5.0
1990-11-15,,4.93,3.0
1990-11-15,1991-12-31,2.56,5.0
1990-11-15,1990-12-31,2.51,6.0
1990-12-20,1991-12-31,2.53,7.0
1990-12-20,,4.93,3.0
1990-12-20,1990-12-31,2.49,7.0
1991-01-17,,4.27,3.0
1991-01-17,1990-12-31,2.49,7.0
1991-01-17,1991-12-31,2.52,7.0
1991-02-14,1991-12-31,2.52,7.0
1991-02-14,,4.27,3.0
1991-03-14,,4.27,3.0
1991-03-14,1991-12-31,2.52,7.0
1991-04-18,,4.6,3.0
1991-04-18,1991-12-31,2.54,7.0
1991-04-18,1992-12-31,2.6,1.0
1991-05-16,,4.6,3.0
1991-05-16,1992-12-31,2.6,2.0
1991-05-16,1991-12-31,2.53,7.0
1991-06-20,1992-12-31,2.56,4.0
1991-06-20,1991-12-31,2.51,7.0
1991-06-20,,4.8,3.0
1991-07-18,1991-12-31,2.5,7.0
1991-07-18,1992-12-31,2.56,5.0
1991-07-18,,4.8,3.0
1991-08-15,1992-12-31,2.56,5.0
1991-08-15,,4.8,3.0
1991-08-15,1991-12-31,2.5,7.0
1991-09-19,1991-12-31,2.48,7.0
1991-09-19,,4.8,3.0
1991-09-19,1992-12-31,2.53,6.0
1991-10-17,1992-12-31,2.51,6.0
1991-10-17,,5.0,3.0
1991-10-17,1991-12-31,2.46,7.0
1991-11-14,1992-12-31,2.51,6.0
1991-11-14,,5.0,3.0
1991-11-14,1991-12-31,2.46,7.0
1991-12-19,1991-12-31,2.46,7.0
1991-12-19,,5.0,3.0
1991-12-19,1992-12-31,2.51,6.0
1992-01-16,1995-12-31,2.65,1.0
1992-01-16,1994-12-31,2.6,1.0
1992-01-16,1991-12-31,2.46,7.0
1992-01-16,1992-12-31,2.49,6.0
1992-01-16,1993-12-31,2.5,1.0
1992-01-16,,5.0,3.0
1992-02-20,,4.0,3.0
1992-02-20,1992-12-31,2.47,7.0
1992-02-20,1993-12-31,2.61,3.0
1992-02-20,1994-12-31,2.6,1.0
1992-02-20,1995-12-31,2.65,1.0
1992-03-19,1995-12-31,1.77,1.0
1992-03-19,1994-12-31,1.73,1.0
1992-03-19,,4.0,3.0
1992-03-19,1993-12-31,1.74,3.0
1992-03-19,1992-12-31,1.65,7.0
1992-04-16,,4.0,3.0
1992-04-16,1992-12-31,1.65,7.0
1992-04-16,1995-12-31,1.75,1.0
1992-04-16,1993-12-31,1.73,3.0
1992-04-16,1994-12-31,1.7,1.0
1992-04-16,1996-12-31,1.8,1.0
1992-05-14,1992-12-31,1.65,7.0
1992-05-14,1993-12-31,1.74,4.0
1992-05-14,1996-12-31,1.8,1.0
1992-05-14,1995-12-31,1.75,1.0
1992-05-14,1994-12-31,1.7,1.0
1992-05-14,,4.33,3.0
1992-06-18,,4.33,3.0
1992-06-18,1993-12-31,1.74,4.0
1992-06-18,1995-12-31,1.75,1.0
1992-06-18,1992-12-31,1.64,7.0
1992-06-18,1994-12-31,1.7,1.0
1992-06-18,1996-12-31,1.8,1.0
1992-07-16,1995-12-31,1.75,1.0
1992-07-16,1993-12-31,1.71,4.0
1992-07-16,1996-12-31,1.8,1.0
1992-07-16,,4.33,3.0
1992-07-16,1994-12-31,1.7,1.0
1992-07-16,1992-12-31,1.64,6.0
1992-08-20,1996-12-31,1.8,1.0
1992-08-20,1992-12-31,1.64,7.0
1992-08-20,1994-12-31,1.7,1.0
1992-08-20,1995-12-31,1.75,1.0
1992-08-20,,4.33,3.0
1992-08-20,1993-12-31,1.71,5.0
1992-09-17,,4.33,3.0
1992-09-17,1994-12-31,1.7,1.0
1992-09-17,1993-12-31,1.7,7.0
1992-09-17,1992-12-31,1.66,7.0
1992-09-17,1995-12-31,1.75,1.0
1992-09-17,1996-12-31,1.8,1.0
1992-10-15,1993-12-31,1.7,7.0
1992-10-15,1992-12-31,1.66,7.0
1992-10-15,1994-12-31,1.7,1.0
1992-10-15,,4.33,3.0
1992-10-15,1995-12-31,1.75,1.0
1992-10-15,1996-12-31,1.8,1.0
1992-11-19,1995-12-31,1.75,1.0
1992-11-19,1994-12-31,1.7,1.0
1992-11-19,1996-12-31,1.8,1.0
1992-11-19,1993-12-31,1.68,7.0
1992-11-19,1992-12-31,1.66,7.0
1992-11-19,,4.0,3.0
1992-12-17,1993-12-31,1.68,7.0
1992-12-17,1992-12-31,1.66,7.0
1992-12-17,1994-12-31,1.7,1.0
1992-12-17,,4.0,3.0
1992-12-17,1995-12-31,1.75,1.0
1992-12-17,1996-12-31,1.8,1.0
1993-01-14,1996-12-31,1.8,1.0
1993-01-14,1994-12-31,1.7,1.0
1993-01-14,1995-12-31,1.75,1.0
1993-01-14,1993-12-31,1.66,7.0
1993-01-14,1992-12-31,1.67,7.0
1993-01-14,,4.0,3.0
1993-02-18,1995-12-31,1.75,1.0
1993-02-18,1994-12-31,1.7,1.0
1993-02-18,1993-12-31,1.66,7.0
1993-02-18,1996-12-31,1.8,1.0
1993-02-18,,4.0,3.0
1993-03-18,1993-12-31,1.68,7.0
1993-03-18,1994-12-31,1.8,2.0
1993-03-18,1995-12-31,1.75,1.0
1993-03-18,,4.0,3.0
1993-03-18,1996-12-31,1.8,1.0
1993-04-15,1997-12-31,1.85,1.0
1993-04-15,,4.0,3.0
1993-04-15,1996-12-31,1.8,1.0
1993-04-15,1995-12-31,1.75,1.0
1993-04-15,1994-12-31,1.8,3.0
1993-04-15,1993-12-31,1.69,8.0
1993-05-20,1994-12-31,1.76,4.0
1993-05-20,1996-12-31,1.8,1.0
1993-05-20,1993-12-31,1.69,8.0
1993-05-20,1997-12-31,1.85,1.0
1993-05-20,1995-12-31,1.75,1.0
1993-05-20,,4.17,3.0
1993-06-17,,4.17,3.0
1993-06-17,1995-12-31,1.75,1.0
1993-06-17,1994-12-31,1.74,4.0
1993-06-17,1996-12-31,1.8,1.0
1993-06-17,1993-12-31,1.68,8.0
1993-06-17,1997-12-31,1.85,1.0
1993-07-15,1997-12-31,1.85,1.0
1993-07-15,1996-12-31,1.8,1.0
1993-07-15,1994-12-31,1.73,5.0
1993-07-15,1995-12-31,1.75,1.0
1993-07-15,,4.23,3.0
1993-07-15,1993-12-31,1.69,8.0
1993-08-19,1993-12-31,1.68,7.0
1993-08-19,1997-12-31,1.85,1.0
1993-08-19,1994-12-31,1.72,5.0
1993-08-19,1996-12-31,1.8,1.0
1993-08-19,,4.23,3.0
1993-08-19,1995-12-31,1.75,1.0
1993-09-16,1993-12-31,1.68,7.0
1993-09-16,1994-12-31,1.7,6.0
1993-09-16,1995-12-31,1.75,1.0
1993-09-16,1996-12-31,1.8,1.0
1993-09-16,,4.23,3.0
1993-09-16,1997-12-31,1.85,1.0
1993-10-14,1995-12-31,1.75,1.0
1993-10-14,,4.5,2.0
1993-10-14,1996-12-31,1.8,1.0
1993-10-14,1997-12-31,1.85,1.0
1993-10-14,1993-12-31,1.68,6.0
1993-10-14,1994-12-31,1.71,5.0
1993-11-18,1996-12-31,1.8,1.0
1993-11-18,1995-12-31,1.75,1.0
1993-11-18,,4.23,3.0
1993-11-18,1994-12-31,1.7,6.0
1993-11-18,1993-12-31,1.68,7.0
1993-11-18,1997-12-31,1.85,1.0
1993-12-16,1996-12-31,1.8,1.0
1993-12-16,1995-12-31,1.75,1.0
1993-12-16,,4.23,3.0
1993-12-16,1993-12-31,1.68,7.0
1993-12-16,1994-12-31,1.7,6.0
1993-12-16,1997-12-31,1.85,1.0
1994-01-20,1997-12-31,1.85,1.0
1994-01-20,,4.23,3.0
1994-01-20,1994-12-31,1.7,6.0
1994-01-20,1996-12-31,1.8,1.0
1994-01-20,1995-12-31,1.75,1.0
1994-01-20,1993-12-31,1.68,7.0
1994-02-17,1997-12-31,1.85,1.0
1994-02-17,,4.67,4.0
1994-02-17,1996-12-31,1.77,2.0
1994-02-17,1995-12-31,1.75,2.0
1994-02-17,1994-12-31,1.68,8.0
1994-03-17,1994-12-31,1.67,8.0
1994-03-17,1997-12-31,1.85,1.0
1994-03-17,1995-12-31,1.75,2.0
1994-03-17,,4.67,4.0
1994-03-17,1996-12-31,1.77,2.0
1994-04-14,1994-12-31,1.65,8.0
1994-04-14,1996-12-31,1.77,2.0
1994-04-14,1997-12-31,1.85,1.0
1994-04-14,,3.9,3.0
1994-04-14,1998-12-31,1.9,1.0
1994-04-14,1995-12-31,1.73,4.0
1994-05-19,1996-12-31,1.77,2.0
1994-05-19,1995-12-31,1.74,5.0
1994-05-19,1998-12-31,1.9,1.0
1994-05-19,1997-12-31,1.85,1.0
1994-05-19,1994-12-31,1.65,8.0
1994-05-19,,3.9,3.0
1994-06-16,1998-12-31,1.9,1.0
1994-06-16,,3.9,3.0
1994-06-16,1997-12-31,1.85,1.0
1994-06-16,1995-12-31,1.73,6.0
1994-06-16,1994-12-31,1.64,9.0
1994-06-16,1996-12-31,1.77,2.0
1994-07-14,1998-12-31,1.9,1.0
1994-07-14,1995-12-31,1.7,6.0
1994-07-14,,4.85,2.0
1994-07-14,1997-12-31,1.85,1.0
1994-07-14,1996-12-31,1.77,2.0
1994-07-14,1994-12-31,1.64,8.0
1994-08-18,1996-12-31,1.8,1.0
1994-08-18,1997-12-31,1.85,1.0
1994-08-18,1995-12-31,1.68,8.0
1994-08-18,,5.35,2.0
1994-08-18,1998-12-31,1.9,1.0
1994-08-18,1994-12-31,1.61,8.0
1994-09-15,1998-12-31,1.9,1.0
1994-09-15,1994-12-31,1.6,8.0
1994-09-15,,3.07,3.0
1994-09-15,1997-12-31,1.85,1.0
1994-09-15,1995-12-31,1.67,8.0
1994-09-15,1996-12-31,1.8,1.0
1994-10-20,1995-12-31,1.66,8.0
1994-10-20,,3.07,3.0
1994-10-20,1998-12-31,1.9,1.0
1994-10-20,1997-12-31,1.85,1.0
1994-10-20,1994-12-31,1.6,8.0
1994-10-20,1996-12-31,1.8,1.0
1994-11-17,1998-12-31,1.9,1.0
1994-11-17,1996-12-31,1.8,1.0
1994-11-17,1994-12-31,1.61,8.0
1994-11-17,1995-12-31,1.66,8.0
1994-11-17,,3.07,3.0
1994-11-17,1997-12-31,1.85,1.0
1994-12-15,1994-12-31,1.61,8.0
1994-12-15,1998-12-31,1.9,1.0
1994-12-15,1997-12-31,1.85,1.0
1994-12-15,1996-12-31,1.8,1.0
1994-12-15,1995-12-31,1.66,8.0
1994-12-15,,3.3,4.0
1995-01-19,1998-12-31,1.9,1.0
1995-01-19,1996-12-31,1.8,1.0
1995-01-19,1994-12-31,1.61,8.0
1995-01-19,,3.3,4.0
1995-01-19,1997-12-31,1.85,1.0
1995-01-19,1995-12-31,1.66,8.0
1995-02-16,1998-12-31,1.9,1.0
1995-02-16,1997-12-31,1.85,1.0
1995-02-16,,3.3,4.0
1995-02-16,1995-12-31,1.67,8.0
1995-02-16,1996-12-31,1.75,3.0
1995-03-16,,3.44,5.0
1995-03-16,1995-09-30,0.49,1.0
1995-03-16,1995-06-30,0.33,1.0
1995-03-16,1997-12-31,1.85,1.0
1995-03-16,1995-03-31,0.43,1.0
1995-03-16,1995-12-31,0.47,1.0
1995-03-16,1995-12-31,1.68,9.0
1995-03-16,1998-12-31,1.9,1.0
1995-03-16,1996-12-31,1.77,3.0
1995-04-20,1995-12-31,1.68,8.0
1995-04-20,1998-12-31,1.9,1.0
1995-04-20,,3.3,4.0
1995-04-20,1996-12-31,1.77,3.0
1995-04-20,1997-12-31,1.85,1.0
1995-05-18,1995-12-31,1.68,8.0
1995-05-18,1997-12-31,1.85,1.0
1995-05-18,,3.3,4.0
1995-05-18,1996-12-31,1.75,4.0
1995-05-18,1998-12-31,1.9,1.0
1995-06-15,1995-12-31,1.68,8.0
1995-06-15,1997-12-31,1.85,1.0
1995-06-15,1998-12-31,1.9,1.0
1995-06-15,,3.3,4.0
1995-06-15,1996-12-31,1.76,5.0
1995-07-20,1995-12-31,1.69,8.0
1995-07-20,1996-12-31,1.75,6.0
1995-07-20,1997-12-31,1.87,2.0
1995-07-20,1998-12-31,1.9,1.0
1995-07-20,,3.3,4.0
1995-08-17,1995-12-31,1.7,8.0
1995-08-17,1997-12-31,1.9,2.0
1995-08-17,,3.52,4.0
1995-08-17,1998-12-31,1.9,1.0
1995-08-17,1996-12-31,1.76,6.0
1995-09-14,1995-12-31,1.69,8.0
1995-09-14,1996-12-31,1.76,7.0
1995-09-14,,3.52,4.0
1995-09-14,1998-12-31,1.9,1.0
1995-09-14,1997-12-31,1.9,2.0
1995-10-19,1998-12-31,2.0,1.0
1995-10-19,1996-12-31,1.78,7.0
1995-10-19,1999-12-31,2.05,1.0
1995-10-19,1997-12-31,1.93,2.0
1995-10-19,,3.77,4.0
1995-10-19,1995-12-31,1.7,8.0
1995-11-16,1998-12-31,2.0,1.0
1995-11-16,1996-12-31,1.79,7.0
1995-11-16,,3.77,4.0
1995-11-16,1999-12-31,2.05,1.0
1995-11-16,1995-12-31,1.7,8.0
1995-11-16,1997-12-31,1.93,2.0
1995-12-14,1998-12-31,2.0,1.0
1995-12-14,1999-12-31,2.05,1.0
1995-12-14,1997-12-31,1.93,2.0
1995-12-14,1995-12-31,1.71,9.0
1995-12-14,1996-12-31,1.79,8.0
1995-12-14,1995-12-31,0.47,1.0
1995-12-14,,3.85,4.0
1996-01-18,1999-12-31,2.05,1.0
1996-01-18,,4.1,4.0
1996-01-18,1996-12-31,1.81,8.0
1996-01-18,1995-12-31,0.47,1.0
1996-01-18,1995-12-31,1.73,9.0
1996-01-18,1998-12-31,2.0,1.0
1996-01-18,1997-12-31,1.93,2.0
1996-02-15,1998-12-31,2.0,1.0
1996-02-15,1997-12-31,1.93,2.0
1996-02-15,1999-12-31,2.05,1.0
1996-02-15,,4.1,4.0
1996-02-15,1996-12-31,1.81,8.0
1996-03-14,1996-12-31,1.81,8.0
1996-03-14,,4.02,5.0
1996-03-14,1996-09-30,0.49,1.0
1996-03-14,1996-06-30,0.4,1.0
1996-03-14,1996-03-31,0.44,1.0
1996-03-14,1998-12-31,2.0,1.0
1996-03-14,1999-12-31,2.05,1.0
1996-03-14,1996-12-31,0.5,1.0
1996-03-14,1997-12-31,1.93,3.0
1996-04-18,1996-12-31,0.5,1.0
1996-04-18,1996-09-30,0.49,1.0
1996-04-18,1996-12-31,1.82,7.0
1996-04-18,1999-12-31,2.05,1.0
1996-04-18,1998-12-31,2.0,1.0
1996-04-18,1996-03-31,0.44,1.0
1996-04-18,1996-06-30,0.4,1.0
1996-04-18,,4.0,4.0
1996-04-18,1997-12-31,1.91,5.0
1996-05-16,1997-12-31,1.93,4.0
1996-05-16,1996-06-30,0.4,1.0
1996-05-16,1996-12-31,0.5,1.0
1996-05-16,,4.33,3.0
1996-05-16,1996-12-31,1.85,6.0
1996-05-16,1996-09-30,0.49,1.0
1996-06-20,,4.33,3.0
1996-06-20,1997-12-31,1.92,5.0
1996-06-20,1996-06-30,0.4,1.0
1996-06-20,1996-09-30,0.49,1.0
1996-06-20,1996-12-31,1.86,6.0
1996-06-20,1996-12-31,0.5,1.0
1996-07-18,1997-12-31,1.92,5.0
1996-07-18,1996-09-30,0.49,1.0
1996-07-18,1996-12-31,0.5,1.0
1996-07-18,1996-06-30,0.4,1.0
1996-07-18,,4.33,3.0
1996-07-18,1996-12-31,1.86,6.0
1996-08-15,1996-09-30,0.49,1.0
1996-08-15,,4.33,3.0
1996-08-15,1996-12-31,1.86,6.0
1996-08-15,1996-12-31,0.5,1.0
1996-08-15,1997-12-31,1.9,6.0
1996-09-19,1997-12-31,1.94,7.0
1996-09-19,1996-12-31,0.5,1.0
1996-09-19,1996-09-30,0.49,1.0
1996-09-19,1996-12-31,1.88,7.0
1996-09-19,,4.5,4.0
1996-10-17,,4.5,4.0
1996-10-17,1997-12-31,1.94,7.0
1996-10-17,1996-12-31,0.5,1.0
1996-10-17,1996-12-31,1.89,7.0
1996-10-17,1996-09-30,0.49,1.0
1996-11-14,1997-12-31,1.99,7.0
1996-11-14,1996-12-31,1.92,7.0
1996-11-14,,4.5,4.0
1996-11-14,1996-12-31,0.5,1.0
1996-12-19,1998-12-31,2.15,1.0
1996-12-19,1997-12-31,2.01,6.0
1996-12-19,,4.33,3.0
1996-12-19,1996-12-31,1.93,6.0
1997-01-16,1998-12-31,2.15,1.0
1997-01-16,1997-12-31,2.02,6.0
1997-01-16,1996-12-31,1.94,6.0
1997-01-16,,4.33,3.0
1997-02-20,1997-12-31,2.08,6.0
1997-02-20,,4.33,3.0
1997-02-20,1998-12-31,2.25,1.0
1997-03-20,,4.25,4.0
1997-03-20,1997-12-31,2.09,7.0
1997-03-20,1998-12-31,2.25,1.0
1997-04-17,1997-12-31,2.11,7.0
1997-04-17,,4.5,4.0
1997-04-17,1998-12-31,2.25,1.0
1997-05-15,,4.5,4.0
1997-05-15,1997-12-31,2.12,7.0
1997-05-15,1998-12-31,2.3,2.0
1997-06-19,1998-12-31,2.3,1.0
1997-06-19,1997-12-31,2.09,5.0
1997-06-19,,4.67,3.0
1997-07-17,1997-12-31,2.14,5.0
1997-07-17,1998-12-31,2.27,3.0
1997-07-17,,4.67,3.0
1997-08-14,1997-12-31,2.14,5.0
1997-08-14,1998-12-31,2.29,4.0
1997-08-14,,4.67,3.0
1997-09-18,1997-12-31,2.19,5.0
1997-09-18,1998-12-31,2.29,5.0
1997-09-18,,4.67,3.0
1997-10-16,1997-12-31,2.2,5.0
1997-10-16,1998-12-31,2.28,5.0
1997-10-16,,4.67,3.0
1997-11-20,1997-12-31,0.6,1.0
1997-11-20,1997-12-31,2.22,5.0
1997-11-20,,4.67,3.0
1997-11-20,1998-09-30,0.62,1.0
1997-11-20,1998-06-30,0.49,1.0
1997-11-20,1998-03-31,0.63,1.0
1997-11-20,1998-12-31,2.31,5.0
1997-12-18,1998-03-31,0.63,1.0
1997-12-18,,4.67,3.0
1997-12-18,1997-12-31,0.6,1.0
1997-12-18,1998-12-31,2.31,5.0
1997-12-18,1998-06-30,0.49,1.0
1997-12-18,1998-09-30,0.62,1.0
1997-12-18,1997-12-31,2.22,5.0
1998-01-15,1997-12-31,0.6,1.0
1998-01-15,1998-09-30,0.62,1.0
1998-01-15,1998-03-31,0.63,1.0
1998-01-15,1998-06-30,0.49,1.0
1998-01-15,1997-12-31,2.22,4.0
1998-01-15,1998-12-31,2.32,4.0
1998-01-15,,4.0,2.0
1998-02-19,1999-12-31,2.4,2.0
1998-02-19,,4.0,1.0
1998-02-19,1998-12-31,2.32,3.0
1998-02-19,1998-12-31,0.62,1.0
1998-02-19,1998-06-30,0.49,1.0
1998-02-19,1998-03-31,0.63,1.0
1998-02-19,1998-09-30,0.62,1.0
1998-03-19,,4.0,1.0
1998-03-19,1998-03-31,0.39,1.0
1998-03-19,1998-06-30,0.32,1.0
1998-03-19,1998-09-30,0.41,1.0
1998-03-19,1999-12-31,1.6,3.0
1998-03-19,1998-12-31,1.54,3.0
1998-03-19,1998-12-31,0.41,1.0
1998-04-16,1998-09-30,0.41,1.0
1998-04-16,1998-12-31,1.54,3.0
1998-04-16,1998-12-31,0.41,1.0
1998-04-16,1998-06-30,0.32,1.0
1998-04-16,1999-12-31,1.61,3.0
1998-04-16,1998-03-31,0.39,1.0
1998-04-16,,4.0,1.0
1998-05-14,1999-12-31,1.61,3.0
1998-05-14,1998-12-31,1.54,3.0
1998-05-14,1998-09-30,0.41,1.0
1998-05-14,1998-12-31,0.41,1.0
1998-05-14,1998-06-30,0.32,1.0
1998-05-14,,4.0,1.0
1998-06-18,1998-12-31,1.54,3.0
1998-06-18,1998-12-31,0.41,1.0
1998-06-18,,4.0,1.0
1998-06-18,1999-12-31,1.61,3.0
1998-06-18,1998-06-30,0.32,1.0
1998-06-18,1998-09-30,0.41,1.0
1998-07-16,1998-09-30,0.41,1.0
1998-07-16,1999-12-31,1.61,3.0
1998-07-16,1998-12-31,0.41,1.0
1998-07-16,,4.0,1.0
1998-07-16,1998-12-31,1.54,3.0
1998-07-16,1998-06-30,0.32,1.0
1998-08-20,1998-12-31,1.55,3.0
1998-08-20,1998-12-31,0.41,1.0
1998-08-20,1998-09-30,0.41,1.0
1998-08-20,1999-12-31,1.61,3.0
1998-08-20,,4.0,1.0
1998-09-17,1998-12-31,0.41,1.0
1998-09-17,1998-12-31,1.55,3.0
1998-09-17,1998-09-30,0.41,1.0
1998-09-17,,6.65,2.0
1998-09-17,1999-12-31,1.55,4.0
1998-10-15,,6.65,2.0
1998-10-15,1999-12-31,1.55,4.0
1998-10-15,1998-09-30,0.41,1.0
1998-10-15,1998-12-31,1.55,3.0
1998-10-15,1998-12-31,0.41,1.0
1998-11-19,,6.65,2.0
1998-11-19,1999-06-30,0.34,1.0
1998-11-19,1998-12-31,0.41,1.0
1998-11-19,1998-12-31,1.55,3.0
1998-11-19,1999-09-30,0.43,1.0
1998-11-19,1999-12-31,1.55,4.0
1998-11-19,1999-03-31,0.4,1.0
1998-12-17,1998-12-31,0.41,1.0
1998-12-17,1999-12-31,1.55,4.0
1998-12-17,1999-03-31,0.4,1.0
1998-12-17,,6.65,2.0
1998-12-17,1999-06-30,0.34,1.0
1998-12-17,1998-12-31,1.55,3.0
1998-12-17,1999-09-30,0.43,1.0
1999-01-14,1998-12-31,0.41,1.0
1999-01-14,1998-12-31,1.55,3.0
1999-01-14,1999-12-31,1.55,4.0
1999-01-14,1999-03-31,0.4,1.0
1999-01-14,,6.65,2.0
1999-01-14,1999-09-30,0.43,1.0
1999-01-14,1999-06-30,0.34,1.0
1999-02-18,1999-12-31,0.43,1.0
1999-02-18,1999-09-30,0.43,1.0
1999-02-18,1999-12-31,1.61,3.0
1999-02-18,,4.0,1.0
1999-02-18,1999-06-30,0.34,1.0
1999-02-18,1999-03-31,0.4,1.0
1999-03-18,1999-03-31,0.4,1.0
1999-03-18,1999-06-30,0.34,1.0
1999-03-18,1999-09-30,0.43,1.0
1999-03-18,,4.0,1.0
1999-03-18,1999-12-31,1.62,3.0
1999-03-18,2000-12-31,1.78,1.0
1999-03-18,1999-12-31,0.43,1.0
1999-04-15,1999-09-30,0.43,1.0
1999-04-15,,4.0,1.0
1999-04-15,2000-12-31,1.76,2.0
1999-04-15,1999-12-31,0.43,1.0
1999-04-15,1999-03-31,0.4,1.0
1999-04-15,1999-12-31,1.64,3.0
1999-04-15,1999-06-30,0.34,1.0
1999-05-20,1999-12-31,1.64,3.0
1999-05-20,1999-09-30,0.43,1.0
1999-05-20,,4.0,1.0
1999-05-20,1999-12-31,0.43,1.0
1999-05-20,2000-12-31,1.76,2.0
1999-05-20,1999-06-30,0.34,1.0
1999-06-17,1999-12-31,1.64,3.0
1999-06-17,1999-06-30,0.34,1.0
1999-06-17,1999-09-30,0.43,1.0
1999-06-17,2000-12-31,1.76,2.0
1999-06-17,,4.0,1.0
1999-06-17,1999-12-31,0.43,1.0
1999-07-15,1999-06-30,0.34,1.0
1999-07-15,,4.0,1.0
1999-07-15,1999-12-31,0.43,1.0
1999-07-15,2000-12-31,1.76,2.0
1999-07-15,1999-09-30,0.43,1.0
1999-07-15,1999-12-31,1.64,3.0
1999-08-19,2000-12-31,1.76,2.0
1999-08-19,1999-12-31,1.66,2.0
1999-08-19,,4.0,1.0
1999-09-16,2000-12-31,1.76,2.0
1999-09-16,1999-12-31,1.66,2.0
1999-09-16,,4.0,1.0
1999-10-14,,4.0,1.0
1999-10-14,1999-12-31,1.66,2.0
1999-10-14,2000-12-31,1.76,2.0
1999-11-18,1999-12-31,1.66,2.0
1999-11-18,,4.0,1.0
1999-11-18,2000-12-31,1.76,2.0
1999-12-16,2000-12-31,1.76,2.0
1999-12-16,1999-12-31,1.66,2.0
1999-12-16,,4.0,1.0
2000-01-20,,4.0,1.0
2000-01-20,2000-12-31,1.76,2.0
2000-01-20,1999-12-31,1.66,2.0
2000-02-17,2001-12-31,1.94,1.0
2000-02-17,,4.0,1.0
2000-02-17,2000-12-31,1.76,2.0
2000-03-16,2001-12-31,1.94,1.0
2000-03-16,2000-12-31,1.76,2.0
2000-03-16,,4.0,1.0
2000-04-20,,4.0,1.0
2000-04-20,2001-12-31,1.96,3.0
2000-04-20,2000-12-31,1.81,3.0
2000-05-18,2000-12-31,1.81,3.0
2000-05-18,2001-12-31,1.96,3.0
2000-06-15,2001-12-31,1.96,3.0
2000-06-15,2000-12-31,1.81,3.0
2000-07-20,2000-12-31,1.81,3.0
2000-07-20,2001-12-31,1.96,3.0
2000-08-17,2001-12-31,1.96,3.0
2000-08-17,2000-12-31,1.81,3.0
2000-09-14,2000-12-31,1.81,3.0
2000-09-14,2001-12-31,1.96,3.0
2000-10-19,2001-12-31,1.92,2.0
2000-10-19,2000-12-31,1.76,2.0
2000-11-16,2001-06-30,0.4,1.0
2000-11-16,2001-03-31,0.5,1.0
2000-11-16,2001-12-31,2.28,2.0
2000-11-16,2000-12-31,0.44,2.0
2000-11-16,2000-12-31,1.96,2.0
2000-11-16,2001-09-30,0.73,1.0
2000-12-14,2001-03-31,0.5,1.0
2000-12-14,2000-12-31,0.44,2.0
2000-12-14,2001-09-30,0.73,1.0
2000-12-14,2001-06-30,0.4,1.0
2000-12-14,2000-12-31,1.96,2.0
2000-12-14,2001-12-31,2.28,2.0
2001-01-18,2000-12-31,0.44,2.0
2001-01-18,2001-12-31,2.28,2.0
2001-01-18,2000-12-31,1.96,2.0
2001-01-18,2001-09-30,0.73,1.0
2001-01-18,2001-06-30,0.4,1.0
2001-01-18,2001-03-31,0.5,1.0
2001-02-15,2002-12-31,2.9,1.0
2001-02-15,2001-12-31,0.54,1.0
2001-02-15,2001-12-31,2.32,3.0
2001-02-15,2001-09-30,0.73,1.0
2001-02-15,2001-06-30,0.4,1.0
2001-02-15,2001-03-31,0.5,1.0
2001-03-15,2001-09-30,0.78,1.0
2001-03-15,2002-12-31,2.9,2.0
2001-03-15,2001-12-31,0.61,1.0
2001-03-15,2001-03-31,0.56,1.0
2001-03-15,2001-06-30,0.45,1.0
2001-03-15,2001-12-31,2.4,3.0
2001-04-19,2002-12-31,2.9,1.0
2001-04-19,2001-12-31,2.4,2.0
2001-05-17,,15.0,1.0
2001-05-17,2002-12-31,3.35,2.0
2001-05-17,2001-12-31,0.75,1.0
2001-05-17,2001-12-31,2.82,3.0
2001-05-17,2001-06-30,0.65,1.0
2001-05-17,2001-09-30,0.85,1.0
2001-05-17,2003-12-31,3.3,1.0
2001-06-14,2003-12-31,3.3,1.0
2001-06-14,,15.0,2.0
2001-06-14,2001-12-31,3.76,4.0
2001-06-14,2001-09-30,0.98,3.0
2001-06-14,2001-06-30,0.91,3.0
2001-06-14,2001-12-31,0.75,3.0
2001-06-14,2002-03-31,0.97,1.0
2001-06-14,2002-12-31,3.52,4.0
2001-07-19,,15.0,2.0
2001-07-19,2003-12-31,3.65,2.0
2001-07-19,2002-03-31,0.69,1.0
2001-07-19,2001-09-30,0.91,3.0
2001-07-19,2002-12-31,3.4,4.0
2001-07-19,2001-12-31,0.7,3.0
2001-07-19,2001-06-30,1.33,4.0
2001-07-19,2001-12-31,4.1,4.0
2001-08-16,2002-03-31,0.74,1.0
2001-08-16,2001-12-31,3.83,3.0
2001-08-16,,15.0,2.0
2001-08-16,2002-06-30,0.74,1.0
2001-08-16,2001-09-30,0.7,2.0
2001-08-16,2003-12-31,3.43,3.0
2001-08-16,2002-12-31,3.1,3.0
2001-08-16,2001-12-31,0.6,2.0
2001-09-20,2001-09-30,0.7,2.0
2001-09-20,,15.0,2.0
2001-09-20,2003-12-31,3.43,3.0
2001-09-20,2001-12-31,0.6,2.0
2001-09-20,2001-12-31,3.83,3.0
2001-09-20,2002-03-31,0.74,1.0
2001-09-20,2002-06-30,0.74,1.0
2001-09-20,2002-12-31,3.1,3.0
2001-10-18,2003-12-31,3.22,3.0
2001-10-18,2001-12-31,3.83,4.0
2001-10-18,,15.0,2.0
2001-10-18,2002-06-30,0.75,2.0
2001-10-18,2001-09-30,0.67,4.0
2001-10-18,2002-12-31,2.84,4.0
2001-10-18,2001-12-31,0.62,3.0
2001-10-18,2002-03-31,0.71,2.0
2001-11-15,,15.0,2.0
2001-11-15,2001-12-31,0.5,4.0
2001-11-15,2002-06-30,0.72,2.0
2001-11-15,2002-09-30,0.77,2.0
2001-11-15,2003-12-31,3.2,3.0
2001-11-15,2001-12-31,3.83,4.0
2001-11-15,2002-12-31,2.71,4.0
2001-11-15,2002-03-31,0.72,2.0
2001-12-20,2002-12-31,2.71,4.0
2001-12-20,2001-12-31,3.83,4.0
2001-12-20,2003-12-31,3.2,3.0
2001-12-20,2002-09-30,0.77,2.0
2001-12-20,2002-06-30,0.72,2.0
2001-12-20,2002-03-31,0.72,2.0
2001-12-20,2001-12-31,0.5,4.0
2001-12-20,,15.0,2.0
2002-01-17,2002-12-31,2.56,3.0
2002-01-17,2002-03-31,0.63,1.0
2002-01-17,2001-12-31,0.47,3.0
2002-01-17,2002-06-30,0.63,1.0
2002-01-17,2003-12-31,3.05,3.0
2002-01-17,2001-12-31,3.76,3.0
2002-01-17,,15.0,2.0
2002-01-17,2002-09-30,0.66,1.0
2002-02-14,2002-12-31,2.35,4.0
2002-02-14,2002-09-30,0.56,1.0
2002-02-14,,12.67,3.0
2002-02-14,2002-12-31,0.54,1.0
2002-02-14,2002-06-30,0.55,1.0
2002-02-14,2003-12-31,2.78,4.0
2002-02-14,2002-03-31,0.55,1.0
2002-03-14,2002-03-31,0.55,1.0
2002-03-14,,12.67,3.0
2002-03-14,2002-12-31,2.35,4.0
2002-03-14,2003-12-31,2.78,4.0
2002-03-14,2002-09-30,0.56,1.0
2002-03-14,2002-06-30,0.55,1.0
2002-03-14,2002-12-31,0.54,1.0
2002-04-18,2002-09-30,0.55,1.0
2002-04-18,2002-12-31,0.54,1.0
2002-04-18,2002-12-31,2.33,4.0
2002-04-18,2002-03-31,0.46,3.0
2002-04-18,2003-12-31,2.73,4.0
2002-04-18,2002-06-30,0.55,1.0
2002-04-18,,12.67,3.0
2002-05-16,2002-12-31,2.31,4.0
2002-05-16,2003-12-31,2.72,4.0
2002-05-16,2002-09-30,0.63,2.0
2002-05-16,2002-12-31,0.62,2.0
2002-05-16,,12.67,3.0
2002-05-16,2002-06-30,0.5,2.0
2002-06-20,,12.67,3.0
2002-06-20,2002-09-30,0.63,2.0
2002-06-20,2002-06-30,0.5,2.0
2002-06-20,2002-12-31,0.62,2.0
2002-06-20,2003-12-31,2.72,4.0
2002-06-20,2002-12-31,2.31,4.0
2002-07-18,2002-12-31,2.25,4.0
2002-07-18,2002-09-30,0.65,3.0
2002-07-18,2003-12-31,2.67,4.0
2002-07-18,2002-06-30,0.46,4.0
2002-07-18,,12.67,3.0
2002-07-18,2002-12-31,0.6,3.0
2002-08-15,,12.67,3.0
2002-08-15,2002-12-31,0.56,3.0
2002-08-15,2002-12-31,2.22,4.0
2002-08-15,2002-09-30,0.62,3.0
2002-08-15,2003-12-31,2.52,4.0
2002-09-19,2002-12-31,0.56,3.0
2002-09-19,2002-09-30,0.61,3.0
2002-09-19,2003-12-31,2.52,4.0
2002-09-19,,11.33,3.0
2002-09-19,2002-12-31,2.22,4.0
2002-10-17,2002-12-31,0.56,4.0
2002-10-17,2003-12-31,2.48,5.0
2002-10-17,,11.33,3.0
2002-10-17,2002-09-30,0.62,5.0
2002-10-17,2002-12-31,2.23,5.0
2002-11-14,2002-12-31,0.58,3.0
2002-11-14,2002-12-31,2.28,3.0
2002-11-14,,11.33,3.0
2002-11-14,2003-12-31,2.47,3.0
2002-12-19,2002-12-31,2.28,3.0
2002-12-19,2003-03-31,0.59,1.0
2002-12-19,2002-12-31,0.58,3.0
2002-12-19,2003-12-31,2.47,3.0
2002-12-19,,11.33,3.0
2002-12-19,2003-09-30,0.66,1.0
2002-12-19,2003-06-30,0.62,1.0
2003-01-16,2003-03-31,0.59,1.0
2003-01-16,2003-12-31,2.43,4.0
2003-01-16,2002-12-31,2.24,4.0
2003-01-16,,11.33,3.0
2003-01-16,2003-06-30,0.62,1.0
2003-01-16,2002-12-31,0.58,3.0
2003-01-16,2003-09-30,0.66,1.0
2003-02-20,,11.0,3.0
2003-02-20,2003-12-31,0.62,2.0
2003-02-20,2003-06-30,0.6,2.0
2003-02-20,2004-12-31,2.56,3.0
2003-02-20,2003-12-31,2.42,4.0
2003-02-20,2003-09-30,0.67,2.0
2003-02-20,2003-03-31,0.57,2.0
2003-03-20,2003-06-30,0.6,3.0
2003-03-20,2003-09-30,0.64,3.0
2003-03-20,2003-03-31,0.58,3.0
2003-03-20,2003-12-31,2.43,3.0
2003-03-20,2003-12-31,0.61,3.0
2003-03-20,,10.33,3.0
2003-03-20,2004-12-31,2.63,3.0
2003-04-17,,10.33,3.0
2003-04-17,2003-03-31,0.58,3.0
2003-04-17,2003-09-30,0.64,3.0
2003-04-17,2003-06-30,0.6,3.0
2003-04-17,2003-12-31,2.43,3.0
2003-04-17,2003-12-31,0.61,3.0
2003-04-17,2004-12-31,2.66,3.0
2003-05-15,2004-12-31,2.5,3.0
2003-05-15,,8.0,3.0
2003-05-15,2003-09-30,0.59,3.0
2003-05-15,2003-06-30,0.57,3.0
2003-05-15,2003-12-31,2.34,3.0
2003-05-15,2003-12-31,0.57,3.0
2003-06-19,2003-12-31,2.36,3.0
2003-06-19,2003-06-30,0.58,3.0
2003-06-19,2004-12-31,2.52,3.0
2003-06-19,2003-09-30,0.6,3.0
2003-06-19,2003-12-31,0.57,3.0
2003-06-19,,8.0,3.0
2003-07-17,2003-12-31,2.36,3.0
2003-07-17,,8.0,3.0
2003-07-17,2004-12-31,2.52,3.0
2003-07-17,2003-12-31,0.57,3.0
2003-07-17,2003-09-30,0.61,3.0
2003-07-17,2003-06-30,0.56,3.0
2003-08-14,2003-09-30,0.61,3.0
2003-08-14,2003-12-31,2.34,3.0
2003-08-14,2003-12-31,0.57,3.0
2003-08-14,2004-12-31,2.52,3.0
2003-08-14,,8.0,3.0
2003-09-18,2003-09-30,0.6,3.0
2003-09-18,2003-12-31,0.56,3.0
2003-09-18,2003-12-31,2.33,4.0
2003-09-18,2004-12-31,2.52,4.0
2003-09-18,,6.75,4.0
2003-10-16,2006-12-31,2.68,1.0
2003-10-16,2004-12-31,2.32,4.0
2003-10-16,,6.0,4.0
2003-10-16,2007-12-31,2.98,1.0
2003-10-16,2005-12-31,2.47,1.0
2003-10-16,2003-12-31,0.55,2.0
2003-10-16,2003-09-30,0.59,2.0
2003-10-16,2003-12-31,2.31,3.0
2003-11-20,2003-12-31,2.31,3.0
2003-11-20,2003-12-31,0.55,1.0
2003-11-20,2006-12-31,2.68,1.0
2003-11-20,2004-12-31,2.31,4.0
2003-11-20,2007-12-31,2.98,1.0
2003-11-20,2005-12-31,2.47,1.0
2003-11-20,,6.03,4.0
2003-12-18,2005-12-31,2.47,2.0
2003-12-18,2004-03-31,0.39,1.0
2003-12-18,2006-12-31,2.68,1.0
2003-12-18,2004-09-30,0.58,1.0
2003-12-18,2003-12-31,2.21,3.0
2003-12-18,2004-06-30,0.56,1.0
2003-12-18,2003-12-31,0.55,1.0
2003-12-18,2007-12-31,2.98,1.0
2003-12-18,,6.03,4.0
2003-12-18,2004-12-31,2.12,4.0
2004-01-15,2003-12-31,2.02,2.0
2004-01-15,2005-12-31,2.28,3.0
2004-01-15,2007-12-31,2.52,1.0
2004-01-15,2004-09-30,0.58,1.0
2004-01-15,2004-12-31,2.06,4.0
2004-01-15,2006-12-31,2.29,1.0
2004-01-15,2004-06-30,0.56,1.0
2004-01-15,,5.57,3.0
2004-01-15,2004-03-31,0.39,1.0
2004-02-19,,5.57,3.0
2004-02-19,2004-03-31,0.39,1.0
2004-02-19,2004-06-30,0.56,1.0
2004-02-19,2004-09-30,0.58,1.0
2004-02-19,2004-12-31,2.08,4.0
2004-02-19,2004-12-31,0.59,1.0
2004-02-19,2005-12-31,2.28,3.0
2004-02-19,2006-12-31,2.29,1.0
2004-02-19,2007-12-31,2.52,1.0
2004-03-18,2004-09-30,0.58,1.0
2004-03-18,2005-12-31,2.28,3.0
2004-03-18,2006-12-31,2.29,1.0
2004-03-18,2004-03-31,0.39,1.0
2004-03-18,2004-12-31,0.59,1.0
2004-03-18,2004-06-30,0.56,1.0
2004-03-18,,5.57,3.0
2004-03-18,2007-12-31,2.52,1.0
2004-03-18,2004-12-31,2.07,4.0
2004-04-15,2004-03-31,0.39,1.0
2004-04-15,2004-06-30,0.56,1.0
2004-04-15,2004-09-30,0.58,1.0
2004-04-15,2006-12-31,2.29,1.0
2004-04-15,2004-12-31,0.59,1.0
2004-04-15,,5.57,3.0
2004-04-15,2004-12-31,2.07,4.0
2004-04-15,2007-12-31,2.52,1.0
2004-04-15,2005-12-31,2.24,3.0
2004-05-20,2005-12-31,2.26,4.0
2004-05-20,2004-06-30,0.49,1.0
2004-05-20,2004-12-31,0.61,1.0
2004-05-20,2004-09-30,0.58,1.0
2004-05-20,,5.57,3.0
2004-05-20,2004-12-31,2.02,4.0
2004-06-17,2004-12-31,2.02,4.0
2004-06-17,2005-12-31,2.23,4.0
2004-06-17,2004-06-30,0.52,1.0
2004-06-17,2004-09-30,0.59,1.0
2004-06-17,,5.57,3.0
2004-06-17,2004-12-31,0.61,1.0
2004-07-15,2004-12-31,2.02,4.0
2004-07-15,2004-12-31,0.61,1.0
2004-07-15,2004-06-30,0.52,1.0
2004-07-15,2005-12-31,2.23,4.0
2004-07-15,,5.5,2.0
2004-07-15,2004-09-30,0.59,1.0
2004-08-19,2005-12-31,1.88,4.0
2004-08-19,,4.5,2.0
2004-08-19,2006-12-31,2.01,1.0
2004-08-19,2007-12-31,2.16,1.0
2004-08-19,2004-09-30,0.56,2.0
2004-08-19,2004-12-31,1.67,4.0
2004-08-19,2004-12-31,0.47,2.0
2004-08-19,2008-12-31,2.31,1.0
2004-09-16,2004-09-30,0.56,2.0
2004-09-16,,4.5,2.0
2004-09-16,2007-12-31,2.16,1.0
2004-09-16,2006-12-31,2.01,1.0
2004-09-16,2005-12-31,1.88,4.0
2004-09-16,2004-12-31,0.47,2.0
2004-09-16,2004-12-31,1.67,4.0
2004-09-16,2008-12-31,2.31,1.0
2004-10-14,2005-12-31,1.87,3.0
2004-10-14,2004-12-31,1.65,3.0
2004-10-14,2006-12-31,2.01,1.0
2004-10-14,2008-12-31,2.31,1.0
2004-10-14,2007-12-31,2.16,1.0
2004-10-14,2004-12-31,0.47,2.0
2004-10-14,2004-09-30,0.55,3.0
2004-10-14,,6.0,1.0
2004-11-18,2004-12-31,1.64,3.0
2004-11-18,2007-12-31,2.16,1.0
2004-11-18,,6.0,1.0
2004-11-18,2006-12-31,2.01,1.0
2004-11-18,2005-12-31,1.87,3.0
2004-11-18,2004-12-31,0.52,3.0
2004-11-18,2008-12-31,2.31,1.0
2004-12-16,2004-12-31,1.65,4.0
2004-12-16,2005-12-31,1.87,4.0
2004-12-16,2006-12-31,1.99,1.0
2004-12-16,,6.0,1.0
2004-12-16,2004-12-31,0.52,3.0
2005-01-20,2005-03-31,0.39,1.0
2005-01-20,2005-06-30,0.51,1.0
2005-01-20,2005-09-30,0.56,1.0
2005-01-20,,3.85,2.0
2005-01-20,2006-12-31,1.97,3.0
2005-01-20,2004-12-31,0.52,3.0
2005-01-20,2005-12-31,1.88,4.0
2005-01-20,2004-12-31,1.65,4.0
2005-02-17,2005-12-31,0.54,2.0
2005-02-17,2005-09-30,0.54,2.0
2005-02-17,2005-06-30,0.42,2.0
2005-02-17,2005-03-31,0.38,2.0
2005-02-17,2005-12-31,1.88,4.0
2005-02-17,2006-12-31,2.0,4.0
2005-02-17,,4.0,2.0
2005-03-17,2005-09-30,0.54,2.0
2005-03-17,2006-12-31,2.02,4.0
2005-03-17,2005-06-30,0.42,2.0
2005-03-17,2005-12-31,0.54,2.0
2005-03-17,2005-12-31,1.9,4.0
2005-03-17,,4.0,2.0
2005-03-17,2005-03-31,0.38,2.0
2005-04-14,2005-12-31,1.9,4.0
2005-04-14,2006-12-31,2.05,4.0
2005-04-14,2005-03-31,0.38,2.0
2005-04-14,,4.0,2.0
2005-04-14,2005-06-30,0.42,2.0
2005-04-14,2005-09-30,0.54,2.0
2005-04-14,2005-12-31,0.54,2.0
2005-05-19,2005-09-30,0.58,2.0
2005-05-19,2007-12-31,2.16,1.0
2005-05-19,2005-12-31,0.52,2.0
2005-05-19,2009-12-31,2.34,1.0
2005-05-19,2008-12-31,2.26,1.0
2005-05-19,2005-06-30,0.44,2.0
2005-05-19,,5.0,2.0
2005-05-19,2006-12-31,2.15,4.0
2005-05-19,2005-12-31,1.99,4.0
2005-06-16,2005-06-30,0.44,2.0
2005-06-16,,5.0,2.0
2005-06-16,2009-12-31,2.34,1.0
2005-06-16,2008-12-31,2.26,1.0
2005-06-16,2005-09-30,0.58,2.0
2005-06-16,2005-12-31,1.99,4.0
2005-06-16,2005-12-31,0.52,2.0
2005-06-16,2006-12-31,2.15,4.0
2005-06-16,2007-12-31,2.16,1.0
2005-07-14,2005-09-30,0.58,2.0
2005-07-14,2005-12-31,0.52,2.0
2005-07-14,2005-06-30,0.44,2.0
2005-07-14,2008-12-31,2.26,1.0
2005-07-14,2006-12-31,2.15,4.0
2005-07-14,2009-12-31,2.34,1.0
2005-07-14,,5.0,2.0
2005-07-14,2007-12-31,2.16,1.0
2005-07-14,2005-12-31,1.99,4.0
2005-08-18,2006-12-31,2.17,4.0
2005-08-18,2007-12-31,2.17,2.0
2005-08-18,2005-09-30,0.52,2.0
2005-08-18,2008-12-31,2.26,1.0
2005-08-18,,5.0,2.0
2005-08-18,2009-12-31,2.34,1.0
2005-08-18,2005-12-31,0.55,2.0
2005-08-18,2005-12-31,2.0,4.0
2005-09-15,2005-09-30,0.52,2.0
2005-09-15,,5.0,2.0
2005-09-15,2007-12-31,2.18,1.0
2005-09-15,2006-12-31,2.15,4.0
2005-09-15,2005-12-31,1.99,4.0
2005-09-15,2005-12-31,0.55,2.0
2005-10-20,2005-12-31,2.02,4.0
2005-10-20,,5.0,2.0
2005-10-20,2006-12-31,2.17,4.0
2005-10-20,2005-09-30,0.52,2.0
2005-10-20,2005-12-31,0.55,2.0
2005-10-20,2007-12-31,2.56,1.0
2005-11-17,,5.0,2.0
2005-11-17,2005-12-31,2.0,4.0
2005-11-17,2007-12-31,2.46,1.0
2005-11-17,2005-12-31,0.55,3.0
2005-11-17,2006-12-31,2.15,4.0
2005-12-15,2005-12-31,0.56,2.0
2005-12-15,2006-12-31,2.19,3.0
2005-12-15,2007-12-31,2.46,1.0
2005-12-15,,6.0,1.0
2005-12-15,2005-12-31,1.97,2.0
2006-01-19,2005-12-31,2.01,3.0
2006-01-19,,6.0,1.0
2006-01-19,2007-12-31,2.46,2.0
2006-01-19,2006-09-30,0.64,1.0
2006-01-19,2006-06-30,0.52,1.0
2006-01-19,2006-03-31,0.64,1.0
2006-01-19,2005-12-31,0.56,2.0
2006-01-19,2006-12-31,2.26,3.0
2006-02-16,2006-12-31,2.17,3.0
2006-02-16,,6.0,1.0
2006-02-16,2007-12-31,2.45,3.0
2006-02-16,2006-03-31,0.52,1.0
2006-02-16,2006-06-30,0.41,1.0
2006-02-16,2006-12-31,0.63,1.0
2006-03-16,2006-06-30,0.41,1.0
2006-03-16,,6.0,1.0
2006-03-16,2006-12-31,2.17,3.0
2006-03-16,2006-03-31,0.52,1.0
2006-03-16,2006-12-31,0.63,1.0
2006-03-16,2007-12-31,2.45,3.0
2006-04-20,2006-06-30,0.41,1.0
2006-04-20,2007-12-31,2.45,3.0
2006-04-20,2006-12-31,2.17,3.0
2006-04-20,,6.0,1.0
2006-04-20,2006-12-31,0.63,1.0
2006-04-20,2006-03-31,0.52,1.0
2006-05-18,,6.0,1.0
2006-05-18,2006-06-30,0.41,1.0
2006-05-18,2007-12-31,2.45,3.0
2006-05-18,2006-12-31,2.17,3.0
2006-05-18,2006-12-31,0.63,1.0
2006-06-15,2006-12-31,2.15,4.0
2006-06-15,2010-12-31,2.34,1.0
2006-06-15,2006-09-30,0.47,1.0
2006-06-15,2006-06-30,0.42,2.0
2006-06-15,2008-12-31,2.28,1.0
2006-06-15,2007-12-31,2.41,4.0
2006-06-15,,4.5,2.0
2006-06-15,2009-12-31,2.22,1.0
2006-06-15,2006-12-31,0.61,2.0
2006-07-20,2007-12-31,2.41,4.0
2006-07-20,2009-12-31,2.22,1.0
2006-07-20,2006-12-31,0.61,2.0
2006-07-20,2006-12-31,2.15,4.0
2006-07-20,2008-12-31,2.28,1.0
2006-07-20,2006-06-30,0.42,2.0
2006-07-20,2010-12-31,2.34,1.0
2006-07-20,,4.5,2.0
2006-07-20,2006-09-30,0.47,1.0
2006-08-17,2006-12-31,0.62,2.0
2006-08-17,,4.5,2.0
2006-08-17,2009-12-31,2.22,1.0
2006-08-17,2006-09-30,0.55,2.0
2006-08-17,2007-12-31,2.39,4.0
2006-08-17,2006-12-31,2.12,4.0
2006-08-17,2010-12-31,2.34,1.0
2006-08-17,2008-12-31,2.28,1.0
2006-09-14,2010-12-31,2.4,1.0
2006-09-14,2006-12-31,2.09,4.0
2006-09-14,2008-12-31,2.39,1.0
2006-09-14,2007-12-31,2.39,4.0
2006-09-14,2009-12-31,2.34,1.0
2006-09-14,2006-12-31,0.58,2.0
2006-09-14,,4.5,2.0
2006-09-14,2006-09-30,0.57,2.0
2006-10-19,2006-12-31,0.58,2.0
2006-10-19,2006-12-31,2.08,3.0
2006-10-19,2010-12-31,2.4,1.0
2006-10-19,2007-12-31,2.37,3.0
2006-10-19,2008-12-31,2.39,1.0
2006-10-19,,4.5,2.0
2006-10-19,2009-12-31,2.34,1.0
2006-10-19,2006-09-30,0.57,2.0
2006-11-16,2007-12-31,2.3,3.0
2006-11-16,2006-12-31,0.58,2.0
2006-11-16,2009-12-31,2.34,1.0
2006-11-16,2008-12-31,2.39,1.0
2006-11-16,2006-12-31,2.11,3.0
2006-11-16,2010-12-31,2.4,1.0
2006-11-16,,4.5,2.0
2006-12-14,2007-12-31,2.21,3.0
2006-12-14,,4.5,2.0
2006-12-14,2010-12-31,2.37,1.0
2006-12-14,2009-12-31,2.31,1.0
2006-12-14,2007-03-31,0.56,1.0
2006-12-14,2006-12-31,0.53,2.0
2006-12-14,2007-09-30,0.57,1.0
2006-12-14,2008-12-31,2.4,2.0
2006-12-14,2006-12-31,2.06,2.0
2006-12-14,2007-06-30,0.51,1.0
2007-01-18,2007-06-30,0.51,1.0
2007-01-18,2007-09-30,0.57,1.0
2007-01-18,2006-12-31,2.03,1.0
2007-01-18,2010-12-31,2.37,1.0
2007-01-18,2007-03-31,0.56,1.0
2007-01-18,2006-12-31,0.62,3.0
2007-01-18,2007-12-31,2.21,3.0
2007-01-18,,4.5,2.0
2007-01-18,2009-12-31,2.31,1.0
2007-01-18,2008-12-31,2.39,3.0
2007-02-15,2007-06-30,0.51,1.0
2007-02-15,2007-03-31,0.56,1.0
2007-02-15,2008-12-31,2.38,2.0
2007-02-15,2007-12-31,2.17,2.0
2007-02-15,2007-12-31,0.56,1.0
2007-02-15,2007-09-30,0.57,1.0
2007-02-15,,6.0,1.0
2007-03-15,2007-12-31,2.15,2.0
2007-03-15,2007-03-31,0.56,1.0
2007-03-15,2007-12-31,0.61,1.0
2007-03-15,2007-06-30,0.47,1.0
2007-03-15,,6.0,1.0
2007-03-15,2007-09-30,0.52,1.0
2007-03-15,2008-12-31,2.34,2.0
2007-04-19,2007-03-31,0.65,3.0
2007-04-19,,6.5,2.0
2007-04-19,2007-12-31,2.26,4.0
2007-04-19,2007-09-30,0.59,3.0
2007-04-19,2008-12-31,2.37,4.0
2007-04-19,2007-12-31,0.64,3.0
2007-04-19,2007-06-30,0.41,3.0
2007-05-17,2007-12-31,2.31,4.0
2007-05-17,2007-09-30,0.58,3.0
2007-05-17,,6.5,2.0
2007-05-17,2008-12-31,2.41,4.0
2007-05-17,2007-12-31,0.6,3.0
2007-05-17,2007-06-30,0.4,3.0
2007-06-14,2007-06-30,0.38,3.0
2007-06-14,2008-12-31,2.48,4.0
2007-06-14,2007-12-31,2.38,4.0
2007-06-14,,7.0,1.0
2007-06-14,2007-12-31,0.59,3.0
2007-06-14,2007-09-30,0.59,3.0
2007-07-19,,7.0,1.0
2007-07-19,2007-12-31,2.41,3.0
2007-07-19,2008-12-31,2.48,4.0
2007-07-19,2007-12-31,0.59,3.0
2007-07-19,2007-06-30,0.38,3.0
2007-07-19,2007-09-30,0.59,3.0
2007-08-16,2008-06-30,0.56,1.0
2007-08-16,2008-12-31,2.5,5.0
2007-08-16,2009-12-31,2.46,1.0
2007-08-16,2010-12-31,2.85,1.0
2007-08-16,2008-03-31,0.76,1.0
2007-08-16,2011-12-31,2.93,1.0
2007-08-16,,7.0,2.0
2007-08-16,2007-09-30,0.52,4.0
2007-08-16,2007-12-31,2.55,4.0
2007-08-16,2007-12-31,0.54,4.0
2007-09-20,2011-12-31,2.93,1.0
2007-09-20,,7.0,2.0
2007-09-20,2008-03-31,0.76,1.0
2007-09-20,2008-06-30,0.56,1.0
2007-09-20,2007-12-31,0.51,3.0
2007-09-20,2008-12-31,2.54,4.0
2007-09-20,2007-12-31,2.55,4.0
2007-09-20,2007-09-30,0.51,3.0
2007-09-20,2009-12-31,2.46,1.0
2007-09-20,2010-12-31,2.85,1.0
2007-10-18,2011-12-31,2.93,1.0
2007-10-18,2008-03-31,0.76,1.0
2007-10-18,2010-12-31,2.85,1.0
2007-10-18,2009-12-31,2.46,1.0
2007-10-18,2007-09-30,0.5,4.0
2007-10-18,2007-12-31,2.55,4.0
2007-10-18,2008-12-31,2.53,5.0
2007-10-18,2007-12-31,0.53,4.0
2007-10-18,2008-06-30,0.56,1.0
2007-10-18,,7.0,2.0
2007-11-15,2011-12-31,2.93,1.0
2007-11-15,2008-06-30,0.56,1.0
2007-11-15,2007-12-31,2.55,4.0
2007-11-15,,7.0,2.0
2007-11-15,2009-12-31,2.55,2.0
2007-11-15,2008-12-31,2.56,5.0
2007-11-15,2008-09-30,0.51,1.0
2007-11-15,2010-12-31,2.85,1.0
2007-11-15,2008-03-31,0.76,1.0
2007-11-15,2007-12-31,0.54,4.0
2007-12-20,2007-12-31,0.58,2.0
2007-12-20,2009-12-31,2.86,2.0
2007-12-20,2008-12-31,2.6,4.0
2007-12-20,,7.0,1.0
2007-12-20,2007-12-31,2.56,2.0
2008-01-17,2008-12-31,2.6,4.0
2008-01-17,2008-09-30,0.6,1.0
2008-01-17,2009-12-31,2.79,3.0
2008-01-17,2008-06-30,0.55,1.0
2008-01-17,2007-12-31,0.54,3.0
2008-01-17,,6.5,2.0
2008-01-17,2007-12-31,2.54,3.0
2008-01-17,2008-03-31,0.71,1.0
2008-02-14,2008-06-30,0.55,2.0
2008-02-14,,6.5,2.0
2008-02-14,2011-12-31,2.97,1.0
2008-02-14,2008-12-31,0.63,2.0
2008-02-14,2008-12-31,2.55,5.0
2008-02-14,2008-09-30,0.58,2.0
2008-02-14,2010-12-31,2.9,1.0
2008-02-14,2009-12-31,2.72,4.0
2008-02-14,2008-03-31,0.67,2.0
2008-03-20,2010-12-31,2.9,1.0
2008-03-20,2009-12-31,2.6,3.0
2008-03-20,2011-12-31,2.97,1.0
2008-03-20,2008-09-30,0.58,2.0
2008-03-20,2008-03-31,0.67,2.0
2008-03-20,,6.5,2.0
2008-03-20,2008-06-30,0.55,2.0
2008-03-20,2008-12-31,2.47,4.0
2008-03-20,2008-12-31,0.63,2.0
2008-04-17,,6.5,2.0
2008-04-17,2008-12-31,2.47,4.0
2008-04-17,2011-12-31,2.97,1.0
2008-04-17,2010-12-31,2.9,1.0
2008-04-17,2008-03-31,0.64,2.0
2008-04-17,2008-06-30,0.57,2.0
2008-04-17,2009-12-31,2.6,3.0
2008-04-17,2008-12-31,0.64,2.0
2008-04-17,2008-09-30,0.58,2.0
2008-05-15,2010-12-31,2.9,1.0
2008-05-15,2011-12-31,2.97,1.0
2008-05-15,,6.0,1.0
2008-05-15,2008-12-31,0.73,2.0
2008-05-15,2008-12-31,2.38,4.0
2008-05-15,2009-12-31,2.6,3.0
2008-05-15,2008-06-30,0.51,2.0
2008-05-15,2008-09-30,0.58,2.0
2008-06-19,2008-09-30,0.61,1.0
2008-06-19,2009-12-31,2.65,2.0
2008-06-19,2008-12-31,0.85,1.0
2008-06-19,,6.0,1.0
2008-06-19,2008-06-30,0.47,1.0
2008-06-19,2008-12-31,2.4,3.0
2008-07-17,2011-12-31,3.15,1.0
2008-07-17,,8.0,1.0
2008-07-17,2010-12-31,3.02,1.0
2008-07-17,2009-12-31,2.63,3.0
2008-07-17,2009-03-31,0.79,1.0
2008-07-17,2008-12-31,0.85,2.0
2008-07-17,2008-12-31,2.4,3.0
2008-07-17,2008-09-30,0.55,2.0
2008-07-17,2008-06-30,0.5,2.0
2008-08-14,,8.0,1.0
2008-08-14,2009-12-31,2.63,3.0
2008-08-14,2009-06-30,0.5,1.0
2008-08-14,2008-12-31,0.85,2.0
2008-08-14,2008-12-31,2.4,3.0
2008-08-14,2010-12-31,3.02,1.0
2008-08-14,2008-09-30,0.44,2.0
2008-08-14,2009-03-31,0.81,1.0
2008-08-14,2011-12-31,3.15,1.0
2008-09-18,2008-12-31,2.43,3.0
2008-09-18,2008-12-31,0.8,3.0
2008-09-18,2009-03-31,0.81,1.0
2008-09-18,2009-06-30,0.5,1.0
2008-09-18,2009-12-31,2.69,4.0
2008-09-18,2008-09-30,0.5,3.0
2008-09-18,2010-12-31,3.02,1.0
2008-09-18,,7.5,2.0
2008-09-18,2011-12-31,3.15,1.0
2008-10-16,2008-09-30,0.43,2.0
2008-10-16,2008-12-31,0.92,2.0
2008-10-16,2008-12-31,2.24,2.0
2008-10-16,,7.0,1.0
2008-10-16,2010-12-31,2.84,1.0
2008-10-16,2009-12-31,2.56,3.0
2008-11-20,2010-12-31,2.42,1.0
2008-11-20,,7.0,1.0
2008-11-20,2009-06-30,0.68,1.0
2008-11-20,2008-12-31,0.63,2.0
2008-11-20,2009-03-31,0.78,1.0
2008-11-20,2009-12-31,2.42,4.0
2008-11-20,2008-12-31,2.17,1.0
2008-11-20,2009-09-30,0.4,1.0
2008-12-18,2008-12-31,0.74,3.0
2008-12-18,,7.0,1.0
2008-12-18,2008-12-31,2.05,1.0
2008-12-18,2009-03-31,0.78,1.0
2008-12-18,2009-06-30,0.68,1.0
2008-12-18,2009-09-30,0.4,1.0
2008-12-18,2009-12-31,2.21,4.0
2008-12-18,2010-12-31,2.2,3.0
2009-01-15,2011-12-31,2.83,1.0
2009-01-15,2008-12-31,2.05,1.0
2009-01-15,2009-09-30,0.42,3.0
2009-01-15,2009-06-30,0.51,3.0
2009-01-15,2008-12-31,0.63,4.0
2009-01-15,2010-12-31,2.25,4.0
2009-01-15,2009-03-31,0.64,3.0
2009-01-15,,6.5,2.0
2009-01-15,2009-12-31,2.1,5.0
2009-02-19,,6.5,2.0
2009-02-19,2009-09-30,0.33,4.0
2009-02-19,2009-06-30,0.38,4.0
2009-02-19,2010-12-31,2.06,5.0
2009-02-19,2009-12-31,1.85,5.0
2009-02-19,2009-03-31,0.57,4.0
2009-02-19,2011-12-31,2.12,2.0
2009-02-19,2009-12-31,0.53,4.0
2009-03-19,2010-12-31,2.03,4.0
2009-03-19,2009-06-30,0.32,3.0
2009-03-19,2009-12-31,0.55,3.0
2009-03-19,,6.5,2.0
2009-03-19,2009-03-31,0.53,3.0
2009-03-19,2009-09-30,0.34,3.0
2009-03-19,2009-12-31,1.82,4.0
2009-03-19,2011-12-31,2.12,2.0
2009-04-16,2009-09-30,0.3,3.0
2009-04-16,2009-12-31,0.57,3.0
2009-04-16,2009-06-30,0.22,3.0
2009-04-16,2009-12-31,1.75,4.0
2009-04-16,,6.5,2.0
2009-04-16,2010-12-31,2.03,4.0
2009-04-16,2009-03-31,0.55,3.0
2009-04-16,2011-12-31,2.12,2.0
2009-05-14,,6.0,1.0
2009-05-14,2009-12-31,1.65,4.0
2009-05-14,2009-12-31,0.58,3.0
2009-05-14,2009-09-30,0.31,3.0
2009-05-14,2009-06-30,0.25,3.0
2009-05-14,2011-12-31,2.12,2.0
2009-05-14,2010-12-31,1.96,4.0
2009-06-18,2010-12-31,2.05,3.0
2009-06-18,2011-12-31,2.57,1.0
2009-06-18,2009-12-31,1.66,3.0
2009-06-18,2009-06-30,0.24,3.0
2009-06-18,2009-09-30,0.23,3.0
2009-06-18,,6.0,1.0
2009-06-18,2009-12-31,0.58,3.0
2009-07-16,2009-09-30,0.23,3.0
2009-07-16,2009-12-31,0.58,3.0
2009-07-16,,6.0,1.0
2009-07-16,2010-12-31,1.98,4.0
2009-07-16,2011-12-31,2.24,2.0
2009-07-16,2009-12-31,1.66,3.0
2009-07-16,2009-06-30,0.24,3.0
2009-08-20,2010-12-31,1.94,4.0
2009-08-20,2009-12-31,1.92,3.0
2009-08-20,2009-09-30,0.23,3.0
2009-08-20,2009-12-31,0.58,3.0
2009-08-20,,6.0,1.0
2009-08-20,2011-12-31,2.28,2.0
2009-09-17,2009-12-31,1.92,3.0
2009-09-17,2011-12-31,1.99,1.0
2009-09-17,2010-12-31,1.69,3.0
2009-09-17,2009-12-31,0.58,2.0
2009-09-17,2009-09-30,0.19,2.0
2009-10-15,2009-09-30,0.19,3.0
2009-10-15,2009-12-31,0.55,3.0
2009-10-15,2012-12-31,2.17,2.0
2009-10-15,2011-12-31,1.93,3.0
2009-10-15,2010-12-31,1.73,5.0
2009-10-15,2009-12-31,1.87,4.0
2009-11-19,2009-12-31,1.55,2.0
2009-11-19,2010-06-30,0.12,1.0
2009-11-19,2010-09-30,0.3,1.0
2009-11-19,2011-12-31,1.93,3.0
2009-11-19,2010-03-31,0.8,1.0
2009-11-19,2012-12-31,2.17,2.0
2009-11-19,2010-12-31,1.83,4.0
2009-11-19,2009-12-31,0.52,2.0
2009-12-17,2009-12-31,1.64,3.0
2009-12-17,2010-12-31,1.84,5.0
2009-12-17,2011-12-31,1.93,3.0
2009-12-17,2010-09-30,0.3,1.0
2009-12-17,2010-06-30,0.12,1.0
2009-12-17,2012-12-31,2.17,2.0
2009-12-17,2010-03-31,0.8,1.0
2009-12-17,2009-12-31,0.54,3.0
2010-01-14,2010-12-31,1.85,4.0
2010-01-14,2009-12-31,0.54,3.0
2010-01-14,2010-06-30,0.12,1.0
2010-01-14,2012-12-31,2.33,1.0
2010-01-14,2010-09-30,0.3,1.0
2010-01-14,2010-03-31,0.8,1.0
2010-01-14,2011-12-31,1.94,3.0
2010-01-14,2009-12-31,1.64,3.0
2010-02-18,2010-12-31,0.59,3.0
2010-02-18,2010-12-31,1.89,4.0
2010-02-18,2011-12-31,1.98,4.0
2010-02-18,2010-09-30,0.25,3.0
2010-02-18,2010-03-31,0.84,3.0
2010-02-18,2010-06-30,0.21,3.0
2010-02-18,2012-12-31,2.3,1.0
2010-03-18,2010-03-31,0.84,3.0
2010-03-18,2010-09-30,0.25,3.0
2010-03-18,2012-12-31,2.3,1.0
2010-03-18,2010-12-31,1.89,4.0
2010-03-18,2011-12-31,1.98,4.0
2010-03-18,2010-12-31,0.59,3.0
2010-03-18,2010-06-30,0.21,3.0
2010-04-15,2012-12-31,2.34,2.0
2010-04-15,2010-12-31,0.59,3.0
2010-04-15,2010-06-30,0.21,3.0
2010-04-15,2010-12-31,1.92,5.0
2010-04-15,,6.0,1.0
2010-04-15,2010-03-31,0.84,3.0
2010-04-15,2010-09-30,0.27,3.0
2010-04-15,2011-12-31,1.98,5.0
2010-05-20,2010-09-30,0.25,2.0
2010-05-20,2011-12-31,2.0,4.0
2010-05-20,2010-12-31,1.92,4.0
2010-05-20,2010-06-30,0.19,2.0
2010-05-20,2010-12-31,0.61,2.0
2010-05-20,,6.0,1.0
2010-05-20,2012-12-31,2.25,2.0
2010-06-17,,6.0,1.0
2010-06-17,2012-12-31,2.25,2.0
2010-06-17,2010-12-31,1.89,3.0
2010-06-17,2011-12-31,2.0,4.0
2010-06-17,2010-09-30,0.26,2.0
2010-06-17,2010-12-31,0.63,2.0
2010-06-17,2010-06-30,0.2,2.0
2010-07-15,,6.0,1.0
2010-07-15,2012-12-31,2.27,3.0
2010-07-15,2010-06-30,0.05,3.0
2010-07-15,2010-12-31,1.76,3.0
2010-07-15,2010-12-31,0.6,3.0
2010-07-15,2011-12-31,1.96,5.0
2010-07-15,2010-09-30,0.26,2.0
2010-08-19,,6.0,1.0
2010-08-19,2010-12-31,1.86,2.0
2010-08-19,2012-12-31,2.3,4.0
2010-08-19,2011-12-31,1.93,5.0
2010-08-19,2010-12-31,0.59,3.0
2010-08-19,2010-09-30,0.27,2.0
2010-09-16,,6.0,1.0
2010-09-16,2011-12-31,1.93,5.0
2010-09-16,2012-12-31,2.3,4.0
2010-09-16,2010-09-30,0.27,2.0
2010-09-16,2010-12-31,1.86,2.0
2010-09-16,2010-12-31,0.59,3.0
2010-10-14,2011-12-31,1.93,5.0
2010-10-14,2010-09-30,0.27,2.0
2010-10-14,2012-12-31,2.27,3.0
2010-10-14,2010-12-31,0.61,2.0
2010-10-14,2010-12-31,1.88,1.0
2010-10-14,,6.0,1.0
2010-11-18,2011-03-31,0.91,1.0
2010-11-18,2012-12-31,2.3,5.0
2010-11-18,2011-06-30,0.26,1.0
2010-11-18,,6.0,1.0
2010-11-18,2011-09-30,0.3,1.0
2010-11-18,2011-12-31,1.97,7.0
2010-11-18,2010-12-31,1.89,4.0
2010-11-18,2013-12-31,2.15,1.0
2010-11-18,2010-12-31,0.61,4.0
2010-12-16,2010-12-31,1.9,6.0
2010-12-16,2011-12-31,1.99,8.0
2010-12-16,,6.0,1.0
2010-12-16,2010-12-31,0.57,5.0
2010-12-16,2011-03-31,0.9,2.0
2010-12-16,2011-06-30,0.22,2.0
2010-12-16,2012-12-31,2.34,7.0
2010-12-16,2013-12-31,2.15,1.0
2010-12-16,2011-09-30,0.36,2.0
2011-01-20,2010-12-31,0.56,6.0
2011-01-20,2013-12-31,2.15,1.0
2011-01-20,2011-06-30,0.22,2.0
2011-01-20,,6.0,1.0
2011-01-20,2011-09-30,0.36,2.0
2011-01-20,2011-03-31,0.9,2.0
2011-01-20,2011-12-31,1.99,8.0
2011-01-20,2012-12-31,2.34,7.0
2011-01-20,2010-12-31,1.9,6.0
2011-02-17,2011-09-30,0.37,3.0
2011-02-17,2013-12-31,2.15,1.0
2011-02-17,2011-12-31,0.57,3.0
2011-02-17,2011-06-30,0.23,3.0
2011-02-17,2012-12-31,2.38,7.0
2011-02-17,2011-03-31,0.87,3.0
2011-02-17,,6.0,1.0
2011-02-17,2011-12-31,1.99,8.0
2011-03-17,2012-12-31,2.35,6.0
2011-03-17,2011-09-30,0.36,2.0
2011-03-17,2011-12-31,1.99,7.0
2011-03-17,2013-12-31,2.15,1.0
2011-03-17,2011-03-31,0.9,2.0
2011-03-17,2011-12-31,0.56,2.0
2011-03-17,2011-06-30,0.22,2.0
2011-03-17,,6.0,1.0
2011-04-14,2011-03-31,0.9,2.0
2011-04-14,2011-12-31,0.57,2.0
2011-04-14,2011-06-30,0.22,2.0
2011-04-14,2011-09-30,0.34,2.0
2011-04-14,2011-12-31,2.01,7.0
2011-04-14,2012-12-31,2.38,7.0
2011-04-14,2013-12-31,2.15,1.0
2011-04-14,,6.0,1.0
2011-05-19,2011-12-31,0.59,2.0
2011-05-19,2013-12-31,2.29,2.0
2011-05-19,2012-03-31,0.91,1.0
2011-05-19,2011-09-30,0.37,2.0
2011-05-19,2011-12-31,1.85,6.0
2011-05-19,2012-12-31,2.29,6.0
2011-05-19,,6.0,1.0
2011-05-19,2011-06-30,0.18,2.0
2011-06-16,2011-12-31,1.79,6.0
2011-06-16,2011-06-30,0.17,2.0
2011-06-16,2012-03-31,0.87,1.0
2011-06-16,2011-12-31,0.59,2.0
2011-06-16,2011-09-30,0.39,2.0
2011-06-16,2012-12-31,2.27,6.0
2011-06-16,,6.0,1.0
2011-06-16,2013-12-31,2.29,2.0
2011-07-14,2012-12-31,2.27,7.0
2011-07-14,2013-12-31,2.31,4.0
2011-07-14,,5.0,2.0
2011-07-14,2011-06-30,0.15,3.0
2011-07-14,2011-09-30,0.34,2.0
2011-07-14,2011-12-31,1.75,7.0
2011-07-14,2011-12-31,0.56,2.0
2011-07-14,2012-03-31,0.78,2.0
2011-08-18,2013-12-31,2.32,5.0
2011-08-18,2011-09-30,0.37,3.0
2011-08-18,2012-12-31,2.27,7.0
2011-08-18,2012-03-31,0.78,2.0
2011-08-18,2011-12-31,1.76,6.0
2011-08-18,2011-12-31,0.58,3.0
2011-08-18,,5.0,2.0
2011-08-18,2012-06-30,0.31,2.0
2011-09-15,2011-12-31,1.76,6.0
2011-09-15,2012-12-31,2.26,7.0
2011-09-15,2012-06-30,0.31,2.0
2011-09-15,2014-12-31,2.15,1.0
2011-09-15,2011-12-31,0.55,3.0
2011-09-15,,5.0,2.0
2011-09-15,2011-09-30,0.35,3.0
2011-09-15,2015-12-31,2.3,1.0
2011-09-15,2013-12-31,2.32,5.0
2011-09-15,2012-03-31,0.78,2.0
2011-10-20,2012-03-31,0.76,2.0
2011-10-20,2015-12-31,2.3,1.0
2011-10-20,,5.0,2.0
2011-10-20,2012-12-31,2.26,7.0
2011-10-20,2014-12-31,2.15,1.0
2011-10-20,2011-09-30,0.35,3.0
2011-10-20,2011-12-31,0.54,3.0
2011-10-20,2012-06-30,0.34,2.0
2011-10-20,2013-12-31,2.3,5.0
2011-10-20,2011-12-31,1.78,6.0
2011-11-17,2012-09-30,0.46,2.0
2011-11-17,2014-12-31,2.15,1.0
2011-11-17,2013-12-31,2.3,5.0
2011-11-17,2012-03-31,0.76,2.0
2011-11-17,2012-06-30,0.34,2.0
2011-11-17,2015-12-31,2.3,1.0
2011-11-17,2012-12-31,2.28,7.0
2011-11-17,2011-12-31,1.78,6.0
2011-11-17,2011-12-31,0.54,3.0
2011-11-17,,4.0,1.0
2011-12-15,2011-12-31,1.77,5.0
2011-12-15,2012-12-31,2.23,6.0
2011-12-15,2013-12-31,2.33,6.0
2011-12-15,2012-09-30,0.46,3.0
2011-12-15,2012-03-31,0.77,3.0
2011-12-15,2015-12-31,2.3,1.0
2011-12-15,2014-12-31,2.15,1.0
2011-12-15,2011-12-31,0.54,3.0
2011-12-15,2012-06-30,0.35,3.0
2011-12-15,,4.0,1.0
2012-01-19,2012-09-30,0.47,2.0
2012-01-19,2011-12-31,0.53,2.0
2012-01-19,,6.0,1.0
2012-01-19,2012-12-31,2.2,5.0
2012-01-19,2015-12-31,2.3,1.0
2012-01-19,2012-06-30,0.37,2.0
2012-01-19,2011-12-31,1.77,5.0
2012-01-19,2012-03-31,0.82,2.0
2012-01-19,2013-12-31,2.29,5.0
2012-01-19,2014-12-31,2.15,1.0
2012-02-16,2013-12-31,2.27,5.0
2012-02-16,2012-12-31,0.66,2.0
2012-02-16,,6.0,1.0
2012-02-16,2012-03-31,0.73,2.0
2012-02-16,2015-12-31,2.3,1.0
2012-02-16,2012-09-30,0.44,2.0
2012-02-16,2012-06-30,0.35,2.0
2012-02-16,2012-12-31,2.15,5.0
2012-02-16,2014-12-31,2.15,1.0
2012-03-15,2013-12-31,2.27,5.0
2012-03-15,2012-06-30,0.35,2.0
2012-03-15,2012-09-30,0.44,2.0
2012-03-15,,6.0,1.0
2012-03-15,2012-03-31,0.73,2.0
2012-03-15,2012-12-31,0.66,2.0
2012-03-15,2012-12-31,2.15,5.0
2012-04-19,2013-12-31,2.27,5.0
2012-04-19,2012-03-31,0.73,2.0
2012-04-19,,6.0,1.0
2012-04-19,2012-12-31,2.15,5.0
2012-04-19,2012-06-30,0.35,2.0
2012-04-19,2012-12-31,0.66,2.0
2012-04-19,2012-09-30,0.44,2.0
2012-05-17,2012-12-31,0.64,2.0
2012-05-17,,6.0,1.0
2012-05-17,2013-12-31,2.22,5.0
2012-05-17,2014-12-31,2.31,2.0
2012-05-17,2012-06-30,0.34,2.0
2012-05-17,2012-09-30,0.44,2.0
2012-05-17,2012-12-31,2.05,5.0
2012-06-14,2014-12-31,2.31,2.0
2012-06-14,2012-06-30,0.34,2.0
2012-06-14,2012-12-31,0.62,2.0
2012-06-14,2013-12-31,2.2,5.0
2012-06-14,2012-09-30,0.39,2.0
2012-06-14,2012-12-31,1.98,5.0
2012-06-14,,6.0,1.0
2012-07-19,2012-12-31,1.98,5.0
2012-07-19,2012-09-30,0.39,2.0
2012-07-19,2012-12-31,0.62,2.0
2012-07-19,2014-12-31,2.31,2.0
2012-07-19,2013-12-31,2.2,5.0
2012-07-19,2012-06-30,0.34,2.0
2012-08-16,2013-12-31,2.18,5.0
2012-08-16,2012-09-30,0.41,2.0
2012-08-16,2014-12-31,2.31,3.0
2012-08-16,2012-12-31,1.98,5.0
2012-08-16,2012-12-31,0.61,2.0
2012-09-20,2013-12-31,2.23,6.0
2012-09-20,2012-09-30,0.42,3.0
2012-09-20,2012-12-31,1.99,6.0
2012-09-20,2013-03-31,0.8,1.0
2012-09-20,2013-06-30,0.43,1.0
2012-09-20,2012-12-31,0.6,3.0
2012-09-20,2014-12-31,2.46,3.0
2012-10-18,2013-12-31,2.23,6.0
2012-10-18,2012-12-31,0.6,3.0
2012-10-18,2014-12-31,2.42,4.0
2012-10-18,2012-12-31,1.99,6.0
2012-10-18,2013-03-31,0.8,1.0
2012-10-18,2013-06-30,0.43,1.0
2012-10-18,2012-09-30,0.42,3.0
2012-11-15,2014-12-31,2.46,5.0
2012-11-15,2013-12-31,2.29,7.0
2012-11-15,2012-12-31,0.62,4.0
2012-11-15,2013-09-30,0.47,2.0
2012-11-15,2013-06-30,0.41,2.0
2012-11-15,2013-03-31,0.76,2.0
2012-11-15,2016-12-31,2.65,1.0
2012-11-15,2012-12-31,2.04,7.0
2012-11-15,2015-12-31,2.5,1.0
2012-12-20,2014-12-31,2.46,5.0
2012-12-20,2012-12-31,2.04,7.0
2012-12-20,2013-06-30,0.41,2.0
2012-12-20,2015-12-31,2.5,1.0
2012-12-20,2013-12-31,2.29,7.0
2012-12-20,2013-03-31,0.76,2.0
2012-12-20,2012-12-31,0.62,4.0
2012-12-20,2016-12-31,2.65,1.0
2012-12-20,2013-09-30,0.47,2.0
2013-01-17,2013-03-31,0.76,2.0
2013-01-17,2013-06-30,0.41,2.0
2013-01-17,2013-09-30,0.47,2.0
2013-01-17,2013-12-31,2.29,7.0
2013-01-17,2015-12-31,2.57,3.0
2013-01-17,2012-12-31,2.04,7.0
2013-01-17,2012-12-31,0.62,5.0
2013-01-17,2014-12-31,2.46,5.0
2013-01-17,2016-12-31,2.65,1.0
2013-02-14,2014-12-31,2.45,6.0
2013-02-14,,6.0,1.0
2013-02-14,2013-03-31,0.76,2.0
2013-02-14,2013-06-30,0.42,2.0
2013-02-14,2013-09-30,0.44,2.0
2013-02-14,2013-12-31,2.3,7.0
2013-02-14,2013-12-31,0.65,2.0
2013-02-14,2015-12-31,2.57,3.0
2013-02-14,2016-12-31,2.6,1.0
2013-02-14,2017-12-31,2.75,1.0
2013-03-14,2013-03-31,0.72,1.0
2013-03-14,2014-12-31,2.45,7.0
2013-03-14,2013-09-30,0.42,1.0
2013-03-14,2013-12-31,2.29,7.0
2013-03-14,2016-12-31,2.6,1.0
2013-03-14,2017-12-31,2.75,1.0
2013-03-14,,6.0,1.0
2013-03-14,2013-06-30,0.42,1.0
2013-03-14,2015-12-31,2.57,3.0
2013-03-14,2013-12-31,0.71,1.0
2013-04-18,2015-12-31,2.63,4.0
2013-04-18,2013-12-31,0.73,3.0
2013-04-18,2016-12-31,2.6,1.0
2013-04-18,2013-03-31,0.75,4.0
2013-04-18,2017-12-31,2.75,1.0
2013-04-18,2013-12-31,2.3,8.0
2013-04-18,2013-09-30,0.44,3.0
2013-04-18,2013-06-30,0.4,3.0
2013-04-18,,6.0,1.0
2013-04-18,2014-12-31,2.46,8.0
2013-05-16,2014-03-31,0.82,1.0
2013-05-16,2013-09-30,0.42,2.0
2013-05-16,2013-12-31,0.69,2.0
2013-05-16,2015-12-31,2.65,5.0
2013-05-16,2016-12-31,2.75,1.0
2013-05-16,,6.0,1.0
2013-05-16,2014-12-31,2.49,8.0
2013-05-16,2013-12-31,2.34,6.0
2013-05-16,2017-12-31,2.9,1.0
2013-05-16,2013-06-30,0.41,2.0
2013-06-20,2013-12-31,2.33,7.0
2013-06-20,,6.0,1.0
2013-06-20,2013-09-30,0.42,2.0
2013-06-20,2013-06-30,0.41,2.0
2013-06-20,2013-12-31,0.69,2.0
2013-06-20,2015-12-31,2.65,5.0
2013-06-20,2014-12-31,2.49,8.0
2013-06-20,2016-12-31,2.75,1.0
2013-06-20,2014-03-31,0.82,1.0
2013-06-20,2017-12-31,2.9,1.0
2013-07-18,2013-12-31,2.33,6.0
2013-07-18,2014-12-31,2.5,7.0
2013-07-18,,6.0,1.0
2013-07-18,2017-12-31,2.9,1.0
2013-07-18,2013-06-30,0.42,1.0
2013-07-18,2013-09-30,0.42,1.0
2013-07-18,2015-12-31,2.65,5.0
2013-07-18,2016-12-31,2.75,1.0
2013-07-18,2013-12-31,0.71,1.0
2013-08-15,2014-03-31,0.88,1.0
2013-08-15,2015-12-31,2.61,7.0
2013-08-15,2014-06-30,0.42,1.0
2013-08-15,2017-12-31,2.9,1.0
2013-08-15,2013-12-31,2.33,8.0
2013-08-15,2016-12-31,2.75,1.0
2013-08-15,,5.0,2.0
2013-08-15,2013-12-31,0.69,3.0
2013-08-15,2013-09-30,0.4,3.0
2013-08-15,2014-12-31,2.48,8.0
2013-09-19,2014-12-31,2.48,7.0
2013-09-19,2014-03-31,0.88,1.0
2013-09-19,2013-12-31,0.7,2.0
2013-09-19,2015-12-31,2.62,6.0
2013-09-19,2013-09-30,0.4,2.0
2013-09-19,2013-12-31,2.33,7.0
2013-09-19,,4.0,1.0
2013-09-19,2014-06-30,0.42,1.0
2013-09-19,2016-12-31,2.75,1.0
2013-09-19,2017-12-31,2.9,1.0
2013-10-17,2013-12-31,0.69,2.0
2013-10-17,2013-12-31,2.34,7.0
2013-10-17,2017-12-31,2.9,1.0
2013-10-17,2013-09-30,0.43,4.0
2013-10-17,2014-12-31,2.48,7.0
2013-10-17,2015-12-31,2.62,6.0
2013-10-17,2014-03-31,0.88,1.0
2013-10-17,,4.0,1.0
2013-10-17,2016-12-31,2.75,1.0
2013-10-17,2014-06-30,0.42,1.0
2013-11-14,2014-03-31,0.88,1.0
2013-11-14,2015-12-31,2.63,6.0
2013-11-14,,4.0,1.0
2013-11-14,2013-12-31,2.35,6.0
2013-11-14,2013-12-31,0.66,3.0
2013-11-14,2014-06-30,0.42,1.0
2013-11-14,2014-09-30,0.44,1.0
2013-11-14,2014-12-31,2.49,6.0
2013-12-19,2017-12-31,3.05,1.0
2013-12-19,2014-12-31,2.55,6.0
2013-12-19,2016-12-31,2.9,1.0
2013-12-19,2014-03-31,0.88,1.0
2013-12-19,2015-12-31,2.68,6.0
2013-12-19,2013-12-31,0.66,3.0
2013-12-19,2014-06-30,0.42,1.0
2013-12-19,2014-09-30,0.44,1.0
2013-12-19,2013-12-31,2.35,6.0
2013-12-19,,4.0,1.0
2014-01-16,2016-12-31,2.89,2.0
2014-01-16,2014-12-31,2.56,6.0
2014-01-16,2015-12-31,2.69,6.0
2014-01-16,2014-09-30,0.44,1.0
2014-01-16,2014-03-31,0.88,1.0
2014-01-16,2017-12-31,3.05,1.0
2014-01-16,2014-06-30,0.42,1.0
2014-01-16,2013-12-31,2.35,6.0
2014-01-16,2013-12-31,0.66,3.0
2014-02-20,2014-12-31,2.6,5.0
2014-02-20,2015-12-31,2.76,5.0
2014-02-20,2014-12-31,0.78,1.0
2014-02-20,2016-12-31,2.92,5.0
2014-02-20,2017-12-31,3.05,1.0
2014-02-20,2014-03-31,0.89,1.0
2014-02-20,2014-06-30,0.47,1.0
2014-02-20,2014-09-30,0.47,1.0
2014-03-20,2014-12-31,2.61,6.0
2014-03-20,2014-03-31,0.89,2.0
2014-03-20,2015-12-31,2.79,6.0
2014-03-20,2014-12-31,0.75,2.0
2014-03-20,2016-12-31,2.92,5.0
2014-03-20,2017-12-31,3.05,1.0
2014-03-20,2014-09-30,0.51,2.0
2014-03-20,2014-06-30,0.47,2.0
2014-04-17,2017-12-31,3.05,1.0
2014-04-17,2016-12-31,2.92,5.0
2014-04-17,2014-03-31,0.91,2.0
2014-04-17,2014-06-30,0.47,2.0
2014-04-17,2014-12-31,0.75,2.0
2014-04-17,2015-12-31,2.79,6.0
2014-04-17,2014-12-31,2.62,6.0
2014-04-17,2014-09-30,0.51,2.0
2014-05-15,2014-12-31,2.74,6.0
2014-05-15,2016-12-31,2.93,5.0
2014-05-15,2014-09-30,0.51,2.0
2014-05-15,2015-12-31,2.81,6.0
2014-05-15,2014-12-31,0.76,2.0
2014-05-15,2014-06-30,0.47,2.0
2014-05-15,2015-03-31,0.94,1.0
2014-05-15,2017-12-31,3.05,1.0
2014-06-19,2015-03-31,0.94,1.0
2014-06-19,2014-06-30,0.47,2.0
2014-06-19,2014-09-30,0.51,2.0
2014-06-19,2014-12-31,2.74,6.0
2014-06-19,2016-12-31,2.93,5.0
2014-06-19,2015-12-31,2.81,6.0
2014-06-19,2014-12-31,0.76,2.0
2014-07-17,2015-03-31,0.94,1.0
2014-07-17,2014-09-30,0.51,2.0
2014-07-17,2014-12-31,0.76,2.0
2014-07-17,2015-12-31,2.8,6.0
2014-07-17,2016-12-31,2.92,5.0
2014-07-17,2014-12-31,2.74,6.0
2014-07-17,2014-06-30,0.47,3.0
2014-08-14,2015-12-31,2.82,6.0
2014-08-14,2014-12-31,0.73,2.0
2014-08-14,2014-09-30,0.5,2.0
2014-08-14,2014-12-31,2.75,6.0
2014-08-14,2015-06-30,0.52,1.0
2014-08-14,2015-03-31,0.94,1.0
2014-08-14,2016-12-31,2.96,5.0
2014-08-14,2017-12-31,3.15,1.0
2014-09-18,2016-12-31,2.96,5.0
2014-09-18,2017-12-31,3.15,1.0
2014-09-18,2015-03-31,0.99,1.0
2014-09-18,2015-12-31,2.81,6.0
2014-09-18,2015-06-30,0.51,1.0
2014-09-18,2014-12-31,0.73,2.0
2014-09-18,2014-09-30,0.5,2.0
2014-09-18,2014-12-31,2.75,6.0
2014-10-16,2015-06-30,0.53,1.0
2014-10-16,2015-03-31,0.99,1.0
2014-10-16,2014-12-31,0.74,4.0
2014-10-16,2015-12-31,2.85,7.0
2014-10-16,2014-12-31,2.77,7.0
2014-10-16,2014-09-30,0.52,4.0
2014-10-16,2016-12-31,2.98,6.0
2014-10-16,2017-12-31,3.15,1.0
2014-11-20,2015-12-31,3.01,7.0
2014-11-20,2014-12-31,2.89,7.0
2014-11-20,2017-12-31,3.25,2.0
2014-11-20,2016-12-31,3.13,6.0
2014-11-20,2014-12-31,0.78,5.0
2014-11-20,2015-03-31,0.99,1.0
2014-11-20,2018-12-31,3.45,1.0
2014-11-20,2015-09-30,0.62,1.0
2014-11-20,2015-06-30,0.53,1.0
2014-12-18,2015-12-31,3.01,7.0
2014-12-18,2018-12-31,3.45,1.0
2014-12-18,2015-06-30,0.53,1.0
2014-12-18,2014-12-31,2.89,7.0
2014-12-18,2014-12-31,0.78,5.0
2014-12-18,2015-09-30,0.62,1.0
2014-12-18,2015-03-31,0.99,1.0
2014-12-18,2017-12-31,3.25,2.0
2014-12-18,2016-12-31,3.15,6.0
2015-01-15,2015-09-30,0.62,1.0
2015-01-15,2018-12-31,3.45,1.0
2015-01-15,2014-12-31,0.78,5.0
2015-01-15,2017-12-31,3.26,3.0
2015-01-15,2015-12-31,3.0,7.0
2015-01-15,2015-06-30,0.53,1.0
2015-01-15,2014-12-31,2.89,7.0
2015-01-15,2015-03-31,0.99,1.0
2015-01-15,2016-12-31,3.15,6.0
2015-02-19,2018-12-31,3.45,1.0
2015-02-19,2017-12-31,3.18,5.0
2015-02-19,2015-03-31,1.04,2.0
2015-02-19,2015-12-31,0.76,1.0
2015-02-19,2015-12-31,2.88,6.0
2015-02-19,2016-12-31,3.07,7.0
2015-02-19,2015-09-30,0.57,1.0
2015-02-19,2015-06-30,0.48,1.0
2015-03-19,2015-06-30,0.48,1.0
2015-03-19,2015-09-30,0.57,1.0
2015-03-19,2016-12-31,3.07,7.0
2015-03-19,2015-12-31,2.88,6.0
2015-03-19,2015-03-31,1.04,2.0
2015-03-19,2017-12-31,3.18,5.0
2015-03-19,2018-12-31,3.45,1.0
2015-03-19,2015-12-31,0.76,1.0
2015-04-16,2015-06-30,0.48,1.0
2015-04-16,2017-12-31,3.18,5.0
2015-04-16,2018-12-31,3.45,1.0
2015-04-16,2015-03-31,1.04,2.0
2015-04-16,2015-09-30,0.57,1.0
2015-04-16,2015-12-31,2.88,6.0
2015-04-16,2016-12-31,3.07,7.0
2015-04-16,2015-12-31,0.76,1.0
2015-05-14,2016-12-31,3.02,6.0
2015-05-14,2015-06-30,0.45,1.0
2015-05-14,2017-12-31,3.17,5.0
2015-05-14,2015-09-30,0.55,1.0
2015-05-14,2015-12-31,2.85,5.0
2015-05-14,2015-12-31,0.75,1.0
2015-06-18,2017-12-31,3.17,5.0
2015-06-18,2015-09-30,0.57,2.0
2015-06-18,2018-12-31,3.45,1.0
2015-06-18,2015-06-30,0.44,2.0
2015-06-18,2016-12-31,3.03,5.0
2015-06-18,2019-12-31,3.65,1.0
2015-06-18,2015-12-31,0.74,2.0
2015-06-18,2015-12-31,2.85,5.0
2015-07-16,2015-06-30,0.43,3.0
2015-07-16,2015-12-31,2.85,5.0
2015-07-16,,6.19,1.0
2015-07-16,2017-12-31,3.16,4.0
2015-07-16,2016-12-31,3.03,4.0
2015-07-16,2015-09-30,0.57,2.0
2015-07-16,2015-12-31,0.74,2.0
2015-08-20,2016-12-31,3.08,4.0
2015-08-20,2017-12-31,3.18,4.0
2015-08-20,2015-09-30,0.59,1.0
2015-08-20,2015-12-31,2.92,4.0
2015-08-20,2015-12-31,0.72,1.0
2015-08-20,,6.19,1.0
2015-09-17,2015-12-31,0.72,1.0
2015-09-17,2015-09-30,0.57,2.0
2015-09-17,2015-12-31,2.92,4.0
2015-09-17,2016-12-31,3.08,4.0
2015-09-17,2017-12-31,3.18,4.0
2015-09-17,,3.48,1.0
2015-10-15,2015-12-31,2.95,3.0
2015-10-15,2015-12-31,0.75,1.0
2015-10-15,2015-09-30,0.55,1.0
2015-10-15,2016-12-31,3.07,3.0
2015-10-15,2017-12-31,3.2,4.0
2015-10-15,,3.48,1.0
2015-11-19,2016-12-31,3.23,1.0
2015-11-19,2015-12-31,3.0,2.0
2015-11-19,,3.48,1.0
2015-11-19,2017-12-31,3.25,3.0
2015-12-17,2017-12-31,3.22,4.0
2015-12-17,2016-12-31,3.05,2.0
2015-12-17,2016-09-30,0.77,1.0
2015-12-17,2016-06-30,0.94,1.0
2015-12-17,2016-03-31,1.36,1.0
2015-12-17,2015-12-31,0.69,2.0
2015-12-17,2015-12-31,2.98,4.0
2015-12-17,,3.48,1.0
2016-01-14,2015-12-31,2.96,4.0
2016-01-14,,3.84,2.0
2016-01-14,2018-12-31,3.71,1.0
2016-01-14,2015-12-31,0.68,3.0
2016-01-14,2016-03-31,1.36,1.0
2016-01-14,2016-06-30,0.94,1.0
2016-01-14,2016-09-30,0.77,1.0
2016-01-14,2016-12-31,2.91,3.0
2016-01-14,2017-12-31,3.28,3.0
2016-02-18,,5.0,1.0
2016-02-18,2016-03-31,1.2,2.0
2016-02-18,2016-12-31,0.92,1.0
2016-02-18,2017-12-31,3.47,4.0
2016-02-18,2016-09-30,0.66,2.0
2016-02-18,2016-12-31,3.07,5.0
2016-02-18,2016-06-30,0.75,2.0
2016-02-18,2018-12-31,3.92,1.0
2016-03-17,2016-12-31,3.07,5.0
2016-03-17,2016-09-30,0.66,2.0
2016-03-17,2017-12-31,3.47,4.0
2016-03-17,2016-03-31,1.18,2.0
2016-03-17,,5.0,1.0
2016-03-17,2018-12-31,3.92,1.0
2016-03-17,2016-12-31,0.92,1.0
2016-03-17,2016-06-30,0.75,2.0
2016-04-14,2016-06-30,0.75,2.0
2016-04-14,,5.0,1.0
2016-04-14,2018-12-31,3.92,1.0
2016-04-14,2017-12-31,3.47,4.0
2016-04-14,2016-09-30,0.66,2.0
2016-04-14,2016-12-31,3.07,5.0
2016-04-14,2016-12-31,0.92,1.0
2016-04-14,2016-03-31,1.18,2.0
2016-05-19,2016-12-31,3.0,5.0
2016-05-19,,6.25,2.0
2016-05-19,2016-12-31,0.95,3.0
2016-05-19,2016-06-30,0.54,3.0
2016-05-19,2017-03-31,1.38,1.0
2016-05-19,2017-12-31,3.54,5.0
2016-05-19,2018-12-31,3.83,3.0
2016-05-19,2016-09-30,0.53,3.0
2016-06-16,2017-03-31,1.34,2.0
2016-06-16,2016-09-30,0.58,2.0
2016-06-16,2016-12-31,3.02,4.0
2016-06-16,,6.5,2.0
2016-06-16,2017-12-31,3.54,4.0
2016-06-16,2016-06-30,0.56,2.0
2016-06-16,2018-12-31,3.87,2.0
2016-06-16,2016-12-31,0.94,2.0
2016-07-14,2016-12-31,3.02,4.0
2016-07-14,2016-12-31,0.94,2.0
2016-07-14,2017-03-31,1.34,2.0
2016-07-14,2018-12-31,3.87,2.0
2016-07-14,2017-12-31,3.54,4.0
2016-07-14,2016-09-30,0.58,2.0
2016-07-14,2016-06-30,0.56,2.0
2016-07-14,,6.5,2.0
2016-08-18,2016-12-31,3.01,6.0
2016-08-18,,8.0,1.0
2016-08-18,2016-12-31,1.01,2.0
2016-08-18,2017-06-30,0.5,1.0
2016-08-18,2019-12-31,3.78,1.0
2016-08-18,2017-12-31,3.55,5.0
2016-08-18,2017-03-31,1.37,2.0
2016-08-18,2016-09-30,0.51,3.0
2016-08-18,2018-12-31,3.84,4.0
2016-09-15,,7.9,1.0
2016-09-15,2019-12-31,3.78,1.0
2016-09-15,2016-12-31,1.1,2.0
2016-09-15,2017-06-30,0.22,2.0
2016-09-15,2018-12-31,3.84,4.0
2016-09-15,2016-12-31,3.01,6.0
2016-09-15,2017-12-31,3.55,5.0
2016-09-15,2016-09-30,0.42,3.0
2016-09-15,2017-03-31,0.96,2.0
2016-10-20,2019-12-31,3.79,1.0
2016-10-20,,6.7,1.0
2016-10-20,2017-12-31,3.55,5.0
2016-10-20,2016-12-31,3.01,6.0
2016-10-20,2018-12-31,3.84,4.0
2016-10-20,2017-03-31,0.96,2.0
2016-10-20,2016-09-30,0.42,3.0
2016-10-20,2016-12-31,1.1,2.0
2016-10-20,2017-06-30,0.22,2.0
2016-11-17,2016-12-31,0.96,3.0
2016-11-17,2017-12-31,3.55,6.0
2016-11-17,2017-06-30,0.22,2.0
2016-11-17,2016-12-31,3.0,5.0
2016-11-17,2017-09-30,0.53,1.0
2016-11-17,2019-12-31,3.82,1.0
2016-11-17,2017-03-31,0.97,2.0
2016-11-17,,6.7,1.0
2016-11-17,2018-12-31,3.81,5.0
2016-12-15,,7.0,1.0
2016-12-15,2019-12-31,3.82,1.0
2016-12-15,2018-12-31,3.81,5.0
2016-12-15,2016-12-31,1.0,4.0
2016-12-15,2017-12-31,3.55,6.0
2016-12-15,2016-12-31,3.02,6.0
2016-12-15,2017-06-30,0.22,2.0
2016-12-15,2017-03-31,0.97,2.0
2016-12-15,2017-09-30,0.53,1.0
2017-01-19,,7.4,1.0
2017-01-19,2016-12-31,3.03,6.0
2017-01-19,2019-12-31,3.88,2.0
2017-01-19,2018-12-31,3.8,5.0
2017-01-19,2016-12-31,1.12,5.0
2017-01-19,2017-03-31,0.91,3.0
2017-01-19,2017-06-30,0.15,3.0
2017-01-19,2017-09-30,0.38,3.0
2017-01-19,2017-12-31,3.46,7.0
2017-02-16,2017-12-31,3.54,6.0
2017-02-16,2017-06-30,0.57,2.0
2017-02-16,,10.48,3.0
2017-02-16,2020-12-31,4.0,1.0
2017-02-16,2019-12-31,3.87,4.0
2017-02-16,2017-12-31,1.13,2.0
2017-02-16,2018-12-31,3.8,6.0
2017-02-16,2017-09-30,0.63,2.0
2017-02-16,2017-03-31,1.36,3.0
2017-03-16,2017-03-31,1.36,3.0
2017-03-16,2017-12-31,3.54,6.0
2017-03-16,,10.48,3.0
2017-03-16,2018-12-31,3.8,6.0
2017-03-16,2017-09-30,0.63,2.0
2017-03-16,2020-12-31,4.0,1.0
2017-03-16,2017-12-31,1.13,2.0
2017-03-16,2017-06-30,0.57,2.0
2017-03-16,2019-12-31,3.87,4.0
2017-04-20,,10.38,3.0
2017-04-20,2017-03-31,1.43,3.0
2017-04-20,2017-06-30,0.55,2.0
2017-04-20,2020-12-31,4.0,1.0
2017-04-20,2017-09-30,0.52,2.0
2017-04-20,2017-12-31,3.55,6.0
2017-04-20,2018-12-31,3.79,7.0
2017-04-20,2017-12-31,1.09,2.0
2017-04-20,2019-12-31,3.87,4.0
2017-05-18,,12.0,2.0
2017-05-18,2020-12-31,4.0,1.0
2017-05-18,2018-12-31,3.8,6.0
2017-05-18,2019-12-31,3.9,5.0
2017-05-18,2017-12-31,3.61,5.0
2017-05-18,2017-09-30,0.57,3.0
2017-05-18,2017-12-31,1.13,3.0
2017-05-18,2017-06-30,0.51,3.0
2017-06-15,2017-12-31,3.6,6.0
2017-06-15,2017-12-31,1.13,3.0
2017-06-15,2017-09-30,0.57,3.0
2017-06-15,2018-12-31,3.8,6.0
2017-06-15,,12.0,2.0
2017-06-15,2019-12-31,3.89,5.0
2017-06-15,2017-06-30,0.51,4.0
2017-06-15,2020-12-31,4.0,1.0
2017-07-20,2017-12-31,3.61,5.0
2017-07-20,2017-09-30,0.57,3.0
2017-07-20,2017-06-30,0.5,5.0
2017-07-20,2019-12-31,3.87,6.0
2017-07-20,2018-12-31,3.77,6.0
2017-07-20,,12.0,2.0
2017-07-20,2017-12-31,1.15,3.0
2017-07-20,2018-03-31,1.42,1.0
2017-07-20,2020-12-31,4.0,1.0
2017-08-17,2018-03-31,1.42,1.0
2017-08-17,,7.65,1.0
2017-08-17,2018-06-30,0.55,1.0
2017-08-17,2017-12-31,1.15,2.0
2017-08-17,2017-09-30,0.57,2.0
2017-08-17,2020-12-31,4.0,1.0
2017-08-17,2019-12-31,3.87,6.0
2017-08-17,2017-12-31,3.51,4.0
2017-08-17,2018-12-31,3.76,6.0
2017-09-14,2019-12-31,3.84,5.0
2017-09-14,2017-12-31,3.52,3.0
2017-09-14,2017-12-31,1.15,2.0
2017-09-14,2018-06-30,0.55,1.0
2017-09-14,,7.65,1.0
2017-09-14,2018-03-31,1.42,1.0
2017-09-14,2017-09-30,0.57,2.0
2017-09-14,2020-12-31,4.0,1.0
2017-09-14,2018-12-31,3.75,5.0
2017-10-19,,7.18,1.0
2017-10-19,2018-12-31,3.65,5.0
2017-10-19,2017-09-30,0.55,4.0
2017-10-19,2018-03-31,1.41,1.0
2017-10-19,2018-06-30,0.48,1.0
2017-10-19,2019-12-31,3.81,5.0
2017-10-19,2020-12-31,4.02,2.0
2017-10-19,2017-12-31,1.14,3.0
2017-10-19,2017-12-31,3.5,3.0
2017-11-16,,4.26,2.0
2017-11-16,2018-12-31,3.51,7.0
2017-11-16,2018-09-30,0.53,2.0
2017-11-16,2019-12-31,3.62,6.0
2017-11-16,2020-12-31,3.92,3.0
2017-11-16,2018-06-30,0.35,2.0
2017-11-16,2018-03-31,1.3,2.0
2017-11-16,2021-12-31,4.02,1.0
2017-11-16,2017-12-31,1.07,7.0
2017-11-16,2017-12-31,3.37,5.0
2017-12-14,2020-12-31,3.88,3.0
2017-12-14,,4.26,2.0
2017-12-14,2017-12-31,3.37,6.0
2017-12-14,2017-12-31,1.04,6.0
2017-12-14,2018-03-31,1.2,1.0
2017-12-14,2018-06-30,0.23,1.0
2017-12-14,2018-09-30,0.46,1.0
2017-12-14,2018-12-31,3.46,6.0
2017-12-14,2019-12-31,3.56,5.0
2017-12-14,2021-12-31,4.02,1.0
2018-01-18,,3.45,2.0
2018-01-18,2021-12-31,4.02,1.0
2018-01-18,2019-12-31,3.55,6.0
2018-01-18,2017-12-31,1.04,7.0
2018-01-18,2017-12-31,3.37,5.0
2018-01-18,2018-09-30,0.51,2.0
2018-01-18,2020-12-31,3.88,3.0
2018-01-18,2018-03-31,1.33,2.0
2018-01-18,2018-12-31,3.44,7.0
2018-01-18,2018-06-30,0.34,2.0
2018-02-15,2021-12-31,3.94,2.0
2018-02-15,2019-12-31,3.48,7.0
2018-02-15,2018-12-31,3.39,6.0
2018-02-15,2018-12-31,1.05,5.0
2018-02-15,2020-12-31,3.67,5.0
2018-02-15,2018-09-30,0.53,5.0
2018-02-15,2018-03-31,1.5,5.0
2018-02-15,,3.5,3.0
2018-02-15,2018-06-30,0.42,5.0
2018-03-15,2019-12-31,3.47,7.0
2018-03-15,2018-09-30,0.52,6.0
2018-03-15,2021-12-31,3.94,2.0
2018-03-15,2020-12-31,3.67,5.0
2018-03-15,2018-12-31,3.43,7.0
2018-03-15,2018-06-30,0.43,6.0
2018-03-15,,3.5,3.0
2018-03-15,2018-03-31,1.53,6.0
2018-03-15,2018-12-31,1.06,6.0
2018-04-19,2018-09-30,0.5,6.0
2018-04-19,2020-12-31,3.66,5.0
2018-04-19,,4.07,3.0
2018-04-19,2018-03-31,1.54,7.0
2018-04-19,2021-12-31,3.94,2.0
2018-04-19,2018-12-31,3.43,8.0
2018-04-19,2018-06-30,0.41,6.0
2018-04-19,2019-12-31,3.46,7.0
2018-04-19,2018-12-31,0.99,6.0
2018-05-17,2020-12-31,3.66,3.0
2018-05-17,2018-09-30,0.52,3.0
2018-05-17,2018-06-30,0.41,3.0
2018-05-17,2018-12-31,3.41,4.0
2018-05-17,,3.87,3.0
2018-05-17,2018-12-31,0.71,3.0
2018-05-17,2019-03-31,1.55,2.0
2018-05-17,2021-12-31,3.92,1.0
2018-05-17,2019-12-31,3.45,6.0
2018-06-14,2020-12-31,3.66,3.0
2018-06-14,2018-12-31,0.75,4.0
2018-06-14,2021-12-31,3.92,1.0
2018-06-14,,3.86,3.0
2018-06-14,2018-12-31,3.39,5.0
2018-06-14,2019-03-31,1.55,2.0
2018-06-14,2019-12-31,3.45,6.0
2018-06-14,2018-06-30,0.39,4.0
2018-06-14,2018-09-30,0.51,4.0
2018-07-19,2018-12-31,0.75,4.0
2018-07-19,2019-12-31,3.45,6.0
2018-07-19,2020-12-31,3.65,3.0
2018-07-19,2021-12-31,3.92,1.0
2018-07-19,2018-09-30,0.51,4.0
2018-07-19,2018-12-31,3.38,5.0
2018-07-19,,3.93,3.0
2018-07-19,2018-06-30,0.4,5.0
2018-07-19,2019-03-31,1.56,2.0
2018-08-16,2018-09-30,0.51,4.0
2018-08-16,2019-12-31,3.41,6.0
2018-08-16,2019-06-30,0.46,2.0
2018-08-16,2018-12-31,3.4,6.0
2018-08-16,,4.32,2.0
2018-08-16,2018-12-31,0.81,4.0
2018-08-16,2020-12-31,3.65,5.0
2018-08-16,2021-12-31,3.88,3.0
2018-08-16,2019-03-31,1.33,1.0
2018-08-16,2022-12-31,4.09,1.0
2018-09-20,2020-12-31,3.65,5.0
2018-09-20,,4.32,2.0
2018-09-20,2018-12-31,0.81,4.0
2018-09-20,2019-03-31,1.33,1.0
2018-09-20,2018-12-31,3.4,6.0
2018-09-20,2019-06-30,0.46,2.0
2018-09-20,2021-12-31,3.88,3.0
2018-09-20,2018-09-30,0.51,4.0
2018-09-20,2019-12-31,3.41,6.0
2018-09-20,2022-12-31,4.09,1.0
2018-10-18,,4.34,2.0
2018-10-18,2019-03-31,1.33,1.0
2018-10-18,2018-12-31,3.42,7.0
2018-10-18,2019-12-31,3.42,7.0
2018-10-18,2018-12-31,0.82,4.0
2018-10-18,2021-12-31,3.88,3.0
2018-10-18,2019-06-30,0.46,2.0
2018-10-18,2022-12-31,4.09,1.0
2018-10-18,2020-12-31,3.65,6.0
2018-10-18,2018-09-30,0.52,5.0
2018-11-15,2018-12-31,3.42,7.0
2018-11-15,2020-12-31,3.66,6.0
2018-11-15,2019-09-30,0.46,3.0
2018-11-15,2019-03-31,1.46,3.0
2018-11-15,2019-12-31,3.42,7.0
2018-11-15,2022-12-31,4.09,1.0
2018-11-15,2019-06-30,0.46,3.0
2018-11-15,2021-12-31,3.9,3.0
2018-11-15,,4.32,2.0
2018-11-15,2018-12-31,0.92,5.0
2018-12-20,2019-12-31,3.42,7.0
2018-12-20,2018-12-31,3.42,7.0
2018-12-20,2019-06-30,0.46,3.0
2018-12-20,2018-12-31,0.92,5.0
2018-12-20,2020-12-31,3.66,6.0
2018-12-20,2019-09-30,0.46,3.0
2018-12-20,2022-12-31,4.09,1.0
2018-12-20,2021-12-31,3.9,3.0
2018-12-20,,4.37,2.0
2018-12-20,2019-03-31,1.46,3.0
2019-01-17,2021-12-31,3.9,3.0
2019-01-17,2019-12-31,3.42,7.0
2019-01-17,2022-12-31,4.09,1.0
2019-01-17,2019-06-30,0.46,3.0
2019-01-17,2018-12-31,3.42,7.0
2019-01-17,2019-09-30,0.46,3.0
2019-01-17,,4.37,2.0
2019-01-17,2019-03-31,1.46,3.0
2019-01-17,2018-12-31,0.92,5.0
2019-01-17,2020-12-31,3.66,6.0
2019-02-14,2019-06-30,0.45,5.0
2019-02-14,2019-03-31,1.52,5.0
2019-02-14,2019-09-30,0.49,5.0
2019-02-14,2019-12-31,3.43,7.0
2019-02-14,2019-12-31,1.06,5.0
2019-02-14,2020-12-31,3.67,7.0
2019-02-14,2022-12-31,4.09,1.0
2019-02-14,,3.63,1.0
2019-02-14,2021-12-31,3.9,3.0
2019-03-14,2019-06-30,0.45,6.0
2019-03-14,2022-12-31,4.09,1.0
2019-03-14,2021-12-31,3.91,3.0
2019-03-14,2019-12-31,1.04,6.0
2019-03-14,,3.63,1.0
2019-03-14,2019-12-31,3.43,7.0
2019-03-14,2019-09-30,0.48,6.0
2019-03-14,2019-03-31,1.53,6.0
2019-03-14,2020-12-31,3.68,7.0
2019-04-18,,3.63,1.0
2019-04-18,2019-03-31,1.56,6.0
2019-04-18,2019-06-30,0.43,6.0
2019-04-18,2019-09-30,0.46,6.0
2019-04-18,2019-12-31,3.43,7.0
2019-04-18,2022-12-31,4.09,1.0
2019-04-18,2023-12-31,4.31,1.0
2019-04-18,2019-12-31,0.98,6.0
2019-04-18,2021-12-31,3.91,3.0
2019-04-18,2020-12-31,3.68,7.0
2019-05-16,2019-12-31,3.49,7.0
2019-05-16,2020-03-31,1.61,3.0
2019-05-16,2023-12-31,4.22,2.0
2019-05-16,2022-12-31,4.05,2.0
2019-05-16,2019-06-30,0.44,6.0
2019-05-16,2019-12-31,0.96,6.0
2019-05-16,,3.63,1.0
2019-05-16,2021-12-31,3.9,4.0
2019-05-16,2020-12-31,3.69,7.0
2019-05-16,2019-09-30,0.47,6.0
2019-06-20,2019-09-30,0.47,6.0
2019-06-20,2020-03-31,1.61,3.0
2019-06-20,2019-12-31,0.89,5.0
2019-06-20,2021-12-31,3.9,4.0
2019-06-20,,3.63,1.0
2019-06-20,2023-12-31,4.22,2.0
2019-06-20,2022-12-31,4.05,2.0
2019-06-20,2019-12-31,3.49,7.0
2019-06-20,2019-06-30,0.44,6.0
2019-06-20,2020-12-31,3.69,7.0
2019-07-18,2020-03-31,1.6,3.0
2019-07-18,2019-12-31,0.89,5.0
2019-07-18,2022-12-31,4.05,2.0
2019-07-18,2019-12-31,3.49,7.0
2019-07-18,2019-09-30,0.47,6.0
2019-07-18,2021-12-31,3.9,4.0
2019-07-18,2019-06-30,0.44,6.0
2019-07-18,,3.63,1.0
2019-07-18,2020-12-31,3.68,7.0
2019-07-18,2023-12-31,4.22,2.0
2019-08-15,2019-09-30,0.49,4.0
2019-08-15,2023-12-31,4.22,2.0
2019-08-15,2019-12-31,1.02,4.0
2019-08-15,,2.96,1.0
2019-08-15,2020-06-30,0.46,1.0
2019-08-15,2020-03-31,1.6,2.0
2019-08-15,2019-12-31,3.48,5.0
2019-08-15,2021-12-31,3.89,5.0
2019-08-15,2022-12-31,4.05,2.0
2019-08-15,2020-12-31,3.69,6.0
2019-09-19,2020-03-31,1.6,2.0
2019-09-19,2019-09-30,0.49,5.0
2019-09-19,2019-12-31,1.02,5.0
2019-09-19,2021-12-31,3.89,5.0
2019-09-19,2023-12-31,4.22,2.0
2019-09-19,2019-12-31,3.46,7.0
2019-09-19,2020-12-31,3.69,6.0
2019-09-19,,2.96,1.0
2019-09-19,2020-06-30,0.46,1.0
2019-09-19,2022-12-31,4.05,2.0
2019-10-17,2019-12-31,3.46,7.0
2019-10-17,2020-12-31,3.69,6.0
2019-10-17,2022-12-31,4.05,2.0
2019-10-17,2019-09-30,0.51,5.0
2019-10-17,2020-06-30,0.46,1.0
2019-10-17,2021-12-31,3.89,5.0
2019-10-17,2019-12-31,1.0,5.0
2019-10-17,,2.96,1.0
2019-10-17,2020-03-31,1.6,2.0
2019-10-17,2023-12-31,4.22,2.0
2019-11-14,2019-12-31,1.11,5.0
2019-11-14,2023-12-31,4.29,1.0
2019-11-14,2020-09-30,0.49,1.0
2019-11-14,2021-12-31,3.92,4.0
2019-11-14,2020-03-31,1.58,2.0
2019-11-14,2020-06-30,0.47,1.0
2019-11-14,2019-12-31,3.42,6.0
2019-11-14,2020-12-31,3.69,6.0
2019-11-14,,3.66,1.0
2019-11-14,2022-12-31,4.08,1.0
2019-12-19,2020-03-31,1.58,2.0
2019-12-19,,3.66,1.0
2019-12-19,2019-12-31,3.43,7.0
2019-12-19,2019-12-31,1.11,5.0
2019-12-19,2020-06-30,0.47,1.0
2019-12-19,2020-09-30,0.49,1.0
2019-12-19,2020-12-31,3.69,7.0
2019-12-19,2021-12-31,3.92,6.0
2019-12-19,2023-12-31,4.25,2.0
2019-12-19,2022-12-31,4.11,3.0
2020-01-16,2020-03-31,1.58,2.0
2020-01-16,2019-12-31,1.12,5.0
2020-01-16,2020-06-30,0.3,2.0
2020-01-16,2020-12-31,3.7,7.0
2020-01-16,2022-12-31,4.11,3.0
2020-01-16,2021-12-31,3.92,6.0
2020-01-16,2019-12-31,3.44,7.0
2020-01-16,,3.66,1.0
2020-01-16,2020-09-30,0.41,2.0
2020-01-16,2023-12-31,4.25,2.0
2020-02-20,2020-12-31,1.2,4.0
2020-02-20,2021-12-31,3.93,5.0
2020-02-20,2020-06-30,0.34,4.0
2020-02-20,2023-12-31,4.27,3.0
2020-02-20,2020-03-31,1.67,4.0
2020-02-20,2020-12-31,3.7,4.0
2020-02-20,2020-09-30,0.47,4.0
2020-02-20,,5.84,1.0
2020-02-20,2022-12-31,4.12,4.0
2020-03-19,2022-12-31,4.14,5.0
2020-03-19,2023-12-31,4.27,3.0
2020-03-19,2020-09-30,0.48,5.0
2020-03-19,,5.84,1.0
2020-03-19,2020-12-31,3.68,5.0
2020-03-19,2020-06-30,0.34,5.0
2020-03-19,2020-12-31,1.16,5.0
2020-03-19,2020-03-31,1.69,5.0
2020-03-19,2021-12-31,3.93,6.0
2020-04-16,2020-03-31,1.66,5.0
2020-04-16,2021-12-31,3.93,6.0
2020-04-16,2023-12-31,4.27,3.0
2020-04-16,2020-12-31,1.17,5.0
2020-04-16,2022-12-31,4.14,5.0
2020-04-16,2020-12-31,3.62,6.0
2020-04-16,2020-06-30,0.34,5.0
2020-04-16,,5.84,1.0
2020-04-16,2020-09-30,0.48,5.0
2020-05-14,2023-12-31,4.26,3.0
2020-05-14,2021-12-31,3.85,6.0
2020-05-14,2020-12-31,3.53,6.0
2020-05-14,2024-12-31,4.48,1.0
2020-05-14,2020-12-31,1.15,5.0
2020-05-14,2022-12-31,4.1,4.0
2020-05-14,2021-03-31,1.7,3.0
2020-05-14,2020-06-30,0.32,5.0
2020-05-14,2020-09-30,0.47,5.0
2020-06-18,,5.13,1.0
2020-06-18,2021-03-31,1.7,4.0
2020-06-18,2020-12-31,1.2,6.0
2020-06-18,2021-12-31,3.85,7.0
2020-06-18,2020-06-30,0.31,6.0
2020-06-18,2024-12-31,4.48,1.0
2020-06-18,2022-12-31,4.06,5.0
2020-06-18,2020-09-30,0.48,6.0
2020-06-18,2020-12-31,3.54,7.0
2020-06-18,2023-12-31,4.29,2.0
2020-07-16,2020-06-30,0.31,6.0
2020-07-16,2021-12-31,3.85,7.0
2020-07-16,2023-12-31,4.29,2.0
2020-07-16,2022-12-31,4.04,6.0
2020-07-16,2020-12-31,1.21,6.0
2020-07-16,2020-12-31,3.54,7.0
2020-07-16,,4.67,1.0
2020-07-16,2020-09-30,0.47,6.0
2020-07-16,2024-12-31,4.48,1.0
2020-07-16,2021-03-31,1.7,4.0
2020-08-20,2022-12-31,4.04,6.0
2020-08-20,2020-09-30,0.48,6.0
2020-08-20,2021-12-31,3.85,7.0
2020-08-20,2021-06-30,0.35,5.0
2020-08-20,2021-03-31,1.66,5.0
2020-08-20,2024-12-31,4.48,1.0
2020-08-20,,4.69,1.0
2020-08-20,2020-12-31,3.54,7.0
2020-08-20,2020-12-31,1.1,6.0
2020-08-20,2023-12-31,4.29,2.0
2020-09-17,2023-12-31,4.29,2.0
2020-09-17,2020-12-31,3.56,7.0
2020-09-17,2024-12-31,4.48,1.0
2020-09-17,2020-12-31,1.14,6.0
2020-09-17,2021-03-31,1.67,5.0
2020-09-17,2021-06-30,0.34,5.0
2020-09-17,2021-12-31,3.86,7.0
2020-09-17,2020-09-30,0.48,6.0
2020-09-17,2022-12-31,4.04,7.0
2020-09-17,,4.69,1.0
2020-10-15,2021-06-30,0.34,5.0
2020-10-15,2021-12-31,3.86,7.0
2020-10-15,2023-12-31,4.29,2.0
2020-10-15,2021-03-31,1.67,5.0
2020-10-15,2024-12-31,4.48,1.0
2020-10-15,2022-12-31,4.04,7.0
2020-10-15,,4.69,1.0
2020-10-15,2020-09-30,0.48,6.0
2020-10-15,2020-12-31,3.56,7.0
2020-10-15,2020-12-31,1.14,6.0
2020-11-19,2021-12-31,3.86,7.0
2020-11-19,2020-12-31,1.15,6.0
2020-11-19,2023-12-31,4.29,2.0
2020-11-19,2022-12-31,4.05,6.0
2020-11-19,2024-12-31,4.48,1.0
2020-11-19,2020-12-31,3.65,7.0
2020-11-19,2021-06-30,0.34,5.0
2020-11-19,,4.73,1.0
2020-11-19,2021-09-30,0.5,5.0
2020-11-19,2021-03-31,1.67,5.0
2020-12-17,2020-12-31,3.66,7.0
2020-12-17,,4.73,1.0
2020-12-17,2021-09-30,0.51,5.0
2020-12-17,2024-12-31,4.48,1.0
2020-12-17,2020-12-31,1.14,6.0
2020-12-17,2021-12-31,3.87,7.0
2020-12-17,2022-12-31,4.06,6.0
2020-12-17,2021-03-31,1.67,5.0
2020-12-17,2021-06-30,0.35,5.0
2020-12-17,2023-12-31,4.29,2.0
2021-01-14,,4.73,1.0
2021-01-14,2022-12-31,4.08,5.0
2021-01-14,2020-12-31,1.14,7.0
2021-01-14,2021-06-30,0.35,5.0
2021-01-14,2021-12-31,3.87,7.0
2021-01-14,2020-12-31,3.66,7.0
2021-01-14,2021-09-30,0.51,5.0
2021-01-14,2024-12-31,4.48,1.0
2021-01-14,2023-12-31,4.29,2.0
2021-01-14,2021-03-31,1.67,5.0
2021-02-18,2024-12-31,4.48,1.0
2021-02-18,2023-12-31,4.28,4.0
2021-02-18,2022-12-31,4.05,6.0
2021-02-18,2021-12-31,3.9,7.0
2021-02-18,,4.68,1.0
2021-02-18,2021-03-31,1.69,6.0
2021-02-18,2021-12-31,1.25,5.0
2021-02-18,2021-09-30,0.52,6.0
2021-02-18,2021-06-30,0.35,6.0
2021-03-18,2024-12-31,4.48,1.0
2021-03-18,2021-12-31,3.89,8.0
2021-03-18,2021-12-31,1.25,5.0
2021-03-18,2021-03-31,1.69,6.0
2021-03-18,2023-12-31,4.29,6.0
2021-03-18,2022-12-31,4.07,7.0
2021-03-18,2021-06-30,0.35,6.0
2021-03-18,2021-09-30,0.52,6.0
2021-03-18,,4.68,1.0
2021-04-15,2021-09-30,0.52,6.0
2021-04-15,2021-06-30,0.35,6.0
2021-04-15,2021-03-31,1.64,6.0
2021-04-15,2021-12-31,1.3,5.0
2021-04-15,2022-12-31,4.07,7.0
2021-04-15,2021-12-31,3.89,8.0
2021-04-15,,4.65,1.0
2021-04-15,2024-12-31,4.48,1.0
2021-04-15,2023-12-31,4.29,6.0
2021-05-20,,4.67,1.0
2021-05-20,2021-12-31,3.89,6.0
2021-05-20,2021-09-30,0.56,5.0
2021-05-20,2023-12-31,4.3,6.0
2021-05-20,2025-12-31,4.73,1.0
2021-05-20,2021-12-31,1.38,5.0
2021-05-20,2022-03-31,1.67,3.0
2021-05-20,2021-06-30,0.38,5.0
2021-05-20,2022-12-31,4.07,6.0
2021-05-20,2024-12-31,4.48,1.0
2021-06-17,2023-12-31,4.3,6.0
2021-06-17,2022-12-31,4.07,7.0
2021-06-17,2024-12-31,4.48,1.0
2021-06-17,2021-12-31,1.42,6.0
2021-06-17,,4.67,1.0
2021-06-17,2021-09-30,0.53,6.0
2021-06-17,2021-06-30,0.36,6.0
2021-06-17,2021-12-31,3.89,7.0
2021-06-17,2022-03-31,1.67,3.0
2021-06-17,2025-12-31,4.73,1.0
2021-07-15,2023-12-31,4.31,6.0
2021-07-15,2022-12-31,4.07,7.0
2021-07-15,2021-12-31,1.41,5.0
2021-07-15,2025-12-31,4.73,1.0
2021-07-15,2021-06-30,0.36,5.0
2021-07-15,2021-12-31,3.89,6.0
2021-07-15,2021-09-30,0.54,5.0
2021-07-15,2022-03-31,1.62,2.0
2021-07-15,2024-12-31,4.48,1.0
2021-08-19,2024-12-31,4.52,2.0
2021-08-19,2025-12-31,4.74,2.0
2021-08-19,2022-06-30,0.35,3.0
2021-08-19,2021-09-30,0.6,4.0
2021-08-19,2022-03-31,1.66,3.0
2021-08-19,2021-12-31,1.37,4.0
2021-08-19,2022-12-31,4.07,7.0
2021-08-19,2021-12-31,3.9,6.0
2021-08-19,2023-12-31,4.3,6.0
2021-09-16,2021-12-31,3.9,6.0
2021-09-16,2024-12-31,4.52,2.0
2021-09-16,2023-12-31,4.3,5.0
2021-09-16,2025-12-31,4.74,2.0
2021-09-16,2021-12-31,1.37,4.0
2021-09-16,2022-12-31,4.07,6.0
2021-09-16,2022-06-30,0.35,3.0
2021-09-16,2022-03-31,1.66,3.0
2021-09-16,2021-09-30,0.6,4.0
2021-10-14,2022-12-31,4.07,6.0
2021-10-14,2025-12-31,4.74,2.0
2021-10-14,2022-03-31,1.59,4.0
2021-10-14,2022-06-30,0.32,4.0
2021-10-14,2021-12-31,1.35,5.0
2021-10-14,2021-09-30,0.61,5.0
2021-10-14,2023-12-31,4.3,5.0
2021-10-14,2021-12-31,3.9,6.0
2021-10-14,2024-12-31,4.52,2.0
2021-11-18,2022-09-30,0.58,4.0
2021-11-18,2022-12-31,4.08,6.0
2021-11-18,2021-12-31,3.92,6.0
2021-11-18,2025-12-31,4.74,2.0
2021-11-18,2022-06-30,0.33,5.0
2021-11-18,2023-12-31,4.3,5.0
2021-11-18,2021-12-31,1.31,5.0
2021-11-18,2024-12-31,4.52,2.0
2021-11-18,2022-03-31,1.6,5.0
2021-12-16,2025-12-31,4.74,2.0
2021-12-16,2022-03-31,1.6,5.0
2021-12-16,2022-12-31,4.08,6.0
2021-12-16,2022-09-30,0.58,4.0
2021-12-16,2022-06-30,0.33,5.0
2021-12-16,2023-12-31,4.3,5.0
2021-12-16,2024-12-31,4.52,2.0
2021-12-16,2021-12-31,3.92,6.0
2021-12-16,2021-12-31,1.31,5.0
2022-01-20,2022-09-30,0.56,5.0
2022-01-20,2021-12-31,3.89,7.0
2022-01-20,2021-12-31,1.28,6.0
2022-01-20,2022-03-31,1.55,5.0
2022-01-20,2022-06-30,0.32,5.0
2022-01-20,2022-12-31,4.08,6.0
2022-01-20,2023-12-31,4.3,5.0
2022-01-20,2025-12-31,4.74,2.0
2022-01-20,2024-12-31,4.52,2.0
2022-02-17,2024-12-31,4.53,4.0
2022-02-17,2022-12-31,4.07,6.0
2022-02-17,2022-06-30,0.33,4.0
2022-02-17,2022-12-31,1.38,3.0
2022-02-17,2022-09-30,0.58,4.0
2022-02-17,2023-12-31,4.29,5.0
2022-02-17,2025-12-31,4.73,3.0
2022-02-17,2026-12-31,4.95,2.0
2022-02-17,2022-03-31,1.55,4.0
2022-03-17,2023-12-31,4.28,4.0
2022-03-17,2022-12-31,1.37,3.0
2022-03-17,2026-12-31,4.95,2.0
2022-03-17,2022-03-31,1.68,4.0
2022-03-17,2022-06-30,0.38,3.0
2022-03-17,2022-09-30,0.63,3.0
2022-03-17,2022-12-31,4.06,5.0
2022-03-17,2025-12-31,4.73,3.0
2022-03-17,2024-12-31,4.53,4.0
2022-04-14,2024-12-31,4.51,5.0
2022-04-14,2022-12-31,4.06,5.0
2022-04-14,2026-12-31,4.95,2.0
2022-04-14,2025-12-31,4.73,3.0
2022-04-14,2022-12-31,1.65,4.0
2022-04-14,2022-06-30,0.34,4.0
2022-04-14,2023-12-31,4.28,5.0
2022-04-14,2022-09-30,0.59,4.0
2022-04-14,2022-03-31,1.57,5.0
2022-05-19,2023-12-31,4.28,5.0
2022-05-19,2026-12-31,4.95,2.0
2022-05-19,2023-03-31,1.54,3.0
2022-05-19,2024-12-31,4.51,5.0
2022-05-19,2022-12-31,1.33,5.0
2022-05-19,2022-12-31,4.08,6.0
2022-05-19,2022-09-30,0.63,4.0
2022-05-19,2022-06-30,0.38,4.0
2022-05-19,2025-12-31,4.73,3.0
2022-06-16,2024-12-31,4.51,5.0
2022-06-16,2023-03-31,1.54,3.0
2022-06-16,2026-12-31,4.95,2.0
2022-06-16,2022-06-30,0.39,4.0
2022-06-16,2022-09-30,0.61,4.0
2022-06-16,2025-12-31,4.73,3.0
2022-06-16,2022-12-31,4.08,6.0
2022-06-16,2022-12-31,1.31,5.0
2022-06-16,2023-12-31,4.28,5.0
2022-07-14,2022-12-31,1.26,5.0
2022-07-14,2024-12-31,4.51,5.0
2022-07-14,2023-12-31,4.28,5.0
2022-07-14,2025-12-31,4.73,3.0
2022-07-14,2022-12-31,4.08,6.0
2022-07-14,2022-09-30,0.61,5.0
2022-07-14,2022-06-30,0.4,5.0
2022-07-14,2023-03-31,1.54,3.0
2022-07-14,2026-12-31,4.95,2.0
2022-08-18,2023-12-31,4.29,6.0
2022-08-18,2022-12-31,4.09,6.0
2022-08-18,2026-12-31,4.95,2.0
2022-08-18,2025-12-31,4.73,3.0
2022-08-18,2023-06-30,0.53,4.0
2022-08-18,2022-12-31,1.19,5.0
2022-08-18,2022-09-30,0.63,5.0
2022-08-18,2024-12-31,4.51,5.0
2022-08-18,2023-03-31,1.81,4.0
2022-09-15,2022-09-30,0.61,5.0
2022-09-15,2025-12-31,4.73,3.0
2022-09-15,2023-03-31,1.81,4.0
2022-09-15,2026-12-31,4.97,2.0
2022-09-15,2023-12-31,4.29,7.0
2022-09-15,2023-06-30,0.53,4.0
2022-09-15,2022-12-31,4.1,7.0
2022-09-15,2024-12-31,4.51,5.0
2022-09-15,2022-12-31,1.18,5.0
2022-10-20,2023-12-31,4.28,7.0
2022-10-20,2022-09-30,0.6,5.0
2022-10-20,2022-12-31,1.18,5.0
2022-10-20,2025-12-31,4.73,3.0
2022-10-20,2023-06-30,0.52,4.0
2022-10-20,2022-12-31,4.1,7.0
2022-10-20,2026-12-31,4.97,2.0
2022-10-20,2023-03-31,1.8,4.0
2022-10-20,2024-12-31,4.51,5.0
2022-11-17,2023-03-31,1.74,1.0
2022-11-17,2023-09-30,0.59,1.0
2022-11-17,2022-12-31,1.19,2.0
2022-11-17,2022-12-31,4.09,5.0
2022-11-17,2024-12-31,4.42,4.0
2022-11-17,2023-06-30,0.38,1.0
2022-11-17,2026-12-31,4.85,1.0
2022-11-17,2023-12-31,4.19,5.0
2022-11-17,2025-12-31,4.69,2.0
2022-12-15,2023-12-31,4.18,6.0
2022-12-15,2026-12-31,4.92,2.0
2022-12-15,2022-12-31,1.13,3.0
2022-12-15,2023-03-31,1.73,2.0
2022-12-15,2023-06-30,0.48,2.0
2022-12-15,2024-12-31,4.41,5.0
2022-12-15,2023-09-30,0.68,2.0
2022-12-15,2022-12-31,4.04,6.0
2022-12-15,2025-12-31,4.67,3.0
2023-01-19,2023-06-30,0.52,3.0
2023-01-19,2024-12-31,4.37,6.0
2023-01-19,2026-12-31,4.93,3.0
2023-01-19,2022-12-31,4.03,7.0
2023-01-19,2025-12-31,4.61,4.0
2023-01-19,2022-12-31,1.13,5.0
2023-01-19,2023-12-31,4.14,7.0
2023-01-19,2023-03-31,1.78,3.0
2023-01-19,2023-09-30,0.68,2.0
2023-02-16,2023-06-30,0.37,4.0
2023-02-16,2023-12-31,1.22,3.0
2023-02-16,2026-12-31,4.38,3.0
2023-02-16,2023-12-31,3.75,7.0
2023-02-16,2023-03-31,1.68,4.0
2023-02-16,2027-12-31,4.62,3.0
2023-02-16,2023-09-30,0.53,3.0
2023-02-16,2024-12-31,3.89,6.0
2023-02-16,2025-12-31,4.11,6.0
2023-03-16,2023-12-31,3.75,7.0
2023-03-16,2026-12-31,4.38,3.0
2023-03-16,2023-12-31,1.22,3.0
2023-03-16,2024-12-31,3.89,6.0
2023-03-16,2023-03-31,1.68,4.0
2023-03-16,2023-06-30,0.37,4.0
2023-03-16,2025-12-31,4.11,6.0
2023-03-16,2027-12-31,4.62,3.0
2023-03-16,2023-09-30,0.53,3.0
2023-04-20,2023-03-31,1.68,4.0
2023-04-20,2023-06-30,0.37,4.0
2023-04-20,2023-09-30,0.53,3.0
2023-04-20,2023-12-31,3.75,7.0
2023-04-20,2026-12-31,4.38,3.0
2023-04-20,2023-12-31,1.22,3.0
2023-04-20,2025-12-31,4.11,6.0
2023-04-20,2027-12-31,4.62,3.0
2023-04-20,2024-12-31,3.89,6.0
2023-05-18,2023-12-31,1.14,2.0
2023-05-18,2027-12-31,4.62,3.0
2023-05-18,2026-12-31,4.38,3.0
2023-05-18,2023-12-31,3.76,2.0
2023-05-18,2025-12-31,4.18,2.0
2023-05-18,2024-03-31,1.62,1.0
2023-05-18,2024-12-31,3.86,3.0
2023-05-18,2023-06-30,0.36,2.0
2023-05-18,2023-09-30,0.54,2.0
2023-06-15,2025-12-31,4.17,3.0
2023-06-15,2024-03-31,1.62,1.0
2023-06-15,2023-12-31,1.14,2.0
2023-06-15,2026-12-31,4.38,3.0
2023-06-15,2023-06-30,0.39,3.0
2023-06-15,2024-12-31,3.88,4.0
2023-06-15,2027-12-31,4.62,3.0
2023-06-15,2023-12-31,3.77,3.0
2023-06-15,2023-09-30,0.54,2.0
2023-07-20,2023-12-31,1.14,2.0
2023-07-20,2024-12-31,3.88,5.0
2023-07-20,2027-12-31,4.62,3.0
2023-07-20,2023-12-31,3.78,4.0
2023-07-20,2023-06-30,0.39,3.0
2023-07-20,2024-03-31,1.62,1.0
2023-07-20,2023-09-30,0.54,2.0
2023-07-20,2025-12-31,4.16,4.0
2023-07-20,2026-12-31,4.38,3.0
2023-08-17,2023-12-31,1.16,2.0
2023-08-17,2023-09-30,0.55,2.0
2023-08-17,2024-03-31,1.6,1.0
2023-08-17,2024-12-31,3.84,4.0
2023-08-17,2025-12-31,4.15,3.0
2023-08-17,2023-12-31,3.75,3.0
2023-08-17,2027-12-31,4.58,2.0
2023-08-17,2024-06-30,0.47,1.0
2023-08-17,2026-12-31,4.37,2.0
2023-09-14,2024-03-31,1.6,1.0
2023-09-14,2023-09-30,0.55,2.0
2023-09-14,2023-12-31,3.76,4.0
2023-09-14,2023-12-31,1.16,2.0
2023-09-14,2024-06-30,0.47,1.0
2023-09-14,2024-12-31,3.86,5.0
2023-09-14,2025-12-31,4.15,3.0
2023-09-14,2026-12-31,4.37,2.0
2023-09-14,2027-12-31,4.58,2.0
2023-10-19,2024-06-30,0.46,1.0
2023-10-19,2025-12-31,4.14,3.0
2023-10-19,2024-03-31,1.59,1.0
2023-10-19,2023-09-30,0.54,2.0
2023-10-19,2027-12-31,4.58,2.0
2023-10-19,2023-12-31,3.76,3.0
2023-10-19,2026-12-31,4.37,2.0
2023-10-19,2024-12-31,3.84,5.0
2023-10-19,2023-12-31,1.14,2.0
2023-11-16,2024-12-31,3.83,4.0
2023-11-16,2023-12-31,3.79,4.0
2023-11-16,2023-12-31,1.09,2.0
2023-11-16,2026-12-31,4.36,2.0
2023-11-16,2024-03-31,1.59,1.0
2023-11-16,2025-12-31,4.08,4.0
2023-11-16,2024-09-30,0.65,1.0
2023-11-16,2027-12-31,4.57,2.0
2023-11-16,2024-06-30,0.48,1.0
2023-12-14,2023-12-31,1.1,3.0
2023-12-14,2024-12-31,3.85,5.0
2023-12-14,2024-03-31,1.71,2.0
2023-12-14,2024-06-30,0.47,2.0
2023-12-14,2023-12-31,3.79,4.0
2023-12-14,2024-09-30,0.76,2.0
2023-12-14,2025-12-31,4.11,4.0
2023-12-14,2027-12-31,4.57,2.0
2023-12-14,2026-12-31,4.36,2.0
2024-01-18,2025-12-31,4.11,4.0
2024-01-18,2026-12-31,4.31,3.0
2024-01-18,2024-12-31,3.87,5.0
2024-01-18,2024-06-30,0.47,2.0
2024-01-18,2024-09-30,0.75,2.0
2024-01-18,2024-03-31,1.7,2.0
2024-01-18,2023-12-31,1.08,3.0
2024-01-18,2027-12-31,4.57,2.0
2024-01-18,2023-12-31,3.79,4.0
2024-01-18,,0.7,1.0
2024-02-15,2026-12-31,4.35,4.0
2024-02-15,2025-12-31,4.12,4.0
2024-02-15,2024-12-31,1.21,2.0
2024-02-15,2024-03-31,1.72,2.0
2024-02-15,2027-12-31,4.64,3.0
2024-02-15,,0.7,1.0
2024-02-15,2024-09-30,0.61,2.0
2024-02-15,2024-12-31,3.91,4.0
2024-02-15,2024-06-30,0.37,2.0
2024-02-15,2028-12-31,4.83,2.0
2024-03-14,,0.7,1.0
2024-03-14,2024-12-31,3.89,4.0
2024-03-14,2024-12-31,1.22,2.0
2024-03-14,2028-12-31,4.87,2.0
2024-03-14,2027-12-31,4.64,3.0
2024-03-14,2026-12-31,4.33,4.0
2024-03-14,2025-12-31,4.11,4.0
2024-03-14,2024-09-30,0.61,2.0
2024-03-14,2024-03-31,1.72,2.0
2024-03-14,2024-06-30,0.36,2.0
2024-04-18,2027-12-31,4.64,3.0
2024-04-18,2025-12-31,4.11,4.0
2024-04-18,2024-12-31,1.22,2.0
2024-04-18,2024-12-31,3.89,4.0
2024-04-18,2024-03-31,1.72,2.0
2024-04-18,2024-09-30,0.61,2.0
2024-04-18,2026-12-31,4.33,4.0
2024-04-18,2024-06-30,0.36,2.0
2024-04-18,2028-12-31,4.87,2.0
2024-05-16,2026-12-31,4.4,3.0
2024-05-16,2028-12-31,4.86,2.0
2024-05-16,2025-12-31,4.14,3.0
2024-05-16,2024-12-31,3.91,3.0
2024-05-16,2024-12-31,1.22,1.0
2024-05-16,2024-06-30,0.25,1.0
2024-05-16,2025-03-31,1.69,1.0
2024-05-16,2027-12-31,4.64,3.0
2024-05-16,2024-09-30,0.56,1.0
2024-06-20,2026-12-31,4.4,3.0
2024-06-20,2025-03-31,1.69,1.0
2024-06-20,2027-12-31,4.64,3.0
2024-06-20,2024-06-30,0.25,1.0
2024-06-20,2025-12-31,4.14,3.0
2024-06-20,2028-12-31,4.86,2.0
2024-06-20,2024-12-31,1.22,1.0
2024-06-20,2024-09-30,0.56,1.0
2024-06-20,2024-12-31,3.91,3.0
2024-07-18,2024-12-31,1.22,1.0
2024-07-18,2027-12-31,4.64,3.0
2024-07-18,2026-12-31,4.4,3.0
2024-07-18,2024-09-30,0.56,1.0
2024-07-18,2024-06-30,0.25,1.0
2024-07-18,2028-12-31,4.86,2.0
2024-07-18,2025-03-31,1.69,1.0
2024-07-18,2024-12-31,3.92,3.0
2024-07-18,2025-12-31,4.14,3.0
2024-08-15,2025-03-31,1.69,1.0
2024-08-15,2025-12-31,4.14,3.0
2024-08-15,2028-12-31,4.86,2.0
2024-08-15,2025-06-30,0.53,1.0
2024-08-15,2027-12-31,4.64,3.0
2024-08-15,2026-12-31,4.4,3.0
2024-08-15,2024-12-31,3.92,3.0
2024-09-19,2025-12-31,4.14,4.0
2024-09-19,2024-12-31,1.04,1.0
2024-09-19,2027-12-31,4.64,3.0
2024-09-19,2025-06-30,0.57,2.0
2024-09-19,2026-12-31,4.4,3.0
2024-09-19,2028-12-31,4.86,2.0
2024-09-19,2025-03-31,1.71,2.0
2024-09-19,2024-12-31,3.91,4.0
2024-09-19,2024-09-30,0.64,1.0
2024-10-17,2025-03-31,1.71,2.0
2024-10-17,2024-12-31,3.91,5.0
2024-10-17,2024-12-31,1.04,1.0
2024-10-17,2025-06-30,0.57,2.0
2024-10-17,2025-12-31,4.14,4.0
2024-10-17,2024-09-30,0.64,1.0
2024-10-17,2026-12-31,4.4,3.0
2024-10-17,2027-12-31,4.64,3.0
2024-10-17,2028-12-31,4.86,2.0
2024-11-14,2026-12-31,4.37,4.0
2024-11-14,2025-09-30,0.63,2.0
2024-11-14,2025-12-31,4.13,4.0
2024-11-14,2027-12-31,4.63,3.0
2024-11-14,2028-12-31,4.86,2.0
2024-11-14,2024-12-31,3.89,5.0
2024-11-14,,3.5,1.0
2024-11-14,2025-03-31,1.8,2.0
2024-11-14,2024-12-31,1.18,1.0
2024-11-14,2025-06-30,0.47,2.0
2024-12-19,2025-06-30,0.49,2.0
2024-12-19,2024-12-31,3.89,5.0
2024-12-19,2027-12-31,4.63,3.0
2024-12-19,2028-12-31,4.86,2.0
2024-12-19,2025-09-30,0.56,2.0
2024-12-19,2025-12-31,4.13,4.0
2024-12-19,2024-12-31,1.34,2.0
2024-12-19,2026-12-31,4.37,4.0
2024-12-19,,3.5,1.0
2024-12-19,2025-03-31,1.83,2.0
2025-01-16,2026-12-31,4.36,4.0
2025-01-16,2028-12-31,4.83,2.0
2025-01-16,2024-12-31,3.88,6.0
2025-01-16,2024-12-31,1.33,3.0
2025-01-16,2025-03-31,1.79,3.0
2025-01-16,2027-12-31,4.56,4.0
2025-01-16,2025-06-30,0.53,3.0
2025-01-16,2025-12-31,4.11,5.0
2025-01-16,,3.4,1.0
2025-01-16,2025-09-30,0.56,2.0
2025-02-20,2026-12-31,4.32,3.0
2025-02-20,2025-09-30,0.45,2.0
2025-02-20,2027-12-31,4.58,2.0
2025-02-20,2025-03-31,1.86,2.0
2025-02-20,2025-12-31,1.4,2.0
2025-02-20,2029-12-31,5.11,2.0
2025-02-20,,5.3,1.0
2025-02-20,2025-06-30,0.4,2.0
2025-02-20,2028-12-31,4.84,2.0
2025-02-20,2025-12-31,4.1,3.0
2025-03-20,2028-12-31,4.84,2.0
2025-03-20,2027-12-31,4.54,4.0
2025-03-20,2025-03-31,1.86,2.0
2025-03-20,2026-12-31,4.3,5.0
2025-03-20,2025-12-31,4.09,4.0
2025-03-20,,5.3,1.0
2025-03-20,2025-09-30,0.45,2.0
2025-03-20,2025-12-31,1.4,2.0
2025-03-20,2029-12-31,5.11,2.0
2025-03-20,2025-06-30,0.4,2.0
2025-04-17,2025-12-31,4.09,4.0
2025-04-17,2025-12-31,1.4,3.0
2025-04-17,2026-12-31,4.3,5.0
2025-04-17,2025-09-30,0.42,3.0
2025-04-17,,5.3,1.0
2025-04-17,2027-12-31,4.54,4.0
2025-04-17,2025-06-30,0.4,3.0
2025-04-17,2028-12-31,4.84,2.0
2025-04-17,2025-03-31,1.89,3.0
2025-04-17,2029-12-31,5.11,2.0
2025-05-15,2028-12-31,4.86,3.0
2025-05-15,2026-03-31,1.97,2.0
2025-05-15,2026-12-31,4.31,5.0
2025-05-15,,5.3,1.0
2025-05-15,2025-09-30,0.47,3.0
2025-05-15,2027-12-31,4.55,4.0
2025-05-15,2029-12-31,5.13,3.0
2025-05-15,2025-12-31,4.1,5.0
2025-05-15,2025-12-31,1.37,3.0
2025-05-15,2025-06-30,0.37,3.0
2025-06-19,2027-12-31,4.56,5.0
2025-06-19,2029-12-31,5.13,3.0
2025-06-19,2025-12-31,4.1,6.0
2025-06-19,2025-12-31,1.39,4.0
2025-06-19,,5.3,1.0
2025-06-19,2026-12-31,4.31,6.0
2025-06-19,2028-12-31,4.86,3.0
2025-06-19,2025-09-30,0.45,4.0
2025-06-19,2026-03-31,1.94,3.0
2025-06-19,2025-06-30,0.39,4.0
2025-07-17,2028-12-31,4.86,3.0
2025-07-17,2025-06-30,0.39,4.0
2025-07-17,2027-12-31,4.56,5.0
2025-07-17,2025-09-30,0.45,4.0
2025-07-17,2026-03-31,1.94,3.0
2025-07-17,2025-12-31,4.1,6.0
2025-07-17,2025-12-31,1.39,4.0
2025-07-17,2026-12-31,4.31,6.0
2025-07-17,2029-12-31,5.13,3.0
2025-07-17,,5.3,1.0
2025-08-14,2025-12-31,1.36,2.0
2025-08-14,2029-12-31,5.15,2.0
2025-08-14,2026-12-31,4.3,4.0
2025-08-14,,5.3,1.0
2025-08-14,2027-12-31,4.54,3.0
2025-08-14,2025-09-30,0.49,2.0
2025-08-14,2026-06-30,0.56,2.0
2025-08-14,2028-12-31,4.87,2.0
2025-08-14,2026-03-31,2.09,2.0
2025-08-14,2025-12-31,4.09,4.0
2025-09-18,2025-09-30,0.46,4.0
2025-09-18,2026-06-30,0.55,4.0
2025-09-18,2029-12-31,5.15,2.0
2025-09-18,2027-12-31,4.6,3.0
2025-09-18,2025-12-31,1.4,4.0
2025-09-18,2025-12-31,4.11,4.0
2025-09-18,2026-12-31,4.34,4.0
2025-09-18,,5.3,1.0
2025-09-18,2026-03-31,2.01,4.0
2025-09-18,2028-12-31,4.87,2.0
2025-10-16,2026-03-31,2.01,4.0
2025-10-16,2026-06-30,0.55,4.0
2025-10-16,2027-12-31,4.6,3.0
2025-10-16,,5.3,1.0
2025-10-16,2029-12-31,5.15,2.0
2025-10-16,2025-12-31,4.11,4.0
2025-10-16,2028-12-31,4.87,2.0
2025-10-16,2025-12-31,1.45,4.0
2025-10-16,2026-12-31,4.34,4.0
2025-10-16,2025-09-30,0.41,4.0
2025-11-20,2025-12-31,4.11,4.0
2025-11-20,2028-12-31,4.87,2.0
2025-11-20,2029-12-31,5.15,2.0
2025-11-20,2026-06-30,0.55,4.0
2025-11-20,2026-09-30,0.56,3.0
2025-11-20,2026-12-31,4.34,4.0
2025-11-20,2025-12-31,1.42,3.0
2025-11-20,2027-12-31,4.6,3.0
2025-11-20,,5.3,1.0
2025-11-20,2026-03-31,2.01,4.0
2025-12-18,2026-09-30,0.56,3.0
2025-12-18,,5.3,1.0
2025-12-18,2027-12-31,4.55,4.0
2025-12-18,2028-12-31,4.87,2.0
2025-12-18,2025-12-31,1.45,3.0
2025-12-18,2026-03-31,2.01,4.0
2025-12-18,2026-06-30,0.55,4.0
2025-12-18,2025-12-31,4.1,5.0
2025-12-18,2026-12-31,4.32,5.0
2025-12-18,2029-12-31,5.15,2.0
2026-01-15,2029-12-31,5.15,2.0
2026-01-15,2026-06-30,0.55,4.0
2026-01-15,,5.3,1.0
2026-01-15,2025-12-31,1.45,3.0
2026-01-15,2028-12-31,4.87,2.0
2026-01-15,2027-12-31,4.55,4.0
2026-01-15,2026-12-31,4.32,5.0
2026-01-15,2026-03-31,2.01,4.0
2026-01-15,2025-12-31,4.1,5.0
2026-01-15,2026-09-30,0.56,3.0
2026-02-19,2026-06-30,0.51,3.0
2026-02-19,,5.9,1.0
2026-02-19,2026-12-31,4.35,4.0
2026-02-19,2029-12-31,5.18,3.0
2026-02-19,2027-12-31,4.6,4.0
2026-02-19,2030-12-31,5.5,2.0
2026-02-19,2026-09-30,0.67,3.0
2026-02-19,2026-12-31,1.16,3.0
2026-02-19,2028-12-31,4.89,3.0
2026-02-19,2026-03-31,2.01,3.0
