announcedate,keydeveventtypeid,headline
1994-01-03,95,Woodside Petroleum Ltd.(ASX:WPL) added to FTSE All-World Index (USD)
1996-07-01,95,Woodside Petroleum Ltd.(ASX:WPL) added to Russell Global Index
2000-03-31,95,Woodside Petroleum Ltd.(ASX:WPL) added to S&P/ASX 200 Index
2000-03-31,95,Woodside Petroleum Ltd.(ASX:WPL) added to S&P/ASX 200 Energy Sector Index
2000-03-31,95,Woodside Petroleum Ltd.(ASX:WPL) added to S&P/ASX 300 Index
2000-05-17,80,Woodside Petroleum Ltd. (ASX:WPL) made an offer to acquire certain assets from Shell Australia Investments Limited for AUD 7.1 billion.
2000-08-23,95,Woodside Petroleum Ltd.(ASX:WPL) added to S&P/ASX All Ordinaries Index
2000-08-23,95,Woodside Petroleum Ltd.(ASX:WPL) added to S&P/ASX 100 Index
2000-08-23,95,Woodside Petroleum Ltd.(ASX:WPL) added to S&P/ASX 20 Index
2000-08-23,95,Woodside Petroleum Ltd.(ASX:WPL) added to S&P/ASX 50 Index
2000-11-24,80,Shell Australia Investments Limited made an offer to acquire remaining 65.7% stake in Woodside Petroleum Ltd. (ASX:WPL) for AUD 6.5 billion.
2001-02-23,80,ConocoPhillips (NYSE:COP) agreed to acquire a 16.39% interest in the greater sunrise fields from Woodside Petroleum Ltd. ASX:WPL) for a reported value of $176 million.
2001-04-30,82,Shell Australia Investments Limited cancelled the acquisition of remaining 65.7% stake in Woodside Petroleum Ltd. (ASX:WPL).
2001-05-01,82,Woodside Petroleum Ltd. (ASX:WPL) cancelled the acquisition of certain assets from Shell Australia Investments Limited.
2001-07-03,83,Hardman Resources Ltd. announced that it will receive AUD 36.30 million in funding from Woodside Petroleum Ltd.
2001-07-04,83,Hardman Resources Ltd. announced that it has received AUD 36.3 million in funding from Woodside Petroleum Ltd..
2002-09-25,3,Woodside Petroleum Ltd. is considering acquisitions.
2002-09-25,3,Woodside Petroleum Ltd. is considering acquisitions.
2002-09-25,3,Woodside Petroleum Ltd. is considering acquisitions.
2002-09-25,3,Woodside Petroleum Ltd. is considering acquisitions.
2003-04-01,21,Downsizing/Discontinued Operations announcement for Woodside Petroleum Ltd
2003-04-14,101,Woodside To Look For New Chief Executive To Replace Akehurst
2003-10-21,16,"Woodside Petroleum Ltd.'s Board To Consider Akehurst's Replacement At Meeting, May Appoint Acting Chief Executive Keith Spence Permanently To The Position"
2003-12-17,80,Woodside Petroleum Ltd. (ASX: WPL) entered into an agreement to acquire Agip Mauritania B.V. from Eni Exploration B.v. for approximately $77 million.
2004-01-13,81,Woodside Petroleum Ltd. (ASX: WPL) completed the acquisition of Agip Mauritania B.V. from Eni Exploration B.v. for approximately $77 million.
2004-01-22,23,Woodside Petroleum Ltd. Secures LNG Deal with Chubu Electric of Japan
2004-01-22,138,Woodside Petroleum Ltd. Announces Sales for the Full Year 2003
2004-02-13,29,Woodside Petroleum Ltd. Provides Outlook for the Full Year of 2003
2004-02-16,101,Australia's Woodside Petroleum Ltd. Names Don Voelte as CEO
2004-02-16,16,Australia's Woodside Petroleum Ltd. Names Don Voelte as CEO
2004-02-16,16,Woodside Petroleum Announces the Appooinment of Keith Space as Chief Executive
2004-02-18,28,Woodside Reports Earnings Results for Full Year 2003
2004-02-26,80,"Announced Merger/Acquisition Transaction - Target: Woodside Petroleum Ltd., Kipper Gas Field; Buyer(s): Anzon Australia Limited; Seller(s): Woodside Petroleum Ltd."
2004-02-26,80,"Announced Merger/Acquisition Transaction - Target: Woodside Petroleum Ltd, Basker, Manta and Gummy Oil Fields; Buyer(s): Anzon Australia Limited; Seller(s): Woodside Petroleum Ltd."
2004-02-26,81,"Closed Merger/Acquisition Transaction - Target: Woodside Petroleum Ltd, Basker, Manta and Gummy Oil Fields; Buyer(s): Anzon Australia Limited; Seller(s): Woodside Petroleum Ltd."
2004-03-05,23,Woodside Petroleum Renegotiated its Domestic Gas Sales Agreement with Western Power Extending it Until the End of 2022
2004-03-19,31,Woodside Petroleum to spend 1.48 bln aud on new oilfield
2004-03-31,81,"Closed Merger/Acquisition Transaction - Target: Woodside Petroleum Ltd, WA-271-P and Enfield Oil Field; Buyer(s): Mitsui & Co. Ltd.; Seller(s): Woodside Petroleum Ltd.; Transaction Size: $464.5 mm"
2004-03-31,80,"Announced Merger/Acquisition Transaction - Target: Woodside Petroleum Ltd, WA-271-P and Enfield Oil Field; Buyer(s): Mitsui & Co. Ltd.; Seller(s): Woodside Petroleum Ltd.; Transaction Size: $464.5 mm"
2004-04-15,3,Woodside Petroleum Ltd. Considers Acquisitions
2004-04-21,28,"Woodside Petroleum Ltd. Reports Quarter Results for the Period Ended March 31, 2004"
2004-06-01,29,Woodside Petroleum Ltd. Provides Outlook for 2004 and 2005
2004-06-29,82,"Cancelled Merger/Acquisition Transaction - Target: Woodside Petroleum Ltd., Kipper Gas Field; Buyer(s): Anzon Australia Limited; Seller(s): Woodside Petroleum Ltd."
2004-07-05,41,Hardman Announces Mauritania Partners Approve 2004 Drilling Plan
2004-07-21,28,Woodside Reports Results for the First Half of 2004
2004-07-22,28,Woodside Petroleum Reports Second Quarter and Six Months Results for the Year 2004
2004-07-28,23,North West Shelf Partners Sign New LNG Deal with Kansai Electric
2004-08-18,31,Woodside Petroleum Eyes New LNG Project for China Market
2004-08-18,55,"Woodside Petroleum Ltd. to Report Q2, 2004 Results on August 18, 2004"
2004-09-15,31,Woodside Petroleum Ltd. Gas Find Enhances NT Role
2004-09-17,16,Woodside Petroleum Announces Removal of Karen Lange as Company Secretary
2004-09-29,22,Woodside Petroleum Ltd. Enters West Africa Exploration Deal with Dana Petroleum Ltd
2004-10-05,41,Woodside Announces Drilling Results
2004-10-08,31,Woodside Strikes More Oil Off Mauritania Coast
2004-10-20,102,Woodside Petroleum Ltd. Announces Resignation of Doug Bailey as Chief Financial Officer
2004-10-20,28,Woodside Petroleum Ltd. Reports Earnings Results for the Third Quarter and Nine Months Ended September of 2004
2004-10-22,16,Woodside Petroleum Ltd. Appoints David Martin as an Additional Company Secretary
2004-11-05,23,Alcan Signs Gas Agreement with Woodside
2004-11-16,23,Woodside Signs Agreement to Study Iraqi Oil Projects
2004-11-17,3,Woodside Petroleum Limited May Consider Acquisitions
2004-11-24,27,Woodside Petroleum Ltd. 2005 Profit Forecast is Raised 23% by Credit Suisse First Boston
2004-12-01,1,Shell Might Sell Stake
2004-12-31,95,Woodside Petroleum Ltd.(ASX:WPL) added to S&P Global BMI Index
2005-01-04,22,Woodside Forms Alliance for Gulf of Mexico Exploration
2005-01-09,31,Woodside Petroleum Ltd. Submits Proposal for AUD 2 Billion LNG Plant Expansion
2005-01-11,31,Woodside Petroleum Ltd. Announces Preliminary Analysis of Drilling at Tiof-6 Well in Mauritania
2005-01-19,28,Woodside Reports Operating Results for the Fourth Quarter and Full Year of 2004
2005-01-24,81,"Closed Merger/Acquisition Transaction - Target: WA-269-P block; Buyer(s): Total SA; Seller(s): Japan Australia LNG (MIMI) Pty Ltd., Woodside Petroleum Ltd."
2005-01-24,80,"Announced Merger/Acquisition Transaction - Target: WA-297-P block; Buyer(s): Total SA; Seller(s): BHP Billiton Ltd., Japan Australia LNG (MIMI) Pty Ltd., Woodside Petroleum Ltd."
2005-01-24,80,"Announced Merger/Acquisition Transaction - Target: WA-269-P block; Buyer(s): Total SA; Seller(s): Japan Australia LNG (MIMI) Pty Ltd., Woodside Petroleum Ltd."
2005-01-31,22,Repsol YPF SA and Woodside Form Alliance to Seek New Drilling Licenses in Libya
2005-02-08,21,Woodside Suspends Drilling At Australian Well Due to Cyclone
2005-02-15,16,Woodside Petroleum Announces Board Changes
2005-02-17,3,Woodside Petroleum May Consider Acquisitions
2005-02-17,31,Woodside Petroleum Ltd. Announces LNG Expansion
2005-03-18,31,Woodside Wants to Start Building Browse LNG Within Four Years
2005-04-07,65,Shell May Make Takeover Offer for Woodside
2005-04-08,25,Hardman Begins Court Proceedings over Cost Recovery Issues in Mauritania JV With Woodside Petroleum Ltd
2005-04-13,62,"Woodside Petroleum Ltd. Annual General Meeting Scheduled on April 19, 2005"
2005-04-13,55,"Woodside Petroleum Ltd. to Report Q2, 2005 Results on July 20, 2005"
2005-04-13,55,"Woodside Petroleum Ltd. to Report Q1, 2005 Results on April 18, 2005"
2005-04-13,55,"Woodside Petroleum Ltd. to Report Q3, 2005 Results on October 19, 2005"
2005-04-15,31,Woodside Plans to Invest AUD 4 Billion in Next 4 Years
2005-04-18,138,"Woodside Petroleum Ltd. Reports Sales Results for the First Quarter Ended March 31, 2005"
2005-05-16,31,Woodside Reportedly Set to Launch New Western Australia LNG Project
2005-06-09,31,Woodside Expands Gas Project
2005-06-14,16,Woodside Names Reinhardt Matisons as Head of Gas Marketing
2005-06-26,23,Alcan Scraps Agreement to Buy Gas From Woodside Petroleum Field
2005-06-27,23,Alcan Inc. Terminates Blacktip Gas Sales Agreement
2005-07-20,28,Woodside Petroleum Ltd. Reports Earnings Results for the Second Quarter 2005
2005-07-21,1,Australian Treasurer To Consider Takeover Offers For Woodside Or Santos
2005-08-02,65,Takeover Talk Lifts Woodside
2005-08-04,65,"CNOOC May Set Sights On Woodside, Santos After Failed Bid For Unocal"
2005-08-09,41,Woodside Plans to Launch Gas Project
2005-08-16,16,Woodside Petroleum Ltd. Appointed Two New Non-Executive Directors
2005-08-16,48,"Woodside Petroleum Ltd., Q2 2005 Earnings Call, Aug-17-2005"
2005-08-31,21,Woodside Shuts Down LNG Processing Train
2005-09-16,65,Takeover Rumors Buoy Spinnaker
2005-10-13,65,Reliance In Talks With Australia's Woodside
2005-10-19,138,"Woodside Petroleum Ltd. Reports Sales Results for the Third Quarter Ended Sept. 30, 2005"
2005-10-20,138,Woodside Reports Revenue Results for the Nine Months of 2005
2005-11-01,31,Woodside Announces Tevet-2 Logging Establishes 6 Million Oil Column
2005-11-16,31,Woodside Petroleum Ltd. Expects to Double Exploration Wells in 2006
2005-11-30,1,Woodside Considering Selling its Stake in Hardman Resources
2005-11-30,16,"Woodside Petroleum Ltd. Appoints Michael Chaney as an Independent, Non-Executive Director"
2005-12-01,65,Woodside Raises A$119 Million from Hardman Stake Sale
2005-12-06,23,Woodside Petroleum Ltd. Announces Deal with Pluto LNG Customers
2005-12-13,80,"Tokyo Gas Co., Ltd. signed an Integrated Heads of Agreement to acquire 5% stake in Pluto Field from Woodside Energy Ltd."
2005-12-14,23,Woodside Signs Pluto Heads of Agreement with Tokyo Gas
2005-12-31,81,"Total SA completed the acquisition of 50% stake in WA-297-P block from the block's shareholders Woodside, BHP Billiton and Japan Australia LNG (MIMI) Pty Ltd."
2006-01-19,55,"Woodside Petroleum Ltd. to Report Q4, 2005 Results on January 19, 2006"
2006-01-19,55,"Woodside Petroleum Ltd. to Report Q2, 2006 Results on July 20, 2006"
2006-01-19,55,"Woodside Petroleum Ltd. to Report Q3, 2006 Results on October 19, 2006"
2006-01-19,55,"Woodside Petroleum Ltd. to Report Q1, 2006 Results on April 20, 2006"
2006-01-19,55,"Woodside Petroleum Ltd. to Report Fiscal Year 2005 Results on February 15, 2006"
2006-01-19,138,Woodside Petroleum Ltd. Reports Sales Results for the Quarter and Full Year of 2005
2006-01-19,138,"Woodside Energy Ltd. Reports Revenue Results for the First Quarter Ended March 31, 2006"
2006-01-19,62,"Woodside Petroleum Ltd., Annual General Meeting, Apr 11, 2006"
2006-02-14,48,"Woodside Petroleum Ltd., 2005 Earnings Call, Feb-15-2006"
2006-02-15,16,Woodside Petroleum Ltd. Announces Resignation of Peter Van Rossum as a Shell-Nominated Director
2006-02-21,16,Woodside Petroleum Ltd. Ceases David Martin to Be a Company Secretary
2006-03-16,23,Woodside Petroleum Ltd. and Global Petroleum Ltd. Commit to Drilling in Kenya Later 2006
2006-03-17,22,Mitsui to Invest $290 Million to Develop Woodside Oil
2006-03-22,23,Woodside Petroleum Signs Heads of Agreement with Kansai Electric Power
2006-03-31,25,"Woodside Pays Mauritania USD 100 Million, Resolves Contract Dispute"
2006-03-31,25,Woodside Petroleum Ltd. Announces Agreement to Settle Dispute 1/1
2006-04-12,16,Woodside Petroleum Ltd. Announces Retirement of Rory Argyle as Director
2006-04-18,138,"Woodside Petroleum Ltd. Reports Revenue Results for the First Quarter Ended March 31, 2006"
2006-04-30,23,Toho Gas Co. Agrees to Extend Contract to Buy Liquefied Natural Gas
2006-05-09,81,Santos Offshore Pty Ltd. acquired 21% stake in Kipper Gas Field held by Woodside Petroleum Ltd. (ASX: WPL) for a reported consideration of $30.5 million.
2006-05-25,23,Woodside Petroleum Ltd. Signs Deal with South Korean Shipbuilder Samsung Heavy Industries
2006-06-07,22,Woodside Petroleum Ltd. Hardman Resources Ltd. and ROC Oil Co. Ltd. Sign Revised Mauritania Deal
2006-07-20,138,Woodside Petroleum Ltd. Reports Revenue Results for the Second Quarter and Six Months of 2006
2006-09-08,102,Woodside Petroleum Ltd. Chief Financial Officer Ross Carroll to become Chief Financial Officer of MacMahon Holdings Ltd
2006-09-18,102,Ross Carroll Resigns from Woodside Petroleum as CFO to Join MacMahon Holdings Ltd. as CFO
2006-10-12,23,North West Shelf Venture Renews LNG Supply Deal with Chubu Electric
2006-10-24,102,"Woodside Petroleum Ltd. Announces Executive Changes, Effective November 1, 2006"
2006-11-15,192,Woodside Petroleum Ltd. - Analyst/Investor Day
2006-11-16,26,Woodside Petroleum Ltd. Revised Production Forecast for the Full Year of 2006
2006-11-21,3,Woodside Petroleum Eyes Buys In US
2006-12-12,23,North West Shelf Venture Signs LNG Supply Deal with Tokyo Gas
2006-12-21,23,"Tokyo Electric Power Renews NW Shelf Venture Contract with Woodside Petroleum Ltd., BHP Billiton Ltd., BP Developments Australia Pty Ltd, Chevron Australia Pty. Ltd., Japan Australia LNG (MIMI) Pty Ltd. and Shell Development (Australia) Pty Ltd"
2007-01-18,23,Woodside Petroleum Ltd. Signs LNG Gas Deal with Korea Gas
2007-01-18,28,Woodside Petroleum Ltd. Reports Sales Revenues for the Fourth Quarter and Full Year Ended December 2006
2007-01-24,102,Woodside Petroleum Ltd. Appoints Mark Chatterji as Chief Financial Officer
2007-02-12,80,"Woodside Petroleum Ltd agreed to acquire 50% stake in deep-water, frontier exploration block off the coast of the Republic of Korea from Korea National Oil Corporation."
2007-02-20,48,"Woodside Petroleum Ltd., 2006 Earnings Call, Feb-21-2007"
2007-02-21,31,Mitsui & Co. and Woodside Petroleum to Spend an Additional $390 Million in Fiscal 2007
2007-02-21,55,"Woodside Petroleum Ltd. to Report Q2, 2007 Results on July 19, 2007"
2007-02-21,55,"Woodside Petroleum Ltd. to Report Q1, 2007 Results on April 18, 2007"
2007-02-21,55,"Woodside Petroleum Ltd. to Report Fiscal Year 2006 Results on February 21, 2007"
2007-02-21,55,"Woodside Petroleum Ltd. to Report Q3, 2007 Results on October 18, 2007"
2007-02-21,28,Woodside Petroleum Ltd. Reports Earnings Results for the Year 2006
2007-02-21,62,"Woodside Petroleum Ltd., Annual General Meeting, Apr 19, 2007"
2007-02-21,55,"Woodside Petroleum Ltd. to Report First Half, 2007 Results on August 22, 2007"
2007-02-25,80,Apache Corp. agreed to acquire an additional 45.94% stake in Legendre Oil Field from Woodside Petroleum Ltd. for $65 million.
2007-02-25,80,Apache Corp. agreed to acquire an additional 45.94% stake in Legendre Oil Field from Woodside Petroleum Ltd. for $65 million.
2007-02-25,80,Apache Corp. agreed to acquire an additional 45.94% stake in Legendre Oil Field from Woodside Petroleum Ltd. for $65 million.
2007-02-25,80,Apache Corp. agreed to acquire an additional 45.94% stake in Legendre Oil Field from Woodside Petroleum Ltd. for $65 million.
2007-03-02,81,Apache Corp. (NYSE:APA) completed the acquisition of 45.94% stake in Legendre Oil Field from Woodside Petroleum Ltd.
2007-03-02,81,Apache Corp. (NYSE:APA) completed the acquisition of 45.94% stake in Legendre Oil Field from Woodside Petroleum Ltd.
2007-03-02,81,Apache Corp. (NYSE:APA) completed the acquisition of 45.94% stake in Legendre Oil Field from Woodside Petroleum Ltd.
2007-03-02,81,Apache Corp. (NYSE:APA) completed the acquisition of 45.94% stake in Legendre Oil Field from Woodside Petroleum Ltd.
2007-04-14,50,Woodside Petroleum Ltd. - Shareholder/Analyst Call
2007-04-19,1,Woodside Petroleum May Sell Mauritania Assets
2007-05-03,1,Woodside Petroleum Could Swap Stake In Pluto
2007-06-15,65,Woodside Shares Rise On Talks Of Merger With BG Group
2007-06-21,65,Royal Dutch Shell May Revive Woodside Takeover Plan
2007-07-19,138,Woodside Petroleum Ltd. Reports Sales Results for the Second Quarter of 2007
2007-07-30,31,Woodside Petroleum Unveils Australian Pluto Gas Project
2007-07-31,16,Woodside Petroleum Ltd. Announces Retirement of Director and Chairman Charles Barrington Goode
2007-08-22,63,Woodside Mulls Options For Its African Business
2007-08-24,23,Woodside Petroleum Announce Supply Agreement with Two Companies
2007-08-27,23,Woodside Petroleum Ltd. Inks Deal with PetroChina for Supply of Liquefied Natural Gas
2007-09-06,23,Woodside Signs Gas Export Deal with Petrochina
2007-09-11,23,CPC Announces LNG Deal with Woodside Petroleum Ltd
2007-09-18,31,Woodside Petroleum Opens Otway Pipeline
2007-09-27,80,Petronas Australia Pty Limited agreed to acquire Woodside Mauritania Pty Ltd and WEL Mauritania B.V(Oil interests in Mauritania) from Woodside Petroleum Ltd. (ASX: WPL) for AUD 518.3 million in cash.
2007-10-12,16,Woodside Petroleum Announces Resignation of Russell Caplan from Board
2007-10-16,31,Woodside Petroleum Gets Approval from Australia for its Pluto Lng Project
2007-11-07,23,Woodside Signs $100 Million Carbon Offset Deal
2007-11-08,16,Woodside Petroleum Ltd. Announces Resignation of Ashton Calver as Director
2007-11-15,50,Woodside Petroleum Ltd. - Shareholder/Analyst Call
2007-11-19,23,Woodside Petroleum Ltd. Signs Deal to Supply Gas to CPC Corporation
2007-12-11,16,Royal Dutch Shell Nominates Megat Zaharuddin Bin Megat Mohd Nor to Succeed Russell Caplan as Director of Woodside Petroleum Ltd
2007-12-11,16,Woodside Petroleum Ltd. Appoints Din Megat as Non-Executive Director
2007-12-20,23,Woodside Petroleum Ltd. to Earn $320 Million on Woodside Contracts
2007-12-25,81,Petronas Australia Pty Limited completed the acquisition of Woodside Mauritania Pty Ltd and WEL Mauritania B.V(Oil interests in Mauritania) from Woodside Petroleum Ltd. (ASX: WPL).
2007-12-28,16,Woodside Petroleum Ltd. Announces Resignation of Ashton Calvert as Director
2008-01-17,138,Woodside Petroleum Ltd. Reports Revenue Results for 2007; Reaffirms Production Guidance for 2008
2008-01-17,29,Woodside Petroleum Ltd. Reports Revenue Results for 2007; Reaffirms Production Guidance for 2008
2008-01-18,28,Woodside Petroleum Ltd. Posts Revenue and Operating Results for the Fourth Quarter of 2007
2008-02-07,80,Origin Energy Ltd. (ASX: ORG) agreed to acquire the remaining 62.5% stake in Halladale and Blackwatch Gas Fields from Woodside Petroleum Ltd. (ASX: WPL) for AUD 13.6 million.
2008-02-08,80,Woodside Petroleum Ltd. (ASX: WPL) entered into an agreement to acquire a 16.7% interest in the North West Shelf oil assets of Shell Development Australia Pty Ltd. for $398.5 million.
2008-02-12,82,"Woodside Petroleum Ltd cancelled the acquisition of 50% stake in deep-water, frontier exploration block off the coast of the Republic of Korea from Korea National Oil Corporation."
2008-02-14,81,Origin Energy Ltd. (ASX: ORG) completed the acquisition of the remaining 62.5% stake in Halladale and Blackwatch Gas Fields from Woodside Petroleum Ltd. (ASX: WPL).
2008-02-20,28,Woodside Petroleum Ltd. Reports Earnings Results for the Full Year of 2007
2008-02-29,23,Woodside Petroleum Signs Taiwan LNG Supply Deal Worth Up to AUD 42.3 Billion
2008-03-06,23,Woodside Gets Singapore LNG Aggregator Project
2008-03-18,62,"Woodside Petroleum Ltd., Annual General Meeting, May 01, 2008"
2008-03-18,77,Woodside Petroleum Ltd. Proposes Adoption of New Constitution
2008-03-27,23,Woodside Petroleum to Supply Liquefied Natural Gas to CPC Corporation
2008-04-16,65,Rio Tinto Rules Out BHP Counter Bid
2008-04-17,28,Woodside Petroleum Ltd. Reports Production Results for the First Quarter Ended March 2008
2008-05-01,16,Woodside Petroleum Ltd. Announces Management Appointments
2008-05-02,22,Woodside Petroleum and Inpex Holdings to Form LNG Joint Venture
2008-05-14,81,Woodside Petroleum Ltd. (ASX: WPL) completed the acquisition of 16.7% interest in the North West Shelf oil assets of Shell Development Australia Pty Ltd. for $277.7 million.
2008-05-17,81,Woodside Petroleum Ltd. (ASX:WPL) and Reliance Industries Ltd. (BSE:500325) acquired a 50% stake in Block 108 in Peru from Pluspetrol Energy S.A.
2008-05-21,22,Woodside and Rio Tinto to Invest $67 Billion in Australian Projects
2008-05-28,25,Woodside Petroleum Ltd. to Face Legal Proceedings from Other Members of Consortium Prospecting for Oil on the Kenyan Coast
2008-06-18,16,Woodside Petroleum Ltd. Announces Retirement of Jillian Broadbent as Director
2008-06-30,16,Woodside Petroleum Announces Management Changes
2008-07-17,138,Woodside Petroleum Ltd. Reports Revenue Results for the Second Quarter and First Half Year Ended June 2008
2008-08-27,138,Woodside Petroleum Ltd. Reports Revenue Results for the First Half of 2008
2008-08-28,31,Woodside Announces Oil Production at Vincent Project
2008-09-03,22,"Repsol, Woodside Sign Liberia Oil Exploration Deals"
2008-10-16,138,Woodside Petroleum Ltd. Announces Revenue Results for the Third Quarter and Nine Months Ended September 2008
2008-11-13,29,Woodside Petroleum Ltd. Provides Earnings Guidance for the Year 2008
2008-11-13,3,Woodside Petroleum Eyes Acquisitions
2008-12-03,22,NWS Partners Approve $12 Billion Investment to Extend Production Beyond 2020
2008-12-11,16,Woodside Petroleum Ltd. Appoints Melinda Cilento as Non-Executive Director
2009-01-08,55,"Woodside Petroleum Ltd. to Report Q3, 2009 Results on October 23, 2009"
2009-01-08,62,"Woodside Petroleum Ltd., Annual General Meeting, May 01, 2009"
2009-01-08,55,"Woodside Petroleum Ltd. to Report Q2, 2009 Results on July 24, 2009"
2009-01-08,55,"Woodside Petroleum Ltd. to Report Q1, 2009 Results on April 24, 2009"
2009-01-08,55,"Woodside Petroleum Ltd. to Report Q4, 2008 Results on January 22, 2009"
2009-01-08,55,"Woodside Petroleum Ltd. to Report Fiscal Year 2008 Results on February 18, 2009"
2009-01-08,55,"Woodside Petroleum Ltd. to Report First Half, 2009 Results on August 19, 2009"
2009-01-16,31,Woodside Petroleum Ltd. Announces Oil Discovery in Libya's Murzuq Basin
2009-01-21,138,"Woodside Petroleum Ltd. Announces Revenue Results for the Fourth Quarter and Full Year Ended December 31, 2008 ; Provides Earnings Guidance for the Year 2008"
2009-01-21,95,Woodside Petroleum Ltd.(ASX:WPL) added to S&P Global 1200
2009-01-21,29,"Woodside Petroleum Ltd. Announces Revenue Results for the Fourth Quarter and Full Year Ended December 31, 2008 ; Provides Earnings Guidance for the Year 2008"
2009-01-21,95,Woodside Petroleum Ltd.(ASX:WPL) added to S&P International 700
2009-01-22,28,Woodside Petroleum Ltd. Reports Production and Sales Results in Quarter and Full Year Ended December 2008
2009-01-28,31,Woodside Petroleum New Gas Reserves Discovered for Australian LNG Projects
2009-02-17,48,"Woodside Petroleum Ltd., 2008 Earnings Call, Feb-18-2009"
2009-02-18,65,Woodside Petroleum May Sell Assets
2009-02-18,28,"Woodside Petroleum Ltd. Reports Group and Parent Earnings Results for the Year Ended December 31, 2008"
2009-02-19,1,Woodside May Sell Non Core Assets
2009-02-24,41,Woodside's Pluto LNG Project Announces New Gas Discovery
2009-02-26,65,Origin Energy Mulls Acquisitions; Eyeing Woodside’s Assets
2009-04-02,65,BHP Billiton Eyeing Buys
2009-04-22,65,Origin Energy Seeks Assets
2009-04-24,28,"Woodside Petroleum Ltd. Reports Earnings Results for the First Quarter Ended March 31, 2009"
2009-04-24,26,Woodside Petroleum Ltd. Announces Revenue Results for the First Quarter Ended March 2008 ; Revises Capital Expenditure Guidance for the Year 2009
2009-04-24,138,Woodside Petroleum Ltd. Announces Revenue Results for the First Quarter Ended March 2008 ; Revises Capital Expenditure Guidance for the Year 2009
2009-04-24,28,Woodside Petroleum Ltd. Reports Production Results for the First Quarter to March 2009
2009-04-27,31,Woodside Petroleum Signs Agreement with Western Australia for Gas Processing Hub
2009-05-01,1,Woodside Confirms Sale Of Otway Gas Project
2009-05-01,29,Woodside Petroleum Ltd. Provides Earnings Guidance for the Year 2009
2009-05-05,65,Woodside Denies Talks With Shell Regarding Sunrise Stake
2009-05-19,42,Woodside Petroleum Executes $1.1 Billion Syndicated Loan Facility
2009-05-20,23,Neptune Marine Services Ltd. Acquires $20 Million in New Contracts
2009-06-19,65,Shell Reportedly Planning To Sell Stake In Woodside Petroleum
2009-07-24,138,Woodside Petroleum Ltd. Reports Revenue Results for the Second Quarter Ended June 2009
2009-07-31,41,Vale Confirms the Existence of Hydrocarbon in the Exploration Well Vampira
2009-08-18,48,"Woodside Petroleum Ltd., Q2 2009 Earnings Call, Aug-19-2009"
2009-08-19,28,Woodside Petroleum Ltd. Reports Earnings Results for the First Half of 2009
2009-08-20,31,Woodside Petroleum Ltd. Plans to Expand $12 Billion Pluto Project
2009-10-23,28,Woodside Petroleum Ltd. Reports Production Results for the Third Quarter Ended September 2009
2009-11-02,80,Origin Energy Resources Ltd. entered into an agreement to acquire an additional 51.55% stake in the Otway gas project in Victoria from Woodside Petroleum Ltd. (ASX: WPL) for approximately AUD 710 million.
2009-11-24,25,Chevron Corp and Woodside Petroleum Ltd. Try to Resolve a Legal Battle Holding Up a Drilling Program Off WA's North-West
2009-11-24,65,BHP Reportedly Eyeing Woodside; Woodside Mum
2009-11-25,1,Woodside Not Up For Sale
2009-12-01,44,Woodside Petroleum Ltd. Workers Strike over New Accommodation Deal
2009-12-03,65,Woodside May Buy More Stake In Browse LNG Project
2009-12-14,86,"Woodside Petroleum Ltd. has filed a Follow-on Equity Offering in the amount of AUD 2,516.83 million."
2009-12-24,23,Woodside Petroleum Announces Acceptance of Browse Basin Lease Renewals
2010-01-14,31,Woodside Petroleum Ltd. Finalizes Development Plan for Sunrise Liquefied Natural Gas Field
2010-01-22,138,"Woodside Petroleum Ltd. Reports Sales Results for the Fourth Quarter and Year Ended December 31, 2009 ; Provides Earnings Guidance for the Year 2009"
2010-01-22,29,"Woodside Petroleum Ltd. Reports Sales Results for the Fourth Quarter and Year Ended December 31, 2009 ; Provides Earnings Guidance for the Year 2009"
2010-01-25,31,Woodside Petroleum Ltd Announces Pluto Expansion Plan
2010-01-28,44,Workers Strike at Woodside Petroleum Ltd.'s Pluto Project
2010-02-01,44,Woodside Petroleum Ltd. Contractors Meet Unions to Resolve LNG Strike
2010-02-03,44,Woodside Petroleum Ltd Announces Striking Workers Resolves LNG Strike
2010-02-04,86,"Woodside Petroleum Ltd. has completed a Follow-on Equity Offering in the amount of AUD 2,516.83 million."
2010-02-09,44,Pluto Workers Offered Compromise over Motelling Plans
2010-02-10,23,Woodside Petroleum Awards Key Design Contracts for Browse LNG Project
2010-02-24,29,"Woodside Petroleum Ltd. Reports Earnings Results for the Year Ended December 31, 2009; Provides Capital Expenditure Guidance for the Year 2010"
2010-02-24,50,Woodside Petroleum Ltd. - Shareholder/Analyst Call
2010-02-24,55,"Woodside Petroleum Ltd. to Report Q1, 2010 Results on 04/23/2010"
2010-02-24,28,"Woodside Petroleum Ltd. Reports Earnings Results for the Year Ended December 31, 2009; Provides Capital Expenditure Guidance for the Year 2010"
2010-02-24,28,Woodside Petroleum Ltd. Reports Earnings Results for the Full Year of 2009
2010-02-24,48,"Woodside Petroleum Ltd., 2009 Earnings Call, Feb 24, 2010"
2010-02-24,55,"Woodside Petroleum Ltd. to Report First Half, 2010 Results on 08/18/2010"
2010-02-24,55,"Woodside Petroleum Ltd. to Report Q3, 2010 Results on 10/22/2010"
2010-02-24,55,"Woodside Petroleum Ltd. to Report Q2, 2010 Results on 07/23/2010"
2010-03-08,62,"Woodside Petroleum Ltd., Annual General Meeting, Apr 30, 2010"
2010-03-16,81,Origin Energy Resources Ltd. and Benaris International Pty Ltd completed the acquisition of an additional 51.55% stake in the Otway gas project in Victoria from Woodside Petroleum Ltd. (ASX: WPL) for approximately AUD 720 million.
2010-03-25,65,Woodside Denies Plans To Bid For Santos
2010-03-25,65,Woodside Reportedly Considers Bid For Santos
2010-04-23,28,"Woodside Petroleum Ltd. Reports Capital Expenditure for the First Quarter Ended March 31, 2010"
2010-04-23,138,"Woodside Petroleum Ltd. Reports Revenue Results for the First Quarter Ended March 31, 2010"
2010-06-22,149,"Global Pacific & Partners, 4th Australasian Energy Pacesetters 2010, Aug-02-2010 through Aug-03-2010"
2010-06-30,16,"Woodside Petroleum Ltd. Appoints Lawrie Tremaine as Deputy Chief Financial Officer, Effective July 1, 2010"
2010-07-01,149,"IIR Pty Ltd., SEAAOC 2010 - South East Asia Australia Offshore Conference, Sep 22, 2010 through Sep 24, 2010"
2010-07-01,149,"IIR Pty Ltd., SEAAOC 2010 - South East Asia Australia Offshore Conference, Sep 22, 2010 through Sep 24, 2010"
2010-07-01,51,"Woodside Petroleum Ltd. Presents at SEAAOC 2010 - South East Asia Australia Offshore Conference, Sep-23-2010 12:00 PM"
2010-07-01,51,"Woodside Petroleum Ltd. Presents at SEAAOC 2010 - South East Asia Australia Offshore Conference, Sep-23-2010 12:00 PM"
2010-07-01,149,"IIR Pty Ltd., SEAAOC 2010 - South East Asia Australia Offshore Conference, Sep 22, 2010 through Sep 24, 2010"
2010-07-01,149,"IIR Pty Ltd., SEAAOC 2010 - South East Asia Australia Offshore Conference, Sep 22, 2010 through Sep 24, 2010"
2010-07-01,51,"Woodside Petroleum Ltd. Presents at SEAAOC 2010 - South East Asia Australia Offshore Conference, Sep-23-2010 12:00 PM"
2010-07-01,51,"Woodside Petroleum Ltd. Presents at SEAAOC 2010 - South East Asia Australia Offshore Conference, Sep-23-2010 12:00 PM"
2010-07-08,16,Woodside Appoints Lawrie Tremaine as Deputy Chief Financial Officer
2010-07-19,31,Cue Energy Resources Confirms Farm in Agreement with Woodside Petroleum Ltd
2010-07-22,138,Woodside Reports Revenue Results for the Second Quarter of 2010
2010-07-23,28,"Woodside Petroleum Ltd. Reports Earnings Results for the Second Quarter and Six Months Ended June 30, 2010"
2010-07-23,48,"Woodside Petroleum Ltd., Q2 2010 Earnings Call, Aug-18-2010"
2010-07-30,51,"Woodside Petroleum Ltd. Presents at 4th Australasian Energy Pacesetters 2010, Aug-02-2010 through Aug-03-2010"
2010-07-30,51,"Woodside Petroleum Ltd. Presents at 4th Australasian Energy Pacesetters 2010, Aug-02-2010 through Aug-03-2010"
2010-07-30,51,"Woodside Petroleum Ltd. Presents at 4th Australasian Energy Pacesetters 2010, Aug-02-2010 through Aug-03-2010"
2010-07-30,51,"Woodside Petroleum Ltd. Presents at 4th Australasian Energy Pacesetters 2010, Aug-02-2010 through Aug-03-2010"
2010-07-30,51,"Woodside Petroleum Ltd. Presents at 4th Australasian Energy Pacesetters 2010, Aug-02-2010 through Aug-03-2010"
2010-07-30,51,"Woodside Petroleum Ltd. Presents at 4th Australasian Energy Pacesetters 2010, Aug-02-2010 through Aug-03-2010"
2010-07-30,51,"Woodside Petroleum Ltd. Presents at 4th Australasian Energy Pacesetters 2010, Aug-02-2010 through Aug-03-2010"
2010-07-30,51,"Woodside Petroleum Ltd. Presents at 4th Australasian Energy Pacesetters 2010, Aug-02-2010 through Aug-03-2010"
2010-07-30,51,"Woodside Petroleum Ltd. Presents at 4th Australasian Energy Pacesetters 2010, Aug-02-2010 through Aug-03-2010"
2010-08-17,41,Woodside Petroleum Ltd. Announces Larsen Deep-1 Well Drilling Results
2010-08-27,55,"Woodside Petroleum Ltd. to Report Q4, 2010 Results on Jan-21-2011"
2010-09-07,65,Shell Rules Out Bid For Woodside Petroleum
2010-10-13,101,Woodside Petroleum Ltd. Announces Retirement of Don Voelte as Chief Executive Officer in 2011
2010-10-22,28,Woodside Petroleum Ltd. Reports Production and Revenue Results for the Third Quarter Ended September 2010
2010-10-22,138,Woodside Petroleum Ltd. Reports Production and Revenue Results for the Third Quarter Ended September 2010
2010-10-29,80,Woodside Petroleum Ltd. (ASX: WPL) entered into a sale and purchase agreement to acquire the remaining 50% stake in Pluto Central Hub from Hess Exploration (Carnarvon) Pty Limited.
2010-11-08,80,An investor signed an underwriting agreement to acquire 10.04% stake in Woodside Petroleum Ltd. (ASX: WPL) from Shell Energy Holdings Australia Limited for AUD 3.3 billion.
2010-11-09,81,An investor signed completed the acquisition of 10.04% stake in Woodside Petroleum Ltd. (ASX: WPL) from Shell Energy Holdings Australia Limited.
2010-11-29,41,Woodside Petroleum Ltd. Provides Production Update; Reaffirms Production Guidance for 2010; Provides Production and Capital Expenditure Guidance for 2011
2010-11-29,29,Woodside Petroleum Ltd. Provides Production Update; Reaffirms Production Guidance for 2010; Provides Production and Capital Expenditure Guidance for 2011
2010-11-30,81,Woodside Petroleum Ltd. (ASX: WPL) completed the acquisition of the remaining 50% stake in Pluto Central Hub from Hess Exploration (Carnarvon) Pty Limited.
2010-12-01,95,Woodside Petroleum Ltd.(ASX:WPL) added to MSCI Acwi + Frontier Markets(acwi Fm) All Cap Index
2010-12-07,149,"Credit Suisse Group, the 14th Asian Investment Conference, Mar 21, 2011 through Mar 25, 2011"
2010-12-08,42,Woodside Petroleum Ltd. Executes Five Year $1.1 Billion Syndicated Loan Facility
2010-12-13,41,The WA Environmental Protection Authority Recommends Woodside Petroleum Ltd.'s Browse Gas Project to Go-Ahead
2011-01-19,55,"Woodside Petroleum Ltd. to Report Q1, 2011 Results on Apr 19, 2011"
2011-01-19,62,"Woodside Petroleum Ltd., Annual General Meeting, Apr 20, 2011"
2011-01-19,55,"Woodside Petroleum Ltd. to Report First Half, 2011 Results on Aug 17, 2011"
2011-01-19,55,"Woodside Petroleum Ltd. to Report Q3, 2011 Results on Oct 21, 2011"
2011-01-19,55,"Woodside Petroleum Ltd. to Report Q2, 2011 Results on Jul 19, 2011"
2011-01-19,55,"Woodside Petroleum Ltd. to Report Fiscal Year 2010 Results on Feb 21, 2011"
2011-01-20,29,"Woodside Petroleum Ltd. Reports Revenue Results for the Fourth Quarter and Full Year Ended December 31, 2010 ; Provides Production Guidance for the Year 2011"
2011-01-20,138,"Woodside Petroleum Ltd. Reports Revenue Results for the Fourth Quarter and Full Year Ended December 31, 2010 ; Provides Production Guidance for the Year 2011"
2011-01-28,23,Woodside Petroleum Ltd. Inks LNG Deal with Petronas
2011-02-16,51,"Woodside Petroleum Ltd. Presents at The 14th Asian Investment Conference, Mar-21-2011"
2011-02-18,48,"Woodside Petroleum Ltd., 2010 Earnings Call, Feb 21, 2011"
2011-02-20,16,Woodside Petroleum Ltd. Announces Board Changes
2011-02-20,50,Woodside Petroleum Ltd. - Shareholder/Analyst Call
2011-02-22,1,Woodside In Talks With Shell For Stake Sale
2011-03-09,41,Woodside Petroleum Ltd. Announces First Gas for Pluto LNG Project in Australia
2011-03-10,65,Mitsubishi And Mitsui Eyeing Browse Basin
2011-03-18,77,Woodside Petroleum to Amend the Constitution
2011-04-11,65,Barnett Confirms BHP Move On Woodside
2011-04-11,65,BHP Billiton Reportedly In Talks Over Shell's Woodside Stake
2011-04-12,65,Woodside Denies Talk Of BHP Acquiring Stake In Woodside
2011-04-19,28,"Woodside Petroleum Ltd. Announces Earnings Results for the First Quarter Ended March 31, 2011; Provides Earnings Guidance for the Year of 2011"
2011-04-19,29,"Woodside Petroleum Ltd. Announces Earnings Results for the First Quarter Ended March 31, 2011; Provides Earnings Guidance for the Year of 2011"
2011-05-06,65,Woodside Petroleum Eyeing Partners Stake In Browse
2011-05-11,101,Woodside Petroleum Ltd. Announces Executive and Management Changes
2011-05-11,16,Woodside Petroleum Ltd. Announces Executive and Management Changes
2011-05-18,16,"Woodside Petroleum Ltd. Appoints Christopher Haynes OBE as a Non-Executive Director, Effective June 1, 2011"
2011-06-02,16,Woodside Announces Executive Changes
2011-06-02,101,Woodside Announces Executive Changes
2011-06-29,31,Woodside Petroleum Ltd. Executes Browse Native Title Agreement to Establish Browse LNG Precinct
2011-07-04,31,Woodside Signs Landmark Native Title Agreement
2011-07-19,138,Woodside Petroleum Ltd. Reports Revenue Results for the Second Quarter Ended June 2011; Reiterates Production Guidance for the Year 2011
2011-07-19,29,Woodside Petroleum Ltd. Reports Revenue Results for the Second Quarter Ended June 2011; Reiterates Production Guidance for the Year 2011
2011-07-19,48,"Woodside Petroleum Ltd., H1 2011 Earnings Call, Aug 17, 2011"
2011-07-20,31,Woodside's Pluto LNG Project in Australia Faces Yet Another Delay
2011-08-16,55,"Woodside Petroleum Ltd. to Report Q4, 2011 Results on Jan 19, 2012"
2011-08-18,1,Woodside May Divest Stake In LNG Ventures
2011-09-19,16,Woodside Petroleum Ltd. Assesses Dr. Christopher Haynes Obe as an Independent Director
2011-10-03,149,"Credit Suisse Group, Credit Suisse's 15th Asian Investment Conference 2012, Mar 19, 2012 through Mar 23, 2012"
2011-10-03,149,"Credit Suisse Group, Credit Suisse's 15th Asian Investment Conference 2012, Mar 19, 2012 through Mar 23, 2012"
2011-10-03,149,"Credit Suisse Group, Credit Suisse's 15th Asian Investment Conference 2012, Mar 19, 2012 through Mar 23, 2012"
2011-10-03,149,"Credit Suisse Group, Credit Suisse's 15th Asian Investment Conference 2012, Mar 19, 2012 through Mar 23, 2012"
2011-10-21,28,"Woodside Petroleum Ltd Reports Earnings Results for the Third Quarter and Nine Months Ended September 30, 2011; Provides Production Guidance for 2011"
2011-10-21,29,"Woodside Petroleum Ltd Reports Earnings Results for the Third Quarter and Nine Months Ended September 30, 2011; Provides Production Guidance for 2011"
2011-11-24,29,Woodside Petroleum Ltd. Revised Production Guidance for the Full Year 2011; Provides Production Guidance for the Full Year 2012
2011-12-09,31,Woodside Petroleum Ltd. to Develop $2.5 Billion Gas Project
2012-01-05,55,"Woodside Petroleum Ltd. to Report First Half, 2012 Results on Aug 22, 2012"
2012-01-05,55,"Woodside Petroleum Ltd. to Report Q1, 2012 Results on Apr 19, 2012"
2012-01-05,55,"Woodside Petroleum Ltd. to Report Fiscal Year 2011 Final Results on Feb 22, 2012"
2012-01-05,55,"Woodside Petroleum Ltd. to Report Q2, 2012 Results on Aug 22, 2012"
2012-01-05,55,"Woodside Petroleum Ltd. to Report First Half, 2012 Results on Aug 22, 2012"
2012-01-05,55,"Woodside Petroleum Ltd. to Report Q2, 2012 Results on Jul 19, 2012"
2012-01-05,55,"Woodside Petroleum Ltd. to Report Q3, 2012 Results on Oct 18, 2012"
2012-01-05,55,"Woodside Petroleum Ltd. to Report Q2, 2012 Results on Aug 22, 2012"
2012-01-05,62,"Woodside Petroleum Ltd., Annual General Meeting, May 02, 2012"
2012-01-11,51,"Woodside Petroleum Ltd. Presents at Credit Suisse's 15th Asian Investment Conference 2012, Mar-19-2012"
2012-01-19,28,"Woodside Petroleum Ltd. Announces Production and Earnings Results for the Fourth Quarter and Full Year Ended December 31, 2011; Announces Executive Changes ; Reaffirms Production Guidance for the Full Year of 2012"
2012-01-19,48,"Woodside Petroleum Ltd., 2011 Earnings Call, Feb 22, 2012"
2012-01-19,29,"Woodside Petroleum Ltd. Announces Production and Earnings Results for the Fourth Quarter and Full Year Ended December 31, 2011; Announces Executive Changes ; Reaffirms Production Guidance for the Full Year of 2012"
2012-01-19,16,"Woodside Petroleum Ltd. Announces Production and Earnings Results for the Fourth Quarter and Full Year Ended December 31, 2011; Announces Executive Changes ; Reaffirms Production Guidance for the Full Year of 2012"
2012-01-27,65,Woodside Reportedly Mulls Browse Gas Project Auction
2012-02-08,65,CPC In Talks To Buy Stake In Woodside’s LNG Project
2012-02-21,16,Woodside Petroleum Ltd. Announces Management Changes
2012-02-22,65,"CNPC, Osaka Reportedly Bid For Browse Gas Project"
2012-02-22,3,Woodside Petroleum Seeks Acquisitions
2012-02-22,65,CNPC Reportedly Bids For Stake In Woodside Gas Field
2012-04-10,149,"Global Pacific & Partners, 17th Asia Oil Week 2012, Jun 25, 2012 through Jun 27, 2012"
2012-04-10,51,"Woodside Petroleum Ltd. Presents at 17th Asia Oil Week 2012, Jun-25-2012 11:15 AM"
2012-04-19,29,"Woodside Petroleum Ltd. Reports Earnings and Production Results for the First Quarter Ended March 31, 2012; Provides Production Guidance for the Year 2012; Appoints Vince Santostefano to a Newly Created Position of Chief Operations Officer, Effective May 1, 2012"
2012-04-19,192,Woodside Petroleum Ltd. - Analyst/Investor Day
2012-04-19,226,"Woodside Petroleum Ltd. Reports Earnings and Production Results for the First Quarter Ended March 31, 2012; Provides Production Guidance for the Year 2012; Appoints Vince Santostefano to a Newly Created Position of Chief Operations Officer, Effective May 1, 2012"
2012-04-19,28,"Woodside Petroleum Ltd. Reports Earnings and Production Results for the First Quarter Ended March 31, 2012; Provides Production Guidance for the Year 2012; Appoints Vince Santostefano to a Newly Created Position of Chief Operations Officer, Effective May 1, 2012"
2012-04-19,16,"Woodside Petroleum Ltd. Reports Earnings and Production Results for the First Quarter Ended March 31, 2012; Provides Production Guidance for the Year 2012; Appoints Vince Santostefano to a Newly Created Position of Chief Operations Officer, Effective May 1, 2012"
2012-04-30,149,"Deutsche Bank Securities Inc., The Australian, the Australian & Deutsche Bank Business Leaders Forum, Jun 01, 2012"
2012-04-30,51,"Woodside Petroleum Ltd. Presents at The Australian & Deutsche Bank Business Leaders Forum, Jun-01-2012"
2012-05-01,50,Woodside Petroleum Ltd. - Shareholder/Analyst Call
2012-05-01,80,Japan Australia LNG (MIMI) Pty Ltd. signed a sale and purchase agreement to acquire 14.7% stake in Browse LNG Development Project from Woodside Petroleum Ltd. (ASX:WPL) for $2 billion.
2012-05-02,16,Woodside Petroleum Ltd. Announces Executive Changes
2012-05-14,65,Woodside Petroleum To Bid For Exploration Blocks
2012-05-27,41,Woodside Petroleum Ltd. Provides Earnings Guidance for the Year 2012; Reports Drilling Updates
2012-05-27,29,Woodside Petroleum Ltd. Provides Earnings Guidance for the Year 2012; Reports Drilling Updates
2012-05-29,3,Woodside Mulls Acquisitions
2012-07-01,138,"Woodside Petroleum Ltd. Provides Production and Revenue Results for the Second Quarter and Six Months Ended June 30, 2012; Provides Production Guidance for 2012"
2012-07-01,29,"Woodside Petroleum Ltd. Provides Production and Revenue Results for the Second Quarter and Six Months Ended June 30, 2012; Provides Production Guidance for 2012"
2012-07-01,48,"Woodside Petroleum Ltd., Q2 2012 Earnings Call, Aug 22, 2012"
2012-07-01,226,"Woodside Petroleum Ltd. Provides Production and Revenue Results for the Second Quarter and Six Months Ended June 30, 2012; Provides Production Guidance for 2012"
2012-07-19,138,"Woodside Petroleum Ltd. Announces Revenue Results for Second Quarter and Year-To Date Ended June 30, 2012; Announces Production Results for Second Quarter and Year-To Date Ended June 30, 2012; Provides Production Guidance for the Year 2012"
2012-07-19,29,"Woodside Petroleum Ltd. Announces Revenue Results for Second Quarter and Year-To Date Ended June 30, 2012; Announces Production Results for Second Quarter and Year-To Date Ended June 30, 2012; Provides Production Guidance for the Year 2012"
2012-07-19,226,"Woodside Petroleum Ltd. Announces Revenue Results for Second Quarter and Year-To Date Ended June 30, 2012; Announces Production Results for Second Quarter and Year-To Date Ended June 30, 2012; Provides Production Guidance for the Year 2012"
2012-08-03,206,Australia's Environmental Protection Authority Conditionally Approves the Browse Liquefied Natural Gas Project
2012-09-18,81,Japan Australia LNG (MIMI) Pty Ltd. completed the acquisition of 14.7% stake in Browse LNG Development Project from Woodside Petroleum Ltd. (ASX:WPL).
2012-10-18,29,"Woodside Petroleum Ltd. Reports Unaudited Earnings and Operating Results for the Third Quarter and Nine Months Ended September 30, 2012; Revises Production Guidance for the Year 2012; Provides Production and Capital Expenditure Guidance for the Year 2013"
2012-10-18,27,"Woodside Petroleum Ltd. Reports Unaudited Earnings and Operating Results for the Third Quarter and Nine Months Ended September 30, 2012; Revises Production Guidance for the Year 2012; Provides Production and Capital Expenditure Guidance for the Year 2013"
2012-10-18,28,"Woodside Petroleum Ltd. Reports Unaudited Earnings and Operating Results for the Third Quarter and Nine Months Ended September 30, 2012; Revises Production Guidance for the Year 2012; Provides Production and Capital Expenditure Guidance for the Year 2013"
2012-10-18,226,"Woodside Petroleum Ltd. Reports Unaudited Earnings and Operating Results for the Third Quarter and Nine Months Ended September 30, 2012; Revises Production Guidance for the Year 2012; Provides Production and Capital Expenditure Guidance for the Year 2013"
2012-10-21,65,Woodside Reportedly Eyes Leviathan Project
2012-10-22,65,Woodside Petroleum Approached By Leviathan's partners To Acquire Stake
2012-10-24,16,Woodside Petroleum Ltd. Announces Board Changes
2012-12-03,80,"Woodside Petroleum Ltd. (ASX:WPL) signed an agreement in principle to acquire 30% stake in 349/Rachel and 350/Amit petroleum licences from Ratio Oil Exploration (1992) Limited Partnership (TASE:RATI.L), Noble Energy Mediterranean Ltd., Delek Drilling - Limited Partnership (TASE:DEDR.L) and Avner Oil Exploration - Limited Partnership (TASE:AVNR.L) for $1.2 billion."
2012-12-10,16,"Woodside Petroleum Ltd Announces the Appointment of Sarah Elizabeth Ryan, Effective 6 December 2012"
2012-12-18,16,"Woodside Petroleum Ltd. Appoints Frank Cooper as Non-Executive Director, Effective from February 01, 2013"
2012-12-19,149,"Credit Suisse Group AG, Credit Suisse 16th Asian Investment Conference 2013, Mar 18, 2013 through Mar 22, 2013"
2012-12-19,51,"Woodside Petroleum Ltd. Presents at Credit Suisse 16th Asian Investment Conference 2013, Mar-18-2013"
2013-01-01,55,"Woodside Petroleum Ltd. to Report Q4, 2012 Results on Jan 17, 2013"
2013-02-12,62,"Woodside Petroleum Ltd., Annual General Meeting, Apr 24, 2013"
2013-02-12,48,"Woodside Petroleum Ltd., 2012 Earnings Call, Feb 20, 2013"
2013-02-12,226,"Woodside Petroleum Ltd. Reports Earnings and Production Results for the Fourth Quarter and Full Year Ended December 31, 2012"
2013-02-12,28,"Woodside Petroleum Ltd. Reports Earnings and Production Results for the Fourth Quarter and Full Year Ended December 31, 2012"
2013-02-15,55,"Woodside Petroleum Ltd. to Report Fiscal Year 2012 Results on Feb 20, 2013"
2013-02-15,55,"Woodside Petroleum Ltd. to Report Q2, 2013 Results on Jul 18, 2013"
2013-02-15,55,"Woodside Petroleum Ltd. to Report Q1, 2013 Results on Apr 18, 2013"
2013-02-15,55,"Woodside Petroleum Ltd. to Report Q3, 2013 Results on Oct 17, 2013"
2013-02-19,29,"Woodside Petroleum Ltd. Reports Consolidated Earnings Results for the Full Year Ended December 31, 2012; Provides Production Guidance for the Year 2013"
2013-02-19,50,Woodside Petroleum Ltd. - Shareholder/Analyst Call
2013-02-19,28,"Woodside Petroleum Ltd. Reports Consolidated Earnings Results for the Full Year Ended December 31, 2012; Provides Production Guidance for the Year 2013"
2013-02-21,3,Woodside Seeks Acquisitions
2013-02-28,55,"Woodside Petroleum Ltd. to Report First Half, 2013 Results on Aug 21, 2013"
2013-02-28,16,Woodside Petroleum Ltd Announces the Cessation of Erich Fraunschiel as Director
2013-02-28,28,Woodside Petroleum Ltd. Announces Return on Equity for the Year 2012
2013-04-18,226,"Woodside Petroleum Ltd. Reports Earnings and Production Results for the First Quarter Ended March 31, 2013"
2013-04-18,28,"Woodside Petroleum Ltd. Reports Earnings and Production Results for the First Quarter Ended March 31, 2013"
2013-04-24,16,Woodside Petroleum Ltd. Elects Frank Cooper and Sarah Ryan as Directors
2013-05-30,1,Woodside Petroleum Denied Reports To Sell Stake In Sunrise LNG Project
2013-07-05,80,Cue Energy Resources Limited (ASX:CUE) and BHP Billiton Petroleum (Australia) Pty Ltd. agreed to acquire an additional 25% stake in WA-389-P in Carnarvon Basin from Woodside Petroleum Ltd. (ASX:WPL).
2013-07-18,226,"Woodside Petroleum Ltd. Reports Revenue and Production Results for the Second Quarter and Year-to-Date of June 30, 2013; Revises Production Guidance for 2013"
2013-07-18,138,"Woodside Petroleum Ltd. Reports Revenue and Production Results for the Second Quarter and Year-to-Date of June 30, 2013; Revises Production Guidance for 2013"
2013-07-18,29,"Woodside Petroleum Ltd. Reports Revenue and Production Results for the Second Quarter and Year-to-Date of June 30, 2013; Revises Production Guidance for 2013"
2013-07-18,48,"Woodside Petroleum Ltd., H1 2013 Earnings Call, Aug 21, 2013"
2013-07-31,81,Cue Energy Resources Limited (ASX:CUE) and BHP Billiton Petroleum (Australia) Pty Ltd. completed the acquisition of an additional 25% stake in WA-389-P in Carnarvon Basin from Woodside Petroleum Ltd. (ASX:WPL).
2013-08-20,29,"Woodside Petroleum Ltd. Announces Earnings and Operating Results for the First Half Year Ended June 30, 2013; Provides Production Guidance for the Full Year of 2013; Revises Financial Guidance for the Full Year of 2013"
2013-08-20,27,"Woodside Petroleum Ltd. Announces Earnings and Operating Results for the First Half Year Ended June 30, 2013; Provides Production Guidance for the Full Year of 2013; Revises Financial Guidance for the Full Year of 2013"
2013-08-20,226,"Woodside Petroleum Ltd. Announces Earnings and Operating Results for the First Half Year Ended June 30, 2013; Provides Production Guidance for the Full Year of 2013; Revises Financial Guidance for the Full Year of 2013"
2013-08-20,28,"Woodside Petroleum Ltd. Announces Earnings and Operating Results for the First Half Year Ended June 30, 2013; Provides Production Guidance for the Full Year of 2013; Revises Financial Guidance for the Full Year of 2013"
2013-09-25,51,"Woodside Petroleum Ltd. Presents at 2013 World Assembly, Nov-19-2013 11:00 AM"
2013-09-25,51,"Woodside Petroleum Ltd. Presents at 2013 World Assembly, Nov-19-2013 11:00 AM"
2013-09-25,51,"Woodside Petroleum Ltd. Presents at 2013 World Assembly, Nov-19-2013 11:00 AM"
2013-09-25,51,"Woodside Petroleum Ltd. Presents at 2013 World Assembly, Nov-19-2013 11:00 AM"
2013-09-25,149,"The Oil Council, 2013 World Assembly, Nov 18, 2013 through Nov 20, 2013"
2013-09-25,149,"The Oil Council, 2013 World Assembly, Nov 18, 2013 through Nov 20, 2013"
2013-09-25,149,"The Oil Council, 2013 World Assembly, Nov 18, 2013 through Nov 20, 2013"
2013-09-25,149,"The Oil Council, 2013 World Assembly, Nov 18, 2013 through Nov 20, 2013"
2013-10-03,65,Woodside Petroleum May Invest In Oil Search
2013-10-07,31,Woodside Achieves Start-Up of North Rankin Redevelopment Project
2013-10-09,149,"Credit Suisse Group AG, Credit Suisse 17th Asian Investment Conference, Mar 24, 2014 through Mar 28, 2014"
2013-10-17,29,"Woodside Reports Sales and Production Results for the Third Quarter Ended September 30, 2013; Reaffirms Production Guidance for the Fiscal Year of 2013"
2013-10-17,138,"Woodside Reports Sales and Production Results for the Third Quarter Ended September 30, 2013; Reaffirms Production Guidance for the Fiscal Year of 2013"
2013-10-17,226,"Woodside Reports Sales and Production Results for the Third Quarter Ended September 30, 2013; Reaffirms Production Guidance for the Fiscal Year of 2013"
2013-11-28,149,"Citigroup, Inc., Australian Investment Conference, Mar 10, 2014 through Mar 11, 2014"
2013-12-05,50,Woodside Petroleum Ltd. - Shareholder/Analyst Call
2013-12-10,29,Woodside Petroleum Ltd. Reaffirms Production Guidance for the Year 2013; Provides Production Guidance for the Year 2014
2013-12-10,80,Woodside Petroleum Ltd. (ASX:WPL) offered to acquire 60% stake in Licensing Option 11/10 from Two Seas Oil and Gas Ltd.
2013-12-17,55,"Woodside Petroleum Ltd. to Report Fiscal Year 2013 Results on Feb 19, 2014"
2013-12-17,55,"Woodside Petroleum Ltd. to Report Q1, 2014 Results on Apr 17, 2014"
2013-12-17,55,"Woodside Petroleum Ltd. to Report Q4, 2013 Results on Jan 16, 2014"
2013-12-25,65,Woodside Stake Reportedly Might Split If Shell Sells Out
2013-12-31,81,"Licensing Option 11/10, Woodside Petroleum Ltd.Woodside Petroleum Ltd. (ASX:WPL) completed the acquisition of 60% stake in Licensing Option 11/10 from Two Seas Oil and Gas Ltd."
2014-01-01,62,"Woodside Petroleum Ltd., Annual General Meeting, Apr 30, 2014"
2014-01-06,55,"Woodside Petroleum Ltd. to Report First Half, 2014 Results on Aug 20, 2014"
2014-01-06,55,"Woodside Petroleum Ltd. to Report Q2, 2014 Results on Jul 17, 2014"
2014-01-06,55,"Woodside Petroleum Ltd. to Report Q3, 2014 Results on Oct 16, 2014"
2014-01-07,26,Woodside Petroleum Ltd. Revises Earnings Guidance for the Year 2013
2014-01-13,23,Woodside Petroleum Limited Signs Sales Agreement with Chubu Electric Power Co Inc
2014-01-13,51,"Woodside Petroleum Ltd. Presents at Credit Suisse 17th Asian Investment Conference, Mar-24-2014"
2014-01-13,48,"Woodside Petroleum Ltd., 2013 Earnings Call, Feb 19, 2014"
2014-01-16,226,Woodside Reports Production Results for the Fourth Quarter and Full Year of 2013; Reports Sales Results for the Fourth Quarter of 2013
2014-01-16,138,Woodside Reports Production Results for the Fourth Quarter and Full Year of 2013; Reports Sales Results for the Fourth Quarter of 2013
2014-01-20,31,Woodside Petroleum Ltd. Reaches Agreement with Government of British Columbia
2014-01-21,23,Woodside Petroleum Reaches Agreement for Grassy Point LNG Project
2014-02-04,65,Woodside Petroleum Reportedly Resume Talks To Acquire 30% Stake In Leviathan Gas Field
2014-02-18,28,"Woodside Petroleum Ltd. Reports Consolidated Earnings Results for the Full Year Ended December 31, 2013; Provides Production Guidance for the Full Year of 2014"
2014-02-18,29,"Woodside Petroleum Ltd. Reports Consolidated Earnings Results for the Full Year Ended December 31, 2013; Provides Production Guidance for the Full Year of 2014"
2014-02-20,65,Woodside Requests Clarity Over Stake Sale By Royal Dutch Shell
2014-02-28,23,Woodside Petroleum Ltd. Signs Sales and Purchase Agreement with Korea Gas Corporation
2014-03-07,51,"Woodside Petroleum Ltd. Presents at Australian Investment Conference, Mar-10-2014 03:00 PM"
2014-03-18,77,Woodside Petroleum Ltd. Proposes Amendment to Constitution
2014-03-19,50,Woodside Petroleum Ltd. - Shareholder/Analyst Call
2014-03-28,65,Woodside Petroleum Missed Deadline For Leviathan Project
2014-04-01,65,Investors Reportedly Eyes Montera Of PTT
2014-04-17,28,"Woodside Petroleum Ltd. Announces Revenue, Capital expenditure and Production Results for the First Quarter Ended March 31, 2014"
2014-04-17,226,"Woodside Petroleum Ltd. Announces Revenue, Capital expenditure and Production Results for the First Quarter Ended March 31, 2014"
2014-04-17,138,Woodside Petroleum Ltd. Reports Revenue Results for the First Quarter of 2014
2014-04-22,65,Woodside Reportedly To Acquire Oil Search
2014-04-30,81,"Woodside Petroleum Ltd. (ASX:WPL) sold non material assets in the Gulf of Mexico, Brazil and Western Australia."
2014-04-30,77,Woodside Petroleum Ltd. Approves an Amendment to Constitution
2014-05-04,65,Woodside Reportedly Mulls Abandoning Leviathan; Considering Acquisition Of Oil Search
2014-05-20,82,"Woodside Petroleum Ltd. (ASX:WPL) cancelled the acquisition of 30% stake in 349/Rachel and 350/Amit petroleum licenses from Ratio Oil Exploration (1992) Limited Partnership (TASE:RATI.L), Noble Energy Mediterranean Ltd., Delek Drilling - Limited Partnership (TASE:DEDR.L) and Avner Oil Exploration - Limited Partnership (TASE:AVNR.L)."
2014-05-22,192,Woodside Petroleum Ltd. - Analyst/Investor Day
2014-06-17,232,"Woodside Petroleum Ltd. (ASX:WPL) announces an Equity Buyback for 78,271,512 shares, representing 9.5% for $2,679.76 million."
2014-06-17,232,Woodside Petroleum Ltd. authorizes a Buyback Plan.
2014-06-17,194,Woodside Petroleum Ltd. - Special Call
2014-06-17,1,Shell To Sell Stake In Woodside Petroleum
2014-06-18,3,Woodside Petroleum Mullls Acquisitions
2014-06-19,65,CNOOC Reportedly In Talks With Delek And Noble Energy To Acquire Stake In Aphrodite
2014-07-04,65,Woodside Petroleum Plans To Acquire 25% Stake From Chariot
2014-07-15,31,Woodside Petroleum Completes Tanzania Farm-In Agreement
2014-07-17,138,"Woodside Petroleum Ltd. Reports Sales Results and Production Results for the Second Quarter Ended June 30, 2014; Provides Production Guidance for 2014"
2014-07-17,29,"Woodside Petroleum Ltd. Reports Sales Results and Production Results for the Second Quarter Ended June 30, 2014; Provides Production Guidance for 2014"
2014-07-17,48,"Woodside Petroleum Ltd., H1 2014 Earnings Call, Aug 20, 2014"
2014-07-17,97,"Woodside Petroleum Ltd., Special/Extraordinary Shareholders Meeting, Aug 01, 2014"
2014-07-17,226,"Woodside Petroleum Ltd. Reports Sales Results and Production Results for the Second Quarter Ended June 30, 2014; Provides Production Guidance for 2014"
2014-07-31,65,Woodside Might Acquire Apache's Stake In The Kitimat LNG
2014-08-01,231,"Tranche Update on Woodside Petroleum Ltd. (ASX:WPL)'s Equity Buyback Plan announced on June 17, 2014."
2014-08-01,233,"Woodside Petroleum Ltd.'s Equity Buyback announced on June 17, 2014 has been cancelled."
2014-08-01,50,Woodside Petroleum Ltd. - Shareholder/Analyst Call
2014-08-11,81,"Woodside Petroleum Ltd. (ASX:WPL) acquired 40% stake in exploration, exploitation and production sharing contract for Block F15 in the Gabon."
2014-08-13,31,Woodside Petroleum Acquires 40% Stake in Exploration Acreage
2014-08-19,28,"Woodside Petroleum Ltd. Announces Unaudited Earnings and Operating Results for the First Half Ended June 30, 2014; Revises Production Guidance for the Year 2014"
2014-08-19,226,"Woodside Petroleum Ltd. Announces Unaudited Earnings and Operating Results for the First Half Ended June 30, 2014; Revises Production Guidance for the Year 2014"
2014-08-19,29,"Woodside Petroleum Ltd. Announces Unaudited Earnings and Operating Results for the First Half Ended June 30, 2014; Revises Production Guidance for the Year 2014"
2014-08-20,149,"Daiwa Capital Markets Australia Limited, Daiwa Australia Corporate Event Tokyo 2014, Sep 18, 2014 through Sep 19, 2014"
2014-08-20,3,Woodside Mulls Acquisitions In North America
2014-08-20,51,"Woodside Petroleum Ltd. Presents at Daiwa Australia Corporate Event Tokyo 2014, Sep-18-2014"
2014-09-01,65,Apache’s Wheatstone Assets Are Reportedly On The Block
2014-09-01,65,Seven Group Reportedly Takes A Stake In Woodside
2014-10-16,28,"Woodside Petroleum Ltd. Announces Earnings Results for the Third Quarter and Nine Months Ended September 30, 2014 and Production Results for the Nine Months Ended September 30, 2014"
2014-10-16,138,Woodside Petroleum Ltd. Reports Sales and Production Results for the Third Quarter Ended September 30 2014; Revised Production Guidance for the Year 2014
2014-10-16,226,"Woodside Petroleum Ltd. Announces Earnings Results for the Third Quarter and Nine Months Ended September 30, 2014 and Production Results for the Nine Months Ended September 30, 2014"
2014-10-16,29,Woodside Petroleum Ltd. Reports Sales and Production Results for the Third Quarter Ended September 30 2014; Revised Production Guidance for the Year 2014
2014-10-16,226,Woodside Petroleum Ltd. Reports Sales and Production Results for the Third Quarter Ended September 30 2014; Revised Production Guidance for the Year 2014
2014-10-22,3,Woodside Seeks Acquisitions
2014-10-31,1,Royal Dutch Mulls To Sell Stake In Woodside
2014-11-17,16,"Woodside Appoints Gene Tilbrook as Non-Executive Independent Director, Effective December 4, 2014"
2014-11-18,65,Woodside Still Stands On Acquisition Of Apache
2014-11-26,16,Woodside Announces Resignation of Rob Cole as an Executive Director and Executive Vice President Corporate and Commercial
2014-12-10,149,"Credit Suisse Group AG, Credit Suisse 18th Annual Asian Investment Conference 2015, Mar 23, 2015 through Mar 27, 2015"
2014-12-10,23,Woodside Petroleum Limited Enters into Contract for RL with ONHYM Offshore Morocco
2014-12-11,149,"Citigroup Inc., 12th Annual Australia & New Zealand Investment Conference, Mar 09, 2015 through Mar 10, 2015"
2014-12-15,80,Woodside Petroleum Ltd. (ASX:WPL) agreed to acquire Apache Julimar Pty Ltd and 50% Stake in Kitimat LNG Project from Apache Corp. (NYSE:APA) for $2.8 billion.
2014-12-16,52,"Woodside Petroleum Ltd., Apache Corp. - M&A Call"
2014-12-17,3,Woodside Petroleum Seeks More Acquisitions
2014-12-17,31,Woodside Purchases Apache Interests in Key Oil and Gas Projects
2015-01-11,22,Woodside Petroleum Teams up with Adani Enterprises on LNG Project
2015-01-15,226,"Woodside Petroleum Ltd. Reports Production and Sales Results for the Fourth Quarter and Full Year Ended December 31, 2014; Provides Production Guidance for 2015; Provides Impairment Guidance for 2014"
2015-01-15,138,"Woodside Petroleum Ltd. Reports Production and Sales Results for the Fourth Quarter and Full Year Ended December 31, 2014; Provides Production Guidance for 2015; Provides Impairment Guidance for 2014"
2015-01-15,29,"Woodside Petroleum Ltd. Reports Production and Sales Results for the Fourth Quarter and Full Year Ended December 31, 2014; Provides Production Guidance for 2015; Provides Impairment Guidance for 2014"
2015-01-15,73,"Woodside Petroleum Ltd. Reports Production and Sales Results for the Fourth Quarter and Full Year Ended December 31, 2014; Provides Production Guidance for 2015; Provides Impairment Guidance for 2014"
2015-02-06,62,"Woodside Petroleum Ltd., Annual General Meeting, Apr 16, 2015"
2015-02-06,55,"Woodside Petroleum Ltd. to Report Q1, 2015 Results on Apr 15, 2015"
2015-02-06,55,"Woodside Petroleum Ltd. to Report Fiscal Year 2014 Results on Feb 18, 2015"
2015-02-10,29,"Woodside Petroleum Ltd. Reports Production and Earnings Results for the Fourth Quarter and Year Ended December 31, 2014; Provides Production Guidance for the Year 2015"
2015-02-10,192,Woodside Petroleum Ltd. - Analyst/Investor Day
2015-02-10,226,"Woodside Petroleum Ltd. Reports Production and Earnings Results for the Fourth Quarter and Year Ended December 31, 2014; Provides Production Guidance for the Year 2015"
2015-02-10,28,"Woodside Petroleum Ltd. Reports Production and Earnings Results for the Fourth Quarter and Year Ended December 31, 2014; Provides Production Guidance for the Year 2015"
2015-02-10,48,"Woodside Petroleum Ltd., 2014 Earnings Call, Feb 18, 2015"
2015-02-17,28,"Woodside Petroleum Ltd. Reports Audited Consolidated Earnings and Operating Results for the Full Year Ended December 31, 2014"
2015-02-17,55,"Woodside Petroleum Ltd. to Report Q2, 2015 Results on Jul 15, 2015"
2015-02-17,55,"Woodside Petroleum Ltd. to Report Q3, 2015 Results on Oct 14, 2015"
2015-02-17,50,Woodside Petroleum Ltd. - Shareholder/Analyst Call
2015-02-17,226,"Woodside Petroleum Ltd. Reports Audited Consolidated Earnings and Operating Results for the Full Year Ended December 31, 2014"
2015-02-17,55,"Woodside Petroleum Ltd. to Report First Half, 2015 Results on Aug 18, 2015"
2015-02-18,21,Woodside Petroleum Expects to Cut More Than 300 Jobs
2015-02-20,3,Woodside Petroleum Mulls Acquisitions
2015-02-27,42,"Woodside Finance Limited to Raise $1,000 Million in Private Placement of Corporate Bonds"
2015-03-04,51,"Woodside Petroleum Ltd. Presents at Credit Suisse 18th Annual Asian Investment Conference 2015, Mar-23-2015"
2015-03-06,51,"Woodside Petroleum Ltd. Presents at 12th Annual Australia & New Zealand Investment Conference, Mar-09-2015"
2015-03-18,224,Woodside Petroleum Closes Pluto Liquefied Natural Gas Plant
2015-03-18,224,Woodside Petroleum Closes Pluto Liquefied Natural Gas Plant
2015-03-18,224,Woodside Petroleum Closes Pluto Liquefied Natural Gas Plant
2015-03-18,224,Woodside Petroleum Closes Pluto Liquefied Natural Gas Plant
2015-03-20,224,Woodside Petroleum Restarts its Massive Pluto Liquefied Natural Gas Plant
2015-03-20,224,Woodside Petroleum Restarts its Massive Pluto Liquefied Natural Gas Plant
2015-03-20,224,Woodside Petroleum Restarts its Massive Pluto Liquefied Natural Gas Plant
2015-03-20,224,Woodside Petroleum Restarts its Massive Pluto Liquefied Natural Gas Plant
2015-03-24,21,Woodside Petroleum Cuts 300 Jobs in Response to Falling Oil Prices
2015-04-06,55,"Woodside Petroleum Ltd. to Report Q4, 2015 Results on Jan 20, 2016"
2015-04-08,41,Woodside Discovers Gas at Pyxis-1 Exploration Well Offshore Western Australia
2015-04-10,81,Woodside Petroleum Ltd. (ASX:WPL) completed the acquisition of Apache Julimar Pty Ltd and 50% Stake in Kitimat LNG Project from Apache Corp. (NYSE:APA).
2015-04-13,31,Woodside Petroleum Acquires 50% Interest in the Kitimat Liquefied Natural Gas Project in Canada from Apache
2015-04-15,28,"Woodside Petroleum Ltd. Announces Earnings and Operating Results for the First Quarter Ended March 31, 2015"
2015-04-15,226,"Woodside Petroleum Ltd. Announces Earnings and Operating Results for the First Quarter Ended March 31, 2015"
2015-04-16,3,Woodside Petroleum Mulls Acquisitions
2015-05-22,3,Woodside Petroleum Seeks Acquisitions
2015-06-03,22,"Sempra LNG and Woodside Sign Memorandum of Understanding for Potential Development of Natural Gas Liquefaction Facility at Port Arthur, Texas"
2015-06-26,65,Woodside Petroleum Reportedly Puts Laminaria-Corallina Up For Sale
2015-07-01,22,Woodside and Shell Enter Feed Phase for Browse FLNG Development
2015-07-16,28,"Woodside Petroleum Ltd. Reports Production and Earnings Results for the Second Quarter and Six Months Ended June 30, 2015; Provides Production Guidance for the Year 2015"
2015-07-16,226,"Woodside Petroleum Ltd. Reports Production and Earnings Results for the Second Quarter and Six Months Ended June 30, 2015; Provides Production Guidance for the Year 2015"
2015-07-16,29,"Woodside Petroleum Ltd. Reports Production and Earnings Results for the Second Quarter and Six Months Ended June 30, 2015; Provides Production Guidance for the Year 2015"
2015-08-03,48,"Woodside Petroleum Ltd., H1 2015 Earnings Call, Aug 19, 2015"
2015-08-18,29,"Woodside Petroleum Ltd. Announces Audited Earnings and Production Results for the Half Year Ended June 30, 2015; Provides Production Guidance for the Year 2015"
2015-08-18,28,"Woodside Petroleum Ltd. Announces Audited Earnings and Production Results for the Half Year Ended June 30, 2015; Provides Production Guidance for the Year 2015"
2015-08-18,226,"Woodside Petroleum Ltd. Announces Audited Earnings and Production Results for the Half Year Ended June 30, 2015; Provides Production Guidance for the Year 2015"
2015-09-08,80,Woodside Petroleum Ltd. (ASX:WPL) made a non-binding proposal to acquire Oil Search Limited (ASX:OSH) for AUD 11.6 billion.
2015-09-08,65,Woodside Reportedly Approaches Papua New Guinea Firm
2015-09-15,65,Woodside Petroleum And Oil Search’s Rival Energy Players May Lob Higher Bids
2015-10-06,65,Royal Dutch Shell Still Keen On Selling Stake In Woodside Petroleum
2015-10-15,226,"Woodside Petroleum Ltd. Reports Production and Earnings Results for the Third Quarter and Nine Months Ended September 30, 2015; Provides Production Guidance for the Fiscal Year 2015"
2015-10-15,80,Northern Oil & Gas Australia Pty Limited entered into a conditional agreement to acquire Laminaria Field and Corallina Field assets in Timor Sea from Woodside Petroleum Ltd. (ASX:WPL) for AUD 0.9 million.
2015-10-15,28,"Woodside Petroleum Ltd. Reports Production and Earnings Results for the Third Quarter and Nine Months Ended September 30, 2015; Provides Production Guidance for the Fiscal Year 2015"
2015-11-02,65,BHP Billiton Limited May Consider Acquiring Woodside Petroleum Ltd.
2015-11-15,65,Woodside Petroleum To Reportedly Revive Attempts To Acquire Oil Search
2015-11-23,65,Woodside Petroleum Reportedly Seeks Acquisition Of Perth Basin Asset Of Origin Energy
2015-12-08,82,Woodside Petroleum Ltd. (ASX:WPL) cancelled the acquisition of Oil Search Limited (ASX:OSH).
2015-12-08,65,Origin Energy To Divest Gas Assets In Cooper Basin And Perth Basin
2015-12-17,29,Woodside Petroleum Ltd. Reaffirms Production and Capital Expenditure Guidance for the Full Year of 2015
2016-01-04,65,January 29 EoI Deadline For Origin Gas Assets; Active Bidding Likely
2016-01-20,55,"Woodside Petroleum Ltd. to Report Fiscal Year 2015 Final Results on Feb 16, 2016"
2016-01-20,62,"Woodside Petroleum Ltd., Annual General Meeting, Apr 21, 2016"
2016-01-20,55,"Woodside Petroleum Ltd. to Report Q1, 2016 Results on Apr 19, 2016"
2016-01-20,55,"Woodside Petroleum Ltd. to Report Q3, 2016 Results on Oct 19, 2016"
2016-01-20,55,"Woodside Petroleum Ltd. to Report Q2, 2016 Results on Jul 20, 2016"
2016-01-20,55,"Woodside Petroleum Ltd. to Report First Half, 2016 Final Results on Aug 18, 2016"
2016-01-21,226,Woodside Petroleum Ltd. Reports Production and Earnings Results for the Fourth Quarter and Full Year 2015; Provides Production and Investment Expenditure Guidance for the Year 2016
2016-01-21,48,"Woodside Petroleum Ltd., 2015 Earnings Call, Feb 17, 2016"
2016-01-21,29,Woodside Petroleum Ltd. Reports Production and Earnings Results for the Fourth Quarter and Full Year 2015; Provides Production and Investment Expenditure Guidance for the Year 2016
2016-01-21,192,Woodside Petroleum Ltd. - Analyst/Investor Day
2016-01-21,138,Woodside Petroleum Ltd. Reports Production and Earnings Results for the Fourth Quarter and Full Year 2015; Provides Production and Investment Expenditure Guidance for the Year 2016
2016-02-16,29,"Woodside Petroleum Ltd. Reports Audited Consolidated Earnings Results for the Year Ended December 31, 2015; Provides Cash Flow Operations Guidance for the Full Year of 2016"
2016-02-16,28,"Woodside Petroleum Ltd. Reports Audited Consolidated Earnings Results for the Year Ended December 31, 2015; Provides Cash Flow Operations Guidance for the Full Year of 2016"
2016-02-16,50,Woodside Petroleum Ltd. - Shareholder/Analyst Call
2016-02-19,41,Woodside Petroleum Ltd. Announces Gas Discovery in Thalin-1A Exploration Well
2016-02-29,16,Woodside Petroleum Ltd. Appoints Ann Pickard as Non-Executive Director
2016-03-23,3,Woodside Petroleum Seeks Acquisitions
2016-04-11,22,Woodside and Korea Gas Corporation Extend Partnership
2016-04-19,28,"Woodside Petroleum Ltd. Reports Earnings and Production Results for the First Quarter Ended March 31, 2016"
2016-04-19,226,"Woodside Petroleum Ltd. Reports Earnings and Production Results for the First Quarter Ended March 31, 2016"
2016-04-29,81,Northern Oil & Gas Australia Pty Limited completed the acquisition of Laminaria Field and Corallina Field assets in Timor Sea from Woodside Petroleum Ltd. (ASX:WPL).
2016-05-20,3,Woodside Petroleum Seeks Acquisitions
2016-05-24,23,Woodside and Korea Gas Corporation Sign Memorandum of Understanding for Cooperation
2016-05-25,23,Woodside Signs Charter Contract with Siem Offshore Australia
2016-07-11,87,Woodside Petroleum Ltd has completed a Fixed-Income Offering in the amount of CHF 175 million.
2016-07-13,80,Woodside Petroleum Ltd. (ASX:WPL) entered into a binding purchase and sale agreement to acquire ConocoPhillips Senegal B.V. from ConocoPhillips (NYSE:COP) for $430 million.
2016-07-20,48,"Woodside Petroleum Ltd., H1 2016 Earnings Call, Aug 19, 2016"
2016-07-21,226,"Woodside Petroleum Ltd. Reports Earnings and Production Results for the Second Quarter and Six Months Ended June 30, 2016"
2016-07-21,28,"Woodside Petroleum Ltd. Reports Earnings and Production Results for the Second Quarter and Six Months Ended June 30, 2016"
2016-07-29,3,Shell In Plans To Sell The Remaining Stake In Woodside Petroleum
2016-08-19,55,"Woodside Petroleum Ltd. to Report Q4, 2016 Results on Jan 19, 2017"
2016-08-19,3,Woodside Still Looks For Acquisitions
2016-09-05,80,Woodside Petroleum Ltd. (ASX:WPL) agreed to acquire 50% stake in Scarborough area assets for $400 million.
2016-09-05,80,Woodside Petroleum Ltd. (ASX:WPL) agreed to acquire 50% stake in Scarborough area assets for $400 million.
2016-10-08,65,Woodside Petroleum and BHP Billiton Reportedly Could be The Potential Candidates.
2016-10-20,138,"Woodside Petroleum Ltd. Reports Earnings and Production Results for the Third Quarter and Year to Date Ended September 30, 2016; Provides Production Guidance for the Fiscal Year 2016"
2016-10-20,3,Woodside Seeks Acquisitions
2016-10-20,226,"Woodside Petroleum Ltd. Reports Earnings and Production Results for the Third Quarter and Year to Date Ended September 30, 2016; Provides Production Guidance for the Fiscal Year 2016"
2016-10-28,81,Woodside Petroleum Ltd. (ASX:WPL) completed the acquisition of ConocoPhillips Senegal B.V. from ConocoPhillips (NYSE:COP) for $440 million.
2016-11-03,55,"Woodside Petroleum Ltd. to Report Q1, 2017 Results on Apr 20, 2017"
2016-11-03,55,"Woodside Petroleum Ltd. to Report Fiscal Year 2016 Results on Feb 22, 2017"
2016-11-03,55,"Woodside Petroleum Ltd. to Report Q3, 2017 Results on Oct 19, 2017"
2016-11-03,55,"Woodside Petroleum Ltd. to Report Q2, 2017 Results on Jul 20, 2017"
2016-11-03,55,"Woodside Petroleum Ltd. to Report First Half, 2017 Results on Aug 16, 2017"
2016-11-14,3,Woodside Petroleum Eyes Acquisitions
2016-11-14,16,Woodside Petroleum Ltd. Appoints Ian Macfarlane as Non-Executive Director
2016-11-15,81,Woodside Petroleum Ltd. (ASX:WPL) completed the acquisition of 50% stake in Scarborough area assets from BHP Billiton Limited (ASX:BHP) for $250 million.
2016-11-15,81,Woodside Petroleum Ltd. (ASX:WPL) completed the acquisition of 50% stake in Scarborough area assets from BHP Billiton Limited (ASX:BHP) for $250 million.
2016-12-08,149,"Credit Suisse Group AG, Credit Suisse 20th Asian Investment Conference, Mar 27, 2017 through Mar 30, 2017"
2016-12-08,149,"Credit Suisse Group AG, Credit Suisse 20th Asian Investment Conference, Mar 27, 2017 through Mar 30, 2017"
2016-12-08,149,"Credit Suisse Group AG, Credit Suisse 20th Asian Investment Conference, Mar 27, 2017 through Mar 30, 2017"
2016-12-08,149,"Credit Suisse Group AG, Credit Suisse 20th Asian Investment Conference, Mar 27, 2017 through Mar 30, 2017"
2016-12-16,16,"Woodside Names Mr. Larry Archibald as Non-Executive Director, Effective 1 February 2017"
2017-01-19,48,"Woodside Petroleum Ltd, 2016 Earnings Call, Feb 22, 2017"
2017-01-19,62,"Woodside Petroleum Ltd, Annual General Meeting, May 05, 2017"
2017-01-19,3,Woodside Petroleum Seeks Acquisitions
2017-01-19,29,"Woodside Petroleum Ltd Announces Production and Capital Expenditure Results for the Fourth Quarter and Year Ended December 31, 2016; Provides Production Guidance for the Year 2017"
2017-01-19,226,"Woodside Petroleum Ltd Announces Production and Capital Expenditure Results for the Fourth Quarter and Year Ended December 31, 2016; Provides Production Guidance for the Year 2017"
2017-01-19,192,Woodside Petroleum Ltd - Analyst/Investor Day
2017-01-19,28,"Woodside Petroleum Ltd Announces Production and Capital Expenditure Results for the Fourth Quarter and Year Ended December 31, 2016; Provides Production Guidance for the Year 2017"
2017-02-20,16,Woodside Petroleum Ltd Announces Executive Changes
2017-02-21,28,"Woodside Petroleum Ltd Announces Consolidated Unaudited Earnings Results for the Year Ended 31 December, 2016"
2017-02-21,55,"Woodside Petroleum Ltd to Report Fiscal Year 2016 Final Results on Mar 01, 2017"
2017-02-28,23,Woodside and GE Sign an Agreement to Support the Use of LNG as a Fuel in Western Australia
2017-03-09,51,"Woodside Petroleum Ltd Presents at Credit Suisse 20th Asian Investment Conference, Mar-27-2017 through Mar-30-2017"
2017-03-10,149,"ITE Group plc, the 24th Africa Oil Week 2017, Oct 23, 2017 through Oct 27, 2017"
2017-04-20,28,"Woodside Petroleum Ltd. Reports Earnings and Production Results for the First Quarter Ended March 31, 2017"
2017-04-20,3,Woodside Petroleum Seeks Acquisitions
2017-04-20,226,"Woodside Petroleum Ltd. Reports Earnings and Production Results for the First Quarter Ended March 31, 2017"
2017-05-02,50,Woodside Petroleum Ltd - Shareholder/Analyst Call
2017-05-05,16,Woodside Petroleum Ltd. Elects Board of Directors
2017-05-11,16,Woodside Petroleum Ltd Announces Cessation of David Ian McEVOY as Director
2017-05-29,192,Woodside Petroleum Ltd - Analyst/Investor Day
2017-05-31,16,"Woodside Petroleum Ltd Announces Executive Changes, Effective June 1, 2017"
2017-07-20,138,"Woodside Petroleum Reports Sales and Production Results for the Second Quarter Ended June 30, 2017"
2017-07-20,226,"Woodside Petroleum Reports Sales and Production Results for the Second Quarter Ended June 30, 2017"
2017-07-20,48,"Woodside Petroleum Ltd, H1 2017 Earnings Call, Aug 16, 2017"
2017-07-21,65,Woodside Petroleum eyes ExxonMobil's Scarborough Gas Stake
2017-08-01,65,As Per Reports Woodside Petroleum Pulled Out Of The Deal To Jointly Acquire Tataruga And Buana Fields
2017-08-01,16,Woodside Petroleum Ltd. Appoints Richard James Barr Goyder as Director
2017-08-15,28,"Woodside Petroleum Ltd Announces Consolidated Earnings and Production Results for the First Half Ended June 30, 2017"
2017-09-25,149,"American Gas Association, 27th World Gas Conference, Jun 25, 2018 through Jun 29, 2018"
2017-09-25,149,"American Gas Association, 27th World Gas Conference, Jun 25, 2018 through Jun 29, 2018"
2017-10-18,28,"Woodside Petroleum Ltd Reports Earnings and Production Results for the Third Quarter and Nine Months Ended September 30, 2017"
2017-10-18,226,"Woodside Petroleum Ltd Reports Earnings and Production Results for the Third Quarter and Nine Months Ended September 30, 2017"
2017-10-20,51,"Woodside Petroleum Ltd Presents at The 24th Africa Oil Week 2017, Oct-24-2017 09:00 AM"
2017-11-27,149,"Credit Suisse Group AG, 21st Credit Suisse Asian Investment Conference, Hong Kong, Mar 19, 2018 through Mar 22, 2018"
2017-11-27,149,"Credit Suisse Group AG, 21st Credit Suisse Asian Investment Conference, Hong Kong, Mar 19, 2018 through Mar 22, 2018"
2017-11-27,149,"Credit Suisse Group AG, 21st Credit Suisse Asian Investment Conference, Hong Kong, Mar 19, 2018 through Mar 22, 2018"
2017-11-27,149,"Credit Suisse Group AG, 21st Credit Suisse Asian Investment Conference, Hong Kong, Mar 19, 2018 through Mar 22, 2018"
2017-12-04,55,"Woodside Petroleum Ltd to Report Fiscal Year 2017 Results on Feb 14, 2018"
2017-12-04,55,"Woodside Petroleum Ltd to Report Q3, 2018 Results on Oct 18, 2018"
2017-12-04,55,"Woodside Petroleum Ltd to Report First Half, 2018 Results on Aug 15, 2018"
2017-12-04,55,"Woodside Petroleum Ltd to Report Q2, 2018 Results on Jul 19, 2018"
2017-12-04,55,"Woodside Petroleum Ltd to Report Q1, 2018 Results on Apr 18, 2018"
2017-12-04,55,"Woodside Petroleum Ltd to Report Q4, 2017 Results on Jan 18, 2018"
2017-12-18,62,"Woodside Petroleum Ltd, Annual General Meeting, Apr 19, 2018"
2018-01-17,48,"Woodside Petroleum Ltd, 2017 Earnings Call, Feb 14, 2018"
2018-01-18,226,"Woodside Petroleum Ltd Reports Sales and Operating Results for the Fourth Quarter and Year Ended December 31, 2017; Provides Production Guidance for the Year 2018"
2018-01-18,138,"Woodside Petroleum Ltd Reports Sales and Operating Results for the Fourth Quarter and Year Ended December 31, 2017; Provides Production Guidance for the Year 2018"
2018-01-18,29,"Woodside Petroleum Ltd Reports Sales and Operating Results for the Fourth Quarter and Year Ended December 31, 2017; Provides Production Guidance for the Year 2018"
2018-02-13,28,"Woodside Petroleum Ltd Announces Audited Consolidated Earnings Results for the Year Ended 31 December, 2017"
2018-02-13,50,Woodside Petroleum Ltd - Shareholder/Analyst Call
2018-02-14,51,"Woodside Petroleum Ltd Presents at 21st Credit Suisse Asian Investment Conference, Hong Kong, Mar-19-2018 11:30 AM"
2018-02-14,86,Woodside Energy Group Ltd has filed a Follow-on Equity Offering in the amount of AUD 2.527335 billion.
2018-02-14,80,Woodside Petroleum Ltd (ASX:WPL) entered into a binding sale and purchase agreement to acquire an additional 50% stake in Scarborough Gas Field from Exxon Mobil Corporation (NYSE:XOM).
2018-02-14,86,Woodside Petroleum Ltd has filed a Follow-on Equity Offering in the amount of AUD 2.527335 billion.
2018-02-14,86,Woodside Energy Group Ltd has filed a Follow-on Equity Offering in the amount of AUD 2.527335 billion.
2018-02-14,86,Woodside Petroleum Ltd has filed a Follow-on Equity Offering in the amount of AUD 2.527335 billion.
2018-02-17,95,Woodside Petroleum Ltd(ASX:WPLR) added to FTSE All-World Index (USD)
2018-02-17,95,Woodside Petroleum Ltd(ASX:WPLR) added to FTSE All-World Index (USD)
2018-02-19,95,Woodside Petroleum Ltd(ASX:WPLR) added to FTSE All-World Index (USD)
2018-02-19,95,Woodside Petroleum Ltd(ASX:WPLR) added to FTSE All-World Index (USD)
2018-02-23,75,Woodside Petroleum Ltd(ASX:WPLR) dropped from FTSE All-World Index (USD)
2018-03-07,86,Woodside Petroleum Ltd has completed a Follow-on Equity Offering in the amount of AUD 2.550164 billion.
2018-03-07,86,Woodside Petroleum Ltd has completed a Follow-on Equity Offering in the amount of AUD 2.93816 billion.
2018-03-07,86,Woodside Energy Group Ltd has completed a Follow-on Equity Offering in the amount of AUD 2.527335 billion.
2018-03-07,86,Woodside Energy Group Ltd has completed a Follow-on Equity Offering in the amount of AUD 2.527335 billion.
2018-03-07,86,Woodside Petroleum Ltd has completed a Follow-on Equity Offering in the amount of AUD 2.93816 billion.
2018-03-07,86,Woodside Energy Group Ltd has completed a Follow-on Equity Offering in the amount of AUD 2.527335 billion.
2018-03-07,86,Woodside Energy Group Ltd has completed a Follow-on Equity Offering in the amount of AUD 2.527335 billion.
2018-03-07,86,Woodside Petroleum Ltd has completed a Follow-on Equity Offering in the amount of AUD 2.550164 billion.
2018-03-13,86,Woodside Petroleum Ltd has completed a Follow-on Equity Offering in the amount of AUD 2.93816 billion.
2018-03-13,86,Woodside Energy Group Ltd has completed a Follow-on Equity Offering in the amount of AUD 2.527335 billion.
2018-03-13,86,Woodside Energy Group Ltd has completed a Follow-on Equity Offering in the amount of AUD 2.527335 billion.
2018-03-13,86,Woodside Petroleum Ltd has completed a Follow-on Equity Offering in the amount of AUD 2.550164 billion.
2018-03-13,86,Woodside Petroleum Ltd has completed a Follow-on Equity Offering in the amount of AUD 2.93816 billion.
2018-03-13,86,Woodside Energy Group Ltd has completed a Follow-on Equity Offering in the amount of AUD 2.527335 billion.
2018-03-13,86,Woodside Energy Group Ltd has completed a Follow-on Equity Offering in the amount of AUD 2.527335 billion.
2018-03-13,86,Woodside Petroleum Ltd has completed a Follow-on Equity Offering in the amount of AUD 2.550164 billion.
2018-03-26,95,Woodside Petroleum Ltd(BOIN:) added to ITRAXX Australia CDS Index Series 29
2018-03-26,95,Woodside Petroleum Ltd(BOIN:) added to ITRAXX Australia CDS Index Series 29
2018-03-26,95,Woodside Petroleum Ltd(BOIN:) added to ITRAXX Australia CDS Index Series 29
2018-03-26,95,Woodside Petroleum Ltd(BOIN:) added to ITRAXX Australia CDS Index Series 29
2018-03-29,81,Woodside Petroleum Ltd (ASX:WPL) completed the acquisition of an additional 50% stake in Scarborough Gas Field from Exxon Mobil Corporation (NYSE:XOM).
2018-04-17,226,"Woodside Petroleum Ltd Reports Earnings and Production Results for the First Quarter Ended March 31, 2018; Announces Executive Changes"
2018-04-17,28,"Woodside Petroleum Ltd Reports Earnings and Production Results for the First Quarter Ended March 31, 2018; Announces Executive Changes"
2018-04-17,28,"Woodside Petroleum Ltd Reports Earnings and Production Results for the First Quarter Ended March 31, 2018; Announces Executive Changes"
2018-04-17,28,"Woodside Petroleum Ltd Reports Earnings and Production Results for the First Quarter Ended March 31, 2018; Announces Executive Changes"
2018-04-17,16,"Woodside Petroleum Ltd Reports Earnings and Production Results for the First Quarter Ended March 31, 2018; Announces Executive Changes"
2018-04-17,16,"Woodside Petroleum Ltd Reports Earnings and Production Results for the First Quarter Ended March 31, 2018; Announces Executive Changes"
2018-04-17,16,"Woodside Petroleum Ltd Reports Earnings and Production Results for the First Quarter Ended March 31, 2018; Announces Executive Changes"
2018-04-17,16,"Woodside Petroleum Ltd Reports Earnings and Production Results for the First Quarter Ended March 31, 2018; Announces Executive Changes"
2018-04-17,192,Woodside Petroleum Ltd - Analyst/Investor Day
2018-04-17,226,"Woodside Petroleum Ltd Reports Earnings and Production Results for the First Quarter Ended March 31, 2018; Announces Executive Changes"
2018-04-17,226,"Woodside Petroleum Ltd Reports Earnings and Production Results for the First Quarter Ended March 31, 2018; Announces Executive Changes"
2018-04-17,226,"Woodside Petroleum Ltd Reports Earnings and Production Results for the First Quarter Ended March 31, 2018; Announces Executive Changes"
2018-04-17,28,"Woodside Petroleum Ltd Reports Earnings and Production Results for the First Quarter Ended March 31, 2018; Announces Executive Changes"
2018-04-20,16,Woodside Petroleum Ltd Announces Cessation of Michael Alfred CHANEY as Director
2018-06-15,41,Woodside Petroleum Ltd Commences Train 2 LNG Production
2018-06-22,51,"Woodside Petroleum Ltd Presents at 27th World Gas Conference, Jun-26-2018"
2018-06-27,1,Woodside Petroleum May Exit Sempra Port Arthur LNG Export Project
2018-07-19,138,"Woodside Petroleum Ltd Announces Production and Sales Results for the Second Quarter Ended June 30, 2018"
2018-07-19,226,"Woodside Petroleum Ltd Announces Production and Sales Results for the Second Quarter Ended June 30, 2018"
2018-07-19,48,"Woodside Petroleum Ltd, H1 2018 Earnings Call, Aug 15, 2018"
2018-08-14,28,"Woodside Petroleum Ltd. Announces Unaudited Consolidated Earnings and Production Results for the First Half Ended June 30, 2018; Provides Financial Guidance for 2018"
2018-08-14,28,"Woodside Petroleum Ltd. Announces Unaudited Consolidated Earnings and Production Results for the First Half Ended June 30, 2018; Provides Financial Guidance for 2018"
2018-08-14,28,"Woodside Petroleum Ltd. Announces Unaudited Consolidated Earnings and Production Results for the First Half Ended June 30, 2018; Provides Financial Guidance for 2018"
2018-08-14,29,"Woodside Petroleum Ltd. Announces Unaudited Consolidated Earnings and Production Results for the First Half Ended June 30, 2018; Provides Financial Guidance for 2018"
2018-08-14,55,"Woodside Petroleum Ltd to Report Q4, 2018 Results on Jan 17, 2019"
2018-08-14,29,"Woodside Petroleum Ltd. Announces Unaudited Consolidated Earnings and Production Results for the First Half Ended June 30, 2018; Provides Financial Guidance for 2018"
2018-08-14,29,"Woodside Petroleum Ltd. Announces Unaudited Consolidated Earnings and Production Results for the First Half Ended June 30, 2018; Provides Financial Guidance for 2018"
2018-08-14,29,"Woodside Petroleum Ltd. Announces Unaudited Consolidated Earnings and Production Results for the First Half Ended June 30, 2018; Provides Financial Guidance for 2018"
2018-08-14,226,"Woodside Petroleum Ltd. Announces Unaudited Consolidated Earnings and Production Results for the First Half Ended June 30, 2018; Provides Financial Guidance for 2018"
2018-08-14,226,"Woodside Petroleum Ltd. Announces Unaudited Consolidated Earnings and Production Results for the First Half Ended June 30, 2018; Provides Financial Guidance for 2018"
2018-08-14,226,"Woodside Petroleum Ltd. Announces Unaudited Consolidated Earnings and Production Results for the First Half Ended June 30, 2018; Provides Financial Guidance for 2018"
2018-08-14,226,"Woodside Petroleum Ltd. Announces Unaudited Consolidated Earnings and Production Results for the First Half Ended June 30, 2018; Provides Financial Guidance for 2018"
2018-08-14,28,"Woodside Petroleum Ltd. Announces Unaudited Consolidated Earnings and Production Results for the First Half Ended June 30, 2018; Provides Financial Guidance for 2018"
2018-09-24,95,Woodside Petroleum Ltd(BOIN:) added to ITRAXX Australia CDS Index Series 30
2018-09-24,95,Woodside Petroleum Ltd(BOIN:) added to ITRAXX Australia CDS Index Series 30
2018-09-24,95,Woodside Petroleum Ltd(BOIN:) added to ITRAXX Australia CDS Index Series 30
2018-09-24,95,Woodside Petroleum Ltd(BOIN:) added to ITRAXX Australia CDS Index Series 30
2018-09-27,149,"Gartner, Inc., Gartner Symposium/ITxpo 2018, Oct 29, 2018 through Nov 01, 2018"
2018-10-01,60,Woodside Petroleum Ltd Announces Change of Registered Office
2018-10-18,226,"Woodside Petroleum Ltd. Reports Revenue and Production Results for the Third Quarter and Nine Months Ended September 30, 2018"
2018-10-18,138,"Woodside Petroleum Ltd. Reports Revenue and Production Results for the Third Quarter and Nine Months Ended September 30, 2018"
2018-10-18,138,"Woodside Petroleum Ltd. Reports Revenue and Production Results for the Third Quarter and Nine Months Ended September 30, 2018"
2018-10-18,138,"Woodside Petroleum Ltd. Reports Revenue and Production Results for the Third Quarter and Nine Months Ended September 30, 2018"
2018-10-18,138,"Woodside Petroleum Ltd. Reports Revenue and Production Results for the Third Quarter and Nine Months Ended September 30, 2018"
2018-10-18,226,"Woodside Petroleum Ltd. Reports Revenue and Production Results for the Third Quarter and Nine Months Ended September 30, 2018"
2018-10-18,226,"Woodside Petroleum Ltd. Reports Revenue and Production Results for the Third Quarter and Nine Months Ended September 30, 2018"
2018-10-18,226,"Woodside Petroleum Ltd. Reports Revenue and Production Results for the Third Quarter and Nine Months Ended September 30, 2018"
2018-10-22,22,Woodside Inks Cooperation Agreement with ENN Group Co Ltd to Explore Broad Range of Potential Business Opportunities
2018-10-27,51,"Woodside Petroleum Ltd Presents at Gartner Symposium/ITxpo 2018, Oct-30-2018 11:45 AM"
2018-11-20,23,Woodside Energy Ltd Enters into Long-Term Gas Sale and Purchase Agreement with Perdaman Chemicals and Fertilisers Pty Ltd for the Supply of Pipeline Gas for Term of 20 Years
2018-11-27,22,Vivid Technology Limited Announces Strategic Collaboration with Woodside Petroleum Limited
2018-12-16,41,Woodside Petroleum Ltd Announces Commencement of SNE Field Development - Phase 1 FEED Activities
2018-12-21,149,"IHS Markit Ltd., CERAWeek 2019, Mar 11, 2019 through Mar 15, 2019"
2018-12-27,55,"Woodside Petroleum Ltd to Report Q2, 2019 Results on Jul 18, 2019"
2018-12-27,55,"Woodside Petroleum Ltd to Report Fiscal Year 2018 Results on Feb 14, 2019"
2018-12-27,55,"Woodside Petroleum Ltd to Report Q3, 2019 Results on Oct 17, 2019"
2018-12-27,55,"Woodside Petroleum Ltd to Report Q1, 2019 Results on Apr 18, 2019"
2018-12-27,55,"Woodside Petroleum Ltd to Report First Half, 2019 Results on Aug 15, 2019"
2018-12-27,62,"Woodside Petroleum Ltd, Annual General Meeting, May 02, 2019"
2019-01-17,226,Woodside Petroleum Ltd. Reports Revenue and Production Results for the Fourth Quarter and Year to Date Ended 31 December 2018; Provides Production Guidance for the Year 2019
2019-01-17,48,"Woodside Petroleum Ltd, 2018 Earnings Call, Feb 14, 2019"
2019-01-17,138,Woodside Petroleum Ltd. Reports Revenue and Production Results for the Fourth Quarter and Year to Date Ended 31 December 2018; Provides Production Guidance for the Year 2019
2019-01-17,29,Woodside Petroleum Ltd. Reports Revenue and Production Results for the Fourth Quarter and Year to Date Ended 31 December 2018; Provides Production Guidance for the Year 2019
2019-02-05,48,"Woodside Petroleum Ltd, 2018 Earnings Call, Feb 14, 2019"
2019-02-13,28,Woodside Petroleum Ltd Announces Production and Earnings Results for the Year 2018
2019-02-13,226,Woodside Petroleum Ltd Announces Production and Earnings Results for the Year 2018
2019-02-14,65,Woodside To Sell Stake in Scarborough Project
2019-02-14,1,Woodside To Sell Stake in Scarborough Project
2019-02-15,65,Woodside Reportedly Plans To Sell Stake In Projects
2019-02-15,65,Woodside Reportedly Plans To Sell Stake In Projects
2019-02-15,65,Woodside Reportedly Plans To Sell Stake In Projects
2019-02-15,65,Woodside Reportedly Plans To Sell Stake In Projects
2019-02-20,51,"Woodside Petroleum Ltd Presents at CERAWeek 2019, Mar-11-2019"
2019-02-21,65,Woodside Petroleum Reportedly Finds Investment Bank For Scarborough Stake Sell
2019-03-04,77,Woodside Petroleum Ltd Proposes Amendments to Company's Constitution
2019-03-18,80,Woodside Petroleum Ltd (ASX:WPL) agreed to acquire 10% stake in Sapien Cyber Ltd.
2019-03-27,95,Woodside Petroleum Ltd(BOIN:) added to ITRAXX Australia CDS Index Series 31
2019-03-27,95,Woodside Petroleum Ltd(BOIN:) added to ITRAXX Australia CDS Index Series 31
2019-03-27,95,Woodside Petroleum Ltd(BOIN:) added to ITRAXX Australia CDS Index Series 31
2019-03-27,95,Woodside Petroleum Ltd(BOIN:) added to ITRAXX Australia CDS Index Series 31
2019-04-18,226,Woodside Petroleum Ltd Announces Sales and Production Results for the Quarter Ended 31 March 2019
2019-04-18,138,Woodside Petroleum Ltd Announces Sales and Production Results for the Quarter Ended 31 March 2019
2019-04-18,50,Woodside Petroleum Ltd - Shareholder/Analyst Call
2019-05-03,77,Woodside Petroleum Ltd Approves Amendment to Constitution
2019-05-03,41,Woodside Petroleum Ltd Announces the Cessation of Melinda Ann CILENTO as Director Effective from 2 May 2019
2019-05-03,42,Woodside Petroleum Ltd Announces the Cessation of Melinda Ann CILENTO as Director Effective from 2 May 2019
2019-05-03,16,Woodside Petroleum Ltd Announces the Cessation of Melinda Ann CILENTO as Director Effective from 2 May 2019
2019-05-06,65,Woodside To Sell Gas Field
2019-06-24,194,Woodside Petroleum Ltd - Special Call
2019-07-18,48,"Woodside Petroleum Ltd, H1 2019 Earnings Call, Aug 15, 2019"
2019-07-18,192,Woodside Petroleum Ltd - Analyst/Investor Day
2019-08-14,28,"Woodside Petroleum Ltd Reports Earnings Results for the Half Year Ended June 30, 2019"
2019-08-14,29,Woodside Petroleum Ltd Provides Production Guidance for the Year 2019
2019-08-25,41,Woodside Announces First Oil from Greater Enfield
2019-09-10,65,Woodside Seeks Bids For Gas Assets
2019-10-09,149,"Credit Suisse Group AG, 23nd Annual Asian Investment Conference, Mar 24, 2020 through Mar 27, 2020"
2019-10-16,138,"Woodside Petroleum Ltd Reports Sales and Production Results for the Third Quarter Ended September 30, 2019"
2019-10-16,226,"Woodside Petroleum Ltd Reports Sales and Production Results for the Third Quarter Ended September 30, 2019"
2019-10-29,55,"Woodside Petroleum Ltd to Report Q3, 2020 Results on Oct 22, 2020"
2019-11-01,55,"Woodside Petroleum Ltd to Report Q2, 2020 Results on Jul 15, 2020"
2019-11-01,55,"Woodside Petroleum Ltd to Report Fiscal Year 2019 Final Results on Feb 13, 2020"
2019-11-01,55,"Woodside Petroleum Ltd to Report Fiscal Year 2019 Final Results on Feb 13, 2020"
2019-11-01,55,"Woodside Petroleum Ltd to Report Fiscal Year 2019 Final Results on Feb 13, 2020"
2019-11-01,55,"Woodside Petroleum Ltd to Report Q4, 2019 Results on Jan 16, 2020"
2019-11-01,55,"Woodside Petroleum Ltd to Report Q1, 2020 Results on Apr 16, 2020"
2019-11-01,55,"Woodside Petroleum Ltd to Report Q1, 2020 Results on Apr 16, 2020"
2019-11-01,55,"Woodside Petroleum Ltd to Report Q1, 2020 Results on Apr 16, 2020"
2019-11-01,55,"Woodside Petroleum Ltd to Report Q1, 2020 Results on Apr 16, 2020"
2019-11-01,55,"Woodside Petroleum Ltd to Report Q1, 2020 Results on Apr 16, 2020"
2019-11-01,55,"Woodside Petroleum Ltd to Report Q1, 2020 Results on Apr 16, 2020"
2019-11-01,55,"Woodside Petroleum Ltd to Report Fiscal Year 2019 Final Results on Feb 13, 2020"
2019-11-01,55,"Woodside Petroleum Ltd to Report Fiscal Year 2019 Final Results on Feb 13, 2020"
2019-11-01,55,"Woodside Petroleum Ltd to Report Fiscal Year 2019 Final Results on Feb 13, 2020"
2019-11-01,55,"Woodside Petroleum Ltd to Report Q4, 2019 Results on Jan 16, 2020"
2019-11-01,55,"Woodside Petroleum Ltd to Report Q4, 2019 Results on Jan 16, 2020"
2019-11-01,55,"Woodside Petroleum Ltd to Report Q4, 2019 Results on Jan 16, 2020"
2019-11-01,55,"Woodside Petroleum Ltd to Report Q4, 2019 Results on Jan 16, 2020"
2019-11-01,55,"Woodside Petroleum Ltd to Report Q4, 2019 Results on Jan 16, 2020"
2019-11-01,55,"Woodside Petroleum Ltd to Report Q4, 2019 Results on Jan 16, 2020"
2019-11-01,55,"Woodside Petroleum Ltd to Report Q1, 2020 Results on Apr 16, 2020"
2019-11-01,55,"Woodside Petroleum Ltd to Report Q1, 2020 Results on Apr 16, 2020"
2019-11-01,55,"Woodside Petroleum Ltd to Report Q1, 2020 Results on Apr 16, 2020"
2019-11-01,55,"Woodside Petroleum Ltd to Report Fiscal Year 2019 Final Results on Feb 13, 2020"
2019-11-01,55,"Woodside Petroleum Ltd to Report Fiscal Year 2019 Final Results on Feb 13, 2020"
2019-11-01,55,"Woodside Petroleum Ltd to Report Fiscal Year 2019 Final Results on Feb 13, 2020"
2019-11-01,55,"Woodside Petroleum Ltd to Report Q2, 2020 Results on Jul 15, 2020"
2019-11-01,55,"Woodside Petroleum Ltd to Report Q2, 2020 Results on Jul 15, 2020"
2019-11-01,55,"Woodside Petroleum Ltd to Report Q2, 2020 Results on Jul 15, 2020"
2019-11-01,55,"Woodside Petroleum Ltd to Report Q2, 2020 Results on Jul 15, 2020"
2019-11-01,55,"Woodside Petroleum Ltd to Report Q2, 2020 Results on Jul 15, 2020"
2019-11-01,55,"Woodside Petroleum Ltd to Report Q2, 2020 Results on Jul 15, 2020"
2019-11-01,55,"Woodside Petroleum Ltd to Report Q2, 2020 Results on Jul 15, 2020"
2019-11-01,55,"Woodside Petroleum Ltd to Report Q2, 2020 Results on Jul 15, 2020"
2019-11-01,55,"Woodside Petroleum Ltd to Report First Half, 2020 Results on Aug 13, 2020"
2019-11-01,55,"Woodside Petroleum Ltd to Report Q4, 2019 Results on Jan 16, 2020"
2019-11-01,55,"Woodside Petroleum Ltd to Report Q4, 2019 Results on Jan 16, 2020"
2019-12-02,16,Woodside Petroleum Ltd Appoints Goh Swee Chen as a Non-Executive Director Effective 1 January 2020
2019-12-04,16,"Woodside Announces Appointment of Goh Swee Chen as Independent Non-Executive Director and Member of the Human Resources & Compensation Committee, Sustainability Committee and Nominations Committee, Effective 1 January 2020"
2019-12-17,149,"Credit Suisse Group AG, 7th Australian Energy Conference, Jun 23, 2020 through Jun 24, 2020"
2020-01-02,16,Woodside Petroleum Ltd Announces the Appointment of Swee Chen Goh as Director Effective from 1 January 2020
2020-01-08,41,Woodside Petroleum Ltd Announces Sangomar Field Development Exploitation Authorisation
2020-01-10,41,Woodside Petroleum Ltd Receives Approval for Sangomar Field Development
2020-01-15,51,"Woodside Petroleum Ltd Presents at 23nd Annual Asian Investment Conference, Mar-24-2020"
2020-01-15,48,"Woodside Petroleum Ltd, 2019 Earnings Call, Feb 13, 2020"
2020-01-16,62,"Woodside Petroleum Ltd, Annual General Meeting, Apr 30, 2020"
2020-01-16,226,"Woodside Petroleum Ltd Announces Production and Sales Results for the Quarter Ended December 31, 2019; Provides Production Guidance for the Full Year 2020"
2020-01-16,138,"Woodside Petroleum Ltd Announces Production and Sales Results for the Quarter Ended December 31, 2019; Provides Production Guidance for the Full Year 2020"
2020-01-16,29,"Woodside Petroleum Ltd Announces Production and Sales Results for the Quarter Ended December 31, 2019; Provides Production Guidance for the Full Year 2020"
2020-02-12,28,"Woodside Petroleum Ltd Reports Earnings Results for the Full Year Ended December 31, 2019"
2020-02-12,50,Woodside Petroleum Ltd - Shareholder/Analyst Call
2020-02-18,65,APA Emerges as a Suitor for Part of Woodside Stake in Pluto-2 LNG Plant
2020-03-18,82,Woodside Petroleum Ltd (ASX:WPL) cancelled 10% stake in Sapien Cyber Ltd.
2020-03-20,77,Woodside Petroleum Ltd Proposes Amendment to Constitution
2020-03-20,156,Woodside Petroleum Receives Requisition Notice from Australasian Centre
2020-03-26,194,Woodside Petroleum Ltd - Special Call
2020-03-26,29,Woodside Petroleum Ltd Re-Affirms Production Guidance for the Full Year of Fiscal Year 2020
2020-04-13,65,Woodside Petroleum Not Looking to Buy Oil Search
2020-04-13,3,Woodside Petroleum Seeks Acquisition Opportunities
2020-04-15,226,Woodside Petroleum Ltd Reports Earnings Production and Sales Results for the Quarter and Year to Date Ended 31 March 2020
2020-04-15,28,Woodside Petroleum Ltd Reports Earnings Production and Sales Results for the Quarter and Year to Date Ended 31 March 2020
2020-04-30,163,Declaration of Voting Results by Woodside Petroleum
2020-05-02,3,Woodside Set to Swoop on Distressed Assets
2020-06-02,51,"Woodside Petroleum Ltd Presents at 7th Australian Energy Conference, Jun-23-2020 10:00 AM"
2020-06-20,65,Update on Sale of North West Shelf LNG by Chevron
2020-06-25,65,More Energy Majors Could Join Chevron in Exiting LNG Project
2020-07-14,48,Woodside Petroleum Ltd - Special Call
2020-07-14,226,Woodside Petroleum Ltd Reports Production Results for the Period Ended 30 June 2020
2020-07-14,48,Woodside Petroleum Ltd - Special Call
2020-07-14,138,Woodside Petroleum Ltd Announces Sales Results for the Period Ended 30 June 2020
2020-07-14,48,"Woodside Petroleum Ltd, Q2 2020 Earnings Call, Jul 15, 2020"
2020-07-14,138,Woodside Petroleum Ltd Announces Sales Results for the Period Ended 30 June 2020
2020-07-14,194,"Woodside Petroleum Ltd, Q2 2020 Earnings Call, Jul 15, 2020"
2020-07-14,194,Woodside Petroleum Ltd - Special Call
2020-07-14,48,"Woodside Petroleum Ltd, Q2 2020 Earnings Call, Jul 15, 2020"
2020-07-14,194,"Woodside Petroleum Ltd, Q2 2020 Earnings Call, Jul 15, 2020"
2020-07-14,138,Woodside Petroleum Ltd Announces Sales Results for the Period Ended 30 June 2020
2020-07-14,138,Woodside Petroleum Ltd Announces Sales Results for the Period Ended 30 June 2020
2020-07-14,48,"Woodside Petroleum Ltd, Q2 2020 Earnings Call, Jul 15, 2020"
2020-07-14,48,"Woodside Petroleum Ltd, Q2 2020 Earnings Call, Jul 15, 2020"
2020-07-21,65,Woodside Petroleum Reportedly Only Serious Buyer for Chevron 16.67% Stake in North West Shelf
2020-08-12,55,"Woodside Petroleum Ltd to Report Q4, 2020 Results on Jan 21, 2021"
2020-08-12,192,Woodside Petroleum Ltd - Analyst/Investor Day
2020-08-12,28,"Woodside Petroleum Ltd Reports Earnings Results for the Half Year Ended June 30, 2020"
2020-08-12,48,"Woodside Petroleum Ltd, H1 2020 Earnings Call, Aug 13, 2020"
2020-08-13,65,Chevron Reportedly Seeks Offers for North West Shelf Stake
2020-09-01,55,"Woodside Petroleum Ltd to Report Fiscal Year 2020 Results on Feb 18, 2021"
2020-10-21,55,"Woodside Petroleum Ltd to Report First Half, 2021 Final Results on Aug 18, 2021"
2020-10-21,55,"Woodside Petroleum Ltd to Report Q3, 2021 Results on Oct 21, 2021"
2020-10-21,55,"Woodside Petroleum Ltd to Report Q2, 2021 Results on Jul 15, 2021"
2020-10-21,55,"Woodside Petroleum Ltd to Report Q1, 2021 Results on Apr 22, 2021"
2020-12-03,80,"Woodside Petroleum Ltd (ASX:WPL) made an offer to acquire 13.67% stake in Rufisque, Sangomar and Sangomar Deep from FAR Senegal RSSD SA and others for $100 million."
2020-12-03,80,"Woodside Petroleum Ltd (ASX:WPL) made an offer to acquire 13.67% stake in Rufisque, Sangomar and Sangomar Deep for $100 million."
2020-12-03,80,"Woodside Petroleum Ltd (ASX:WPL) made an offer to acquire 13.67% stake in Rufisque, Sangomar and Sangomar Deep from FAR Senegal RSSD SA and others for $100 million."
2020-12-03,80,"Woodside Petroleum Ltd (ASX:WPL) made an offer to acquire 13.67% stake in Rufisque, Sangomar and Sangomar Deep from FAR Senegal RSSD SA and others for $100 million."
2020-12-03,80,"Woodside Petroleum Ltd (ASX:WPL) made an offer to acquire 13.67% stake in Rufisque, Sangomar and Sangomar Deep from FAR Senegal RSSD SA and others for $100 million."
2020-12-03,80,"Woodside Petroleum Ltd (ASX:WPL) made an offer to acquire 13.67% stake in Rufisque, Sangomar and Sangomar Deep for $100 million."
2020-12-03,80,"Woodside Petroleum Ltd (ASX:WPL) made an offer to acquire 13.67% stake in Rufisque, Sangomar and Sangomar Deep from FAR Senegal RSSD SA and others for $100 million."
2020-12-03,80,"Woodside Petroleum Ltd (ASX:WPL) made an offer to acquire 13.67% stake in Rufisque, Sangomar and Sangomar Deep for $100 million."
2020-12-03,80,"Woodside Petroleum Ltd (ASX:WPL) made an offer to acquire 13.67% stake in Rufisque, Sangomar and Sangomar Deep from FAR Senegal RSSD SA and others for $100 million."
2020-12-03,80,"Woodside Petroleum Ltd (ASX:WPL) made an offer to acquire 13.67% stake in Rufisque, Sangomar and Sangomar Deep for $100 million."
2020-12-03,80,"Woodside Petroleum Ltd (ASX:WPL) made an offer to acquire 13.67% stake in Rufisque, Sangomar and Sangomar Deep from FAR Senegal RSSD SA and others for $100 million."
2020-12-03,80,"Woodside Petroleum Ltd (ASX:WPL) made an offer to acquire 13.67% stake in Rufisque, Sangomar and Sangomar Deep for $100 million."
2020-12-03,80,"Woodside Petroleum Ltd (ASX:WPL) made an offer to acquire 13.67% stake in Rufisque, Sangomar and Sangomar Deep from FAR Senegal RSSD SA and others for $100 million."
2020-12-03,80,"Woodside Petroleum Ltd (ASX:WPL) made an offer to acquire 13.67% stake in Rufisque, Sangomar and Sangomar Deep from FAR Senegal RSSD SA and others for $100 million."
2020-12-03,80,"Woodside Petroleum Ltd (ASX:WPL) made an offer to acquire 13.67% stake in Rufisque, Sangomar and Sangomar Deep from FAR Senegal RSSD SA and others for $100 million."
2020-12-03,80,"Woodside Petroleum Ltd (ASX:WPL) made an offer to acquire 13.67% stake in Rufisque, Sangomar and Sangomar Deep for $100 million."
2020-12-03,80,"Woodside Petroleum Ltd (ASX:WPL) made an offer to acquire 13.67% stake in Rufisque, Sangomar and Sangomar Deep from FAR Senegal RSSD SA and others for $100 million."
2020-12-03,80,"Woodside Petroleum Ltd (ASX:WPL) made an offer to acquire 13.67% stake in Rufisque, Sangomar and Sangomar Deep for $100 million."
2020-12-03,80,"Woodside Petroleum Ltd (ASX:WPL) made an offer to acquire 13.67% stake in Rufisque, Sangomar and Sangomar Deep from FAR Senegal RSSD SA and others for $100 million."
2020-12-03,80,"Woodside Petroleum Ltd (ASX:WPL) made an offer to acquire 13.67% stake in Rufisque, Sangomar and Sangomar Deep for $100 million."
2020-12-03,80,"Woodside Petroleum Ltd (ASX:WPL) made an offer to acquire 13.67% stake in Rufisque, Sangomar and Sangomar Deep from FAR Senegal RSSD SA and others for $100 million."
2020-12-03,80,"Woodside Petroleum Ltd (ASX:WPL) made an offer to acquire 13.67% stake in Rufisque, Sangomar and Sangomar Deep for $100 million."
2020-12-03,80,"Woodside Petroleum Ltd (ASX:WPL) made an offer to acquire 13.67% stake in Rufisque, Sangomar and Sangomar Deep from FAR Senegal RSSD SA and others for $100 million."
2020-12-03,80,"Woodside Petroleum Ltd (ASX:WPL) made an offer to acquire 13.67% stake in Rufisque, Sangomar and Sangomar Deep from FAR Senegal RSSD SA and others for $100 million."
2020-12-03,80,"Woodside Petroleum Ltd (ASX:WPL) made an offer to acquire 13.67% stake in Rufisque, Sangomar and Sangomar Deep from FAR Senegal RSSD SA and others for $100 million."
2020-12-03,80,"Woodside Petroleum Ltd (ASX:WPL) made an offer to acquire 13.67% stake in Rufisque, Sangomar and Sangomar Deep for $100 million."
2020-12-03,80,"Woodside Petroleum Ltd (ASX:WPL) made an offer to acquire 13.67% stake in Rufisque, Sangomar and Sangomar Deep from FAR Senegal RSSD SA and others for $100 million."
2020-12-03,80,"Woodside Petroleum Ltd (ASX:WPL) made an offer to acquire 13.67% stake in Rufisque, Sangomar and Sangomar Deep for $100 million."
2020-12-03,80,"Woodside Petroleum Ltd (ASX:WPL) made an offer to acquire 13.67% stake in Rufisque, Sangomar and Sangomar Deep from FAR Senegal RSSD SA and others for $100 million."
2020-12-03,80,"Woodside Petroleum Ltd (ASX:WPL) made an offer to acquire 13.67% stake in Rufisque, Sangomar and Sangomar Deep for $100 million."
2020-12-03,80,"Woodside Petroleum Ltd (ASX:WPL) made an offer to acquire 13.67% stake in Rufisque, Sangomar and Sangomar Deep from FAR Senegal RSSD SA and others for $100 million."
2020-12-03,80,"Woodside Petroleum Ltd (ASX:WPL) made an offer to acquire 13.67% stake in Rufisque, Sangomar and Sangomar Deep for $100 million."
2020-12-03,80,"Woodside Petroleum Ltd (ASX:WPL) made an offer to acquire 13.67% stake in Rufisque, Sangomar and Sangomar Deep from FAR Senegal RSSD SA and others for $100 million."
2020-12-03,80,"Woodside Petroleum Ltd (ASX:WPL) made an offer to acquire 13.67% stake in Rufisque, Sangomar and Sangomar Deep from FAR Senegal RSSD SA and others for $100 million."
2020-12-03,80,"Woodside Petroleum Ltd (ASX:WPL) made an offer to acquire 13.67% stake in Rufisque, Sangomar and Sangomar Deep from FAR Senegal RSSD SA and others for $100 million."
2020-12-03,80,"Woodside Petroleum Ltd (ASX:WPL) made an offer to acquire 13.67% stake in Rufisque, Sangomar and Sangomar Deep for $100 million."
2020-12-03,80,"Woodside Petroleum Ltd (ASX:WPL) made an offer to acquire 13.67% stake in Rufisque, Sangomar and Sangomar Deep from FAR Senegal RSSD SA and others for $100 million."
2020-12-03,80,"Woodside Petroleum Ltd (ASX:WPL) made an offer to acquire 13.67% stake in Rufisque, Sangomar and Sangomar Deep for $100 million."
2020-12-03,80,"Woodside Petroleum Ltd (ASX:WPL) made an offer to acquire 13.67% stake in Rufisque, Sangomar and Sangomar Deep from FAR Senegal RSSD SA and others for $100 million."
2020-12-03,80,"Woodside Petroleum Ltd (ASX:WPL) made an offer to acquire 13.67% stake in Rufisque, Sangomar and Sangomar Deep for $100 million."
2020-12-03,80,"Woodside Petroleum Ltd (ASX:WPL) made an offer to acquire 13.67% stake in Rufisque, Sangomar and Sangomar Deep from FAR Senegal RSSD SA and others for $100 million."
2020-12-03,80,"Woodside Petroleum Ltd (ASX:WPL) made an offer to acquire 13.67% stake in Rufisque, Sangomar and Sangomar Deep for $100 million."
2020-12-03,80,"Woodside Petroleum Ltd (ASX:WPL) made an offer to acquire 13.67% stake in Rufisque, Sangomar and Sangomar Deep from FAR Senegal RSSD SA and others for $100 million."
2020-12-03,80,"Woodside Petroleum Ltd (ASX:WPL) made an offer to acquire 13.67% stake in Rufisque, Sangomar and Sangomar Deep from FAR Senegal RSSD SA and others for $100 million."
2020-12-03,80,"Woodside Petroleum Ltd (ASX:WPL) made an offer to acquire 13.67% stake in Rufisque, Sangomar and Sangomar Deep from FAR Senegal RSSD SA and others for $100 million."
2020-12-03,80,"Woodside Petroleum Ltd (ASX:WPL) made an offer to acquire 13.67% stake in Rufisque, Sangomar and Sangomar Deep for $100 million."
2020-12-03,80,"Woodside Petroleum Ltd (ASX:WPL) made an offer to acquire 13.67% stake in Rufisque, Sangomar and Sangomar Deep from FAR Senegal RSSD SA and others for $100 million."
2020-12-03,80,"Woodside Petroleum Ltd (ASX:WPL) made an offer to acquire 13.67% stake in Rufisque, Sangomar and Sangomar Deep for $100 million."
2020-12-03,80,"Woodside Petroleum Ltd (ASX:WPL) made an offer to acquire 13.67% stake in Rufisque, Sangomar and Sangomar Deep from FAR Senegal RSSD SA and others for $100 million."
2020-12-03,80,"Woodside Petroleum Ltd (ASX:WPL) made an offer to acquire 13.67% stake in Rufisque, Sangomar and Sangomar Deep for $100 million."
2020-12-03,80,"Woodside Petroleum Ltd (ASX:WPL) made an offer to acquire 13.67% stake in Rufisque, Sangomar and Sangomar Deep from FAR Senegal RSSD SA and others for $100 million."
2020-12-03,80,"Woodside Petroleum Ltd (ASX:WPL) made an offer to acquire 13.67% stake in Rufisque, Sangomar and Sangomar Deep for $100 million."
2020-12-03,80,"Woodside Petroleum Ltd (ASX:WPL) made an offer to acquire 13.67% stake in Rufisque, Sangomar and Sangomar Deep from FAR Senegal RSSD SA and others for $100 million."
2020-12-03,80,"Woodside Petroleum Ltd (ASX:WPL) made an offer to acquire 13.67% stake in Rufisque, Sangomar and Sangomar Deep from FAR Senegal RSSD SA and others for $100 million."
2020-12-03,80,"Woodside Petroleum Ltd (ASX:WPL) made an offer to acquire 13.67% stake in Rufisque, Sangomar and Sangomar Deep from FAR Senegal RSSD SA and others for $100 million."
2020-12-03,80,"Woodside Petroleum Ltd (ASX:WPL) made an offer to acquire 13.67% stake in Rufisque, Sangomar and Sangomar Deep for $100 million."
2020-12-03,80,"Woodside Petroleum Ltd (ASX:WPL) made an offer to acquire 13.67% stake in Rufisque, Sangomar and Sangomar Deep from FAR Senegal RSSD SA and others for $100 million."
2020-12-03,80,"Woodside Petroleum Ltd (ASX:WPL) made an offer to acquire 13.67% stake in Rufisque, Sangomar and Sangomar Deep for $100 million."
2020-12-03,80,"Woodside Petroleum Ltd (ASX:WPL) made an offer to acquire 13.67% stake in Rufisque, Sangomar and Sangomar Deep from FAR Senegal RSSD SA and others for $100 million."
2020-12-03,80,"Woodside Petroleum Ltd (ASX:WPL) made an offer to acquire 13.67% stake in Rufisque, Sangomar and Sangomar Deep for $100 million."
2020-12-03,80,"Woodside Petroleum Ltd (ASX:WPL) made an offer to acquire 13.67% stake in Rufisque, Sangomar and Sangomar Deep from FAR Senegal RSSD SA and others for $100 million."
2020-12-03,80,"Woodside Petroleum Ltd (ASX:WPL) made an offer to acquire 13.67% stake in Rufisque, Sangomar and Sangomar Deep for $100 million."
2020-12-03,80,"Woodside Petroleum Ltd (ASX:WPL) made an offer to acquire 13.67% stake in Rufisque, Sangomar and Sangomar Deep from FAR Senegal RSSD SA and others for $100 million."
2020-12-03,80,"Woodside Petroleum Ltd (ASX:WPL) made an offer to acquire 13.67% stake in Rufisque, Sangomar and Sangomar Deep from FAR Senegal RSSD SA and others for $100 million."
2020-12-03,80,"Woodside Petroleum Ltd (ASX:WPL) made an offer to acquire 13.67% stake in Rufisque, Sangomar and Sangomar Deep from FAR Senegal RSSD SA and others for $100 million."
2020-12-03,80,"Woodside Petroleum Ltd (ASX:WPL) made an offer to acquire 13.67% stake in Rufisque, Sangomar and Sangomar Deep for $100 million."
2020-12-03,80,"Woodside Petroleum Ltd (ASX:WPL) made an offer to acquire 13.67% stake in Rufisque, Sangomar and Sangomar Deep from FAR Senegal RSSD SA and others for $100 million."
2020-12-03,80,"Woodside Petroleum Ltd (ASX:WPL) made an offer to acquire 13.67% stake in Rufisque, Sangomar and Sangomar Deep for $100 million."
2020-12-03,80,"Woodside Petroleum Ltd (ASX:WPL) made an offer to acquire 13.67% stake in Rufisque, Sangomar and Sangomar Deep from FAR Senegal RSSD SA and others for $100 million."
2020-12-03,80,"Woodside Petroleum Ltd (ASX:WPL) made an offer to acquire 13.67% stake in Rufisque, Sangomar and Sangomar Deep for $100 million."
2020-12-03,80,"Woodside Petroleum Ltd (ASX:WPL) made an offer to acquire 13.67% stake in Rufisque, Sangomar and Sangomar Deep from FAR Senegal RSSD SA and others for $100 million."
2020-12-03,80,"Woodside Petroleum Ltd (ASX:WPL) made an offer to acquire 13.67% stake in Rufisque, Sangomar and Sangomar Deep for $100 million."
2020-12-03,80,"Woodside Petroleum Ltd (ASX:WPL) made an offer to acquire 13.67% stake in Rufisque, Sangomar and Sangomar Deep from FAR Senegal RSSD SA and others for $100 million."
2020-12-03,80,"Woodside Petroleum Ltd (ASX:WPL) made an offer to acquire 13.67% stake in Rufisque, Sangomar and Sangomar Deep from FAR Senegal RSSD SA and others for $100 million."
2020-12-03,80,"Woodside Petroleum Ltd (ASX:WPL) made an offer to acquire 13.67% stake in Rufisque, Sangomar and Sangomar Deep from FAR Senegal RSSD SA and others for $100 million."
2020-12-03,80,"Woodside Petroleum Ltd (ASX:WPL) made an offer to acquire 13.67% stake in Rufisque, Sangomar and Sangomar Deep for $100 million."
2020-12-03,80,"Woodside Petroleum Ltd (ASX:WPL) made an offer to acquire 13.67% stake in Rufisque, Sangomar and Sangomar Deep from FAR Senegal RSSD SA and others for $100 million."
2020-12-03,80,"Woodside Petroleum Ltd (ASX:WPL) made an offer to acquire 13.67% stake in Rufisque, Sangomar and Sangomar Deep for $100 million."
2020-12-03,80,"Woodside Petroleum Ltd (ASX:WPL) made an offer to acquire 13.67% stake in Rufisque, Sangomar and Sangomar Deep from FAR Senegal RSSD SA and others for $100 million."
2020-12-03,80,"Woodside Petroleum Ltd (ASX:WPL) made an offer to acquire 13.67% stake in Rufisque, Sangomar and Sangomar Deep for $100 million."
2020-12-03,80,"Woodside Petroleum Ltd (ASX:WPL) made an offer to acquire 13.67% stake in Rufisque, Sangomar and Sangomar Deep from FAR Senegal RSSD SA and others for $100 million."
2020-12-03,80,"Woodside Petroleum Ltd (ASX:WPL) made an offer to acquire 13.67% stake in Rufisque, Sangomar and Sangomar Deep for $100 million."
2020-12-03,80,"Woodside Petroleum Ltd (ASX:WPL) made an offer to acquire 13.67% stake in Rufisque, Sangomar and Sangomar Deep from FAR Senegal RSSD SA and others for $100 million."
2020-12-03,80,"Woodside Petroleum Ltd (ASX:WPL) made an offer to acquire 13.67% stake in Rufisque, Sangomar and Sangomar Deep from FAR Senegal RSSD SA and others for $100 million."
2020-12-03,80,"Woodside Petroleum Ltd (ASX:WPL) made an offer to acquire 13.67% stake in Rufisque, Sangomar and Sangomar Deep from FAR Senegal RSSD SA and others for $100 million."
2020-12-03,80,"Woodside Petroleum Ltd (ASX:WPL) made an offer to acquire 13.67% stake in Rufisque, Sangomar and Sangomar Deep for $100 million."
2020-12-03,80,"Woodside Petroleum Ltd (ASX:WPL) made an offer to acquire 13.67% stake in Rufisque, Sangomar and Sangomar Deep from FAR Senegal RSSD SA and others for $100 million."
2020-12-03,80,"Woodside Petroleum Ltd (ASX:WPL) made an offer to acquire 13.67% stake in Rufisque, Sangomar and Sangomar Deep for $100 million."
2020-12-03,80,"Woodside Petroleum Ltd (ASX:WPL) made an offer to acquire 13.67% stake in Rufisque, Sangomar and Sangomar Deep from FAR Senegal RSSD SA and others for $100 million."
2020-12-03,80,"Woodside Petroleum Ltd (ASX:WPL) made an offer to acquire 13.67% stake in Rufisque, Sangomar and Sangomar Deep for $100 million."
2020-12-03,80,"Woodside Petroleum Ltd (ASX:WPL) made an offer to acquire 13.67% stake in Rufisque, Sangomar and Sangomar Deep for $100 million."
2020-12-03,80,"Woodside Petroleum Ltd (ASX:WPL) made an offer to acquire 13.67% stake in Rufisque, Sangomar and Sangomar Deep from FAR Senegal RSSD SA and others for $100 million."
2020-12-03,80,"Woodside Petroleum Ltd (ASX:WPL) made an offer to acquire 13.67% stake in Rufisque, Sangomar and Sangomar Deep from FAR Senegal RSSD SA and others for $100 million."
2020-12-03,80,"Woodside Petroleum Ltd (ASX:WPL) made an offer to acquire 13.67% stake in Rufisque, Sangomar and Sangomar Deep from FAR Senegal RSSD SA and others for $100 million."
2020-12-03,80,"Woodside Petroleum Ltd (ASX:WPL) made an offer to acquire 13.67% stake in Rufisque, Sangomar and Sangomar Deep for $100 million."
2020-12-03,80,"Woodside Petroleum Ltd (ASX:WPL) made an offer to acquire 13.67% stake in Rufisque, Sangomar and Sangomar Deep from FAR Senegal RSSD SA and others for $100 million."
2020-12-03,80,"Woodside Petroleum Ltd (ASX:WPL) made an offer to acquire 13.67% stake in Rufisque, Sangomar and Sangomar Deep for $100 million."
2020-12-03,80,"Woodside Petroleum Ltd (ASX:WPL) made an offer to acquire 13.67% stake in Rufisque, Sangomar and Sangomar Deep from FAR Senegal RSSD SA and others for $100 million."
2020-12-03,80,"Woodside Petroleum Ltd (ASX:WPL) made an offer to acquire 13.67% stake in Rufisque, Sangomar and Sangomar Deep for $100 million."
2020-12-03,80,"Woodside Petroleum Ltd (ASX:WPL) made an offer to acquire 13.67% stake in Rufisque, Sangomar and Sangomar Deep from FAR Senegal RSSD SA and others for $100 million."
2020-12-07,101,Woodside Petroleum Ltd Announces Retirement of Peter Coleman as CEO
2020-12-07,194,Woodside Petroleum Ltd - Special Call
2021-01-20,48,"Woodside Petroleum Ltd, 2020 Earnings Call, Feb 18, 2021"
2021-01-20,226,"Woodside Petroleum Ltd. Reports Production Results for the Fourth Quarter and Year Ended December 31, 2020"
2021-01-20,62,"Woodside Petroleum Ltd, Annual General Meeting, Apr 15, 2021"
2021-01-20,29,Woodside Petroleum Ltd. Provides Production Guidance for the Fiscal Year 2021
2021-02-08,77,Woodside Petroleum Ltd Proposes Amendment to the Constitution
2021-02-17,29,Woodside Petroleum Ltd. Provides Production Guidance for the Fiscal Year 2021
2021-03-10,156,Australasian Centre Submits a Shareholder Proposal to Woodside Petroleum
2021-03-10,156,Market Forces Submits Shareholder Proposals to Woodside Petroleum
2021-03-19,163,Declaration of Voting Results by Woodside Petroleum
2021-03-19,156,Australasian Centre for Corporate Responsibility Withdraws Shareholder Proposal
2021-03-19,163,Declaration of Voting Results by Woodside Petroleum
2021-04-13,16,Peter Coleman Steps Down from the Board of Woodside Petroleum Ltd
2021-04-13,101,Woodside Petroleum Ltd Announces CEO Changes
2021-04-15,50,Woodside Petroleum Ltd - Shareholder/Analyst Call
2021-04-15,77,Woodside Petroleum Ltd Announces Amendment to its Constitution
2021-04-21,226,"Woodside Petroleum Ltd Reports Production Results for the First Quarter Ended March 31, 2021"
2021-04-21,138,"Woodside Petroleum Ltd Reports Sales Results for the Quarter and Year to Date Ended March 31, 2021"
2021-05-18,1,Woodside Petroleum Looks to Sell Its 50% Stake in Proposed Kitimat LNG Project
2021-06-01,16,Woodside Petroleum Ltd Announces Appointment of Benjamin Sana Wyatt as A Non-Executive Director
2021-07-07,81,"Woodside Petroleum Ltd (ASX:WPL) completed the acquisition of varied minority stake in Rufisque, Sangomar and Sangomar Deep from FAR Senegal RSSD SA and others for approximately $180 million."
2021-07-15,48,"Woodside Petroleum Ltd, H1 2021 Earnings Call, Aug 18, 2021"
2021-07-21,65,Woodside Shares Fall on Speculation It Is Eyeing BHP Petroleum Assets
2021-07-29,65,Woodside Reportedly Nears BHP Assets Deal
2021-08-15,65,Woodside Reportedly in Advanced Talks to Buy AUD 20 Billion BHP Petroleum Unit
2021-08-16,65,"Woodside, BHP Confirm Deal Talks"
2021-08-17,80,Woodside Petroleum Ltd (ASX:WPL) entered into a merger commitment deed to acquire BHP Billiton Petroleum International Pty. Ltd. from BHP Group Limited.
2021-08-17,80,Woodside Petroleum Ltd (ASX:WPL) entered into a merger commitment deed to acquire BHP Billiton Petroleum International Pty. Ltd. from BHP Group Limited.
2021-08-17,80,Woodside Petroleum Ltd (ASX:WPL) entered into a merger commitment deed to acquire BHP Billiton Petroleum International Pty. Ltd. from BHP Group Limited for approximately $910 million.
2021-08-17,80,Woodside Petroleum Ltd (ASX:WPL) entered into a merger commitment deed to acquire BHP Billiton Petroleum International Pty. Ltd. from BHP Group Limited.
2021-08-17,80,Woodside Petroleum Ltd (ASX:WPL) entered into a merger commitment deed to acquire BHP Billiton Petroleum International Pty. Ltd. from BHP Group Limited.
2021-08-17,80,Woodside Petroleum Ltd (ASX:WPL) entered into a merger commitment deed to acquire BHP Billiton Petroleum International Pty. Ltd. from BHP Group Limited.
2021-08-17,80,Woodside Petroleum Ltd (ASX:WPL) entered into a merger commitment deed to acquire BHP Billiton Petroleum International Pty. Ltd. from BHP Group Limited for $14.1 billion.
2021-08-17,80,Woodside Petroleum Ltd (ASX:WPL) entered into a merger commitment deed to acquire BHP Billiton Petroleum International Pty. Ltd. from BHP Group Limited.
2021-08-17,80,Woodside Petroleum Ltd (ASX:WPL) entered into a merger commitment deed to acquire BHP Billiton Petroleum International Pty. Ltd. from BHP Group Limited.
2021-08-17,80,Woodside Petroleum Ltd (ASX:WPL) entered into a merger commitment deed to acquire BHP Billiton Petroleum International Pty. Ltd. from BHP Group Limited.
2021-08-17,80,Woodside Petroleum Ltd (ASX:WPL) entered into a merger commitment deed to acquire BHP Billiton Petroleum International Pty. Ltd. from BHP Group Limited.
2021-08-17,80,Woodside Petroleum Ltd (ASX:WPL) entered into a merger commitment deed to acquire BHP Billiton Petroleum International Pty. Ltd. from BHP Group Limited.
2021-08-17,80,Woodside Petroleum Ltd (ASX:WPL) entered into a merger commitment deed to acquire BHP Billiton Petroleum International Pty. Ltd. from BHP Group Limited.
2021-08-17,80,Woodside Petroleum Ltd (ASX:WPL) entered into a merger commitment deed to acquire BHP Billiton Petroleum International Pty. Ltd. from BHP Group Limited.
2021-08-17,80,Woodside Petroleum Ltd (ASX:WPL) entered into a merger commitment deed to acquire BHP Billiton Petroleum International Pty. Ltd. from BHP Group Limited.
2021-08-17,80,Woodside Petroleum Ltd (ASX:WPL) entered into a merger commitment deed to acquire BHP Billiton Petroleum International Pty. Ltd. from BHP Group Limited.
2021-08-17,80,Woodside Petroleum Ltd (ASX:WPL) entered into a merger commitment deed to acquire BHP Billiton Petroleum International Pty. Ltd. from BHP Group Limited.
2021-08-17,80,Woodside Petroleum Ltd (ASX:WPL) entered into a merger commitment deed to acquire BHP Billiton Petroleum International Pty. Ltd. from BHP Group Limited.
2021-08-17,80,Woodside Petroleum Ltd (ASX:WPL) entered into a merger commitment deed to acquire BHP Billiton Petroleum International Pty. Ltd. from BHP Group Limited for approximately $910 million.
2021-08-17,80,Woodside Petroleum Ltd (ASX:WPL) entered into a merger commitment deed to acquire BHP Billiton Petroleum International Pty. Ltd. from BHP Group Limited.
2021-08-17,80,Woodside Petroleum Ltd (ASX:WPL) entered into a merger commitment deed to acquire BHP Billiton Petroleum International Pty. Ltd. from BHP Group Limited.
2021-08-17,80,Woodside Petroleum Ltd (ASX:WPL) entered into a merger commitment deed to acquire BHP Billiton Petroleum International Pty. Ltd. from BHP Group Limited.
2021-08-17,80,Woodside Petroleum Ltd (ASX:WPL) entered into a merger commitment deed to acquire BHP Billiton Petroleum International Pty. Ltd. from BHP Group Limited for $14.1 billion.
2021-08-17,80,Woodside Petroleum Ltd (ASX:WPL) entered into a merger commitment deed to acquire BHP Billiton Petroleum International Pty. Ltd. from BHP Group Limited.
2021-08-17,80,Woodside Petroleum Ltd (ASX:WPL) entered into a merger commitment deed to acquire BHP Billiton Petroleum International Pty. Ltd. from BHP Group Limited.
2021-08-17,80,Woodside Petroleum Ltd (ASX:WPL) entered into a merger commitment deed to acquire BHP Billiton Petroleum International Pty. Ltd. from BHP Group Limited.
2021-08-17,80,Woodside Petroleum Ltd (ASX:WPL) entered into a merger commitment deed to acquire BHP Billiton Petroleum International Pty. Ltd. from BHP Group Limited.
2021-08-17,80,Woodside Petroleum Ltd (ASX:WPL) entered into a merger commitment deed to acquire BHP Billiton Petroleum International Pty. Ltd. from BHP Group Limited.
2021-08-17,80,Woodside Petroleum Ltd (ASX:WPL) entered into a merger commitment deed to acquire BHP Billiton Petroleum International Pty. Ltd. from BHP Group Limited.
2021-08-17,80,Woodside Petroleum Ltd (ASX:WPL) entered into a merger commitment deed to acquire BHP Billiton Petroleum International Pty. Ltd. from BHP Group Limited.
2021-08-17,80,Woodside Petroleum Ltd (ASX:WPL) entered into a merger commitment deed to acquire BHP Billiton Petroleum International Pty. Ltd. from BHP Group Limited.
2021-08-17,80,Woodside Petroleum Ltd (ASX:WPL) entered into a merger commitment deed to acquire BHP Billiton Petroleum International Pty. Ltd. from BHP Group Limited.
2021-08-17,80,Woodside Petroleum Ltd (ASX:WPL) entered into a merger commitment deed to acquire BHP Billiton Petroleum International Pty. Ltd. from BHP Group Limited.
2021-08-17,80,Woodside Petroleum Ltd (ASX:WPL) entered into a merger commitment deed to acquire BHP Billiton Petroleum International Pty. Ltd. from BHP Group Limited.
2021-08-17,80,Woodside Petroleum Ltd (ASX:WPL) entered into a merger commitment deed to acquire BHP Billiton Petroleum International Pty. Ltd. from BHP Group Limited for approximately $910 million.
2021-08-17,80,Woodside Petroleum Ltd (ASX:WPL) entered into a merger commitment deed to acquire BHP Billiton Petroleum International Pty. Ltd. from BHP Group Limited.
2021-08-17,80,Woodside Petroleum Ltd (ASX:WPL) entered into a merger commitment deed to acquire BHP Billiton Petroleum International Pty. Ltd. from BHP Group Limited.
2021-08-17,80,Woodside Petroleum Ltd (ASX:WPL) entered into a merger commitment deed to acquire BHP Billiton Petroleum International Pty. Ltd. from BHP Group Limited for $14.1 billion.
2021-08-17,80,Woodside Petroleum Ltd (ASX:WPL) entered into a merger commitment deed to acquire BHP Billiton Petroleum International Pty. Ltd. from BHP Group Limited.
2021-08-17,80,Woodside Petroleum Ltd (ASX:WPL) entered into a merger commitment deed to acquire BHP Billiton Petroleum International Pty. Ltd. from BHP Group Limited.
2021-08-17,80,Woodside Petroleum Ltd (ASX:WPL) entered into a merger commitment deed to acquire BHP Billiton Petroleum International Pty. Ltd. from BHP Group Limited.
2021-08-17,80,Woodside Petroleum Ltd (ASX:WPL) entered into a merger commitment deed to acquire BHP Billiton Petroleum International Pty. Ltd. from BHP Group Limited.
2021-08-17,80,Woodside Petroleum Ltd (ASX:WPL) entered into a merger commitment deed to acquire BHP Billiton Petroleum International Pty. Ltd. from BHP Group Limited.
2021-08-17,80,Woodside Petroleum Ltd (ASX:WPL) entered into a merger commitment deed to acquire BHP Billiton Petroleum International Pty. Ltd. from BHP Group Limited.
2021-08-17,80,Woodside Petroleum Ltd (ASX:WPL) entered into a merger commitment deed to acquire BHP Billiton Petroleum International Pty. Ltd. from BHP Group Limited.
2021-08-17,80,Woodside Petroleum Ltd (ASX:WPL) entered into a merger commitment deed to acquire BHP Billiton Petroleum International Pty. Ltd. from BHP Group Limited.
2021-08-17,80,Woodside Petroleum Ltd (ASX:WPL) entered into a merger commitment deed to acquire BHP Billiton Petroleum International Pty. Ltd. from BHP Group Limited.
2021-08-17,80,Woodside Petroleum Ltd (ASX:WPL) entered into a merger commitment deed to acquire BHP Billiton Petroleum International Pty. Ltd. from BHP Group Limited.
2021-08-17,80,Woodside Petroleum Ltd (ASX:WPL) entered into a merger commitment deed to acquire BHP Billiton Petroleum International Pty. Ltd. from BHP Group Limited.
2021-08-17,80,Woodside Petroleum Ltd (ASX:WPL) entered into a merger commitment deed to acquire BHP Billiton Petroleum International Pty. Ltd. from BHP Group Limited for approximately $910 million.
2021-08-17,80,Woodside Petroleum Ltd (ASX:WPL) entered into a merger commitment deed to acquire BHP Billiton Petroleum International Pty. Ltd. from BHP Group Limited.
2021-08-17,80,Woodside Petroleum Ltd (ASX:WPL) entered into a merger commitment deed to acquire BHP Billiton Petroleum International Pty. Ltd. from BHP Group Limited.
2021-08-17,80,Woodside Petroleum Ltd (ASX:WPL) entered into a merger commitment deed to acquire BHP Billiton Petroleum International Pty. Ltd. from BHP Group Limited.
2021-08-17,80,Woodside Petroleum Ltd (ASX:WPL) entered into a merger commitment deed to acquire BHP Billiton Petroleum International Pty. Ltd. from BHP Group Limited for $14.1 billion.
2021-08-17,80,Woodside Petroleum Ltd (ASX:WPL) entered into a merger commitment deed to acquire BHP Billiton Petroleum International Pty. Ltd. from BHP Group Limited.
2021-08-17,80,Woodside Petroleum Ltd (ASX:WPL) entered into a merger commitment deed to acquire BHP Billiton Petroleum International Pty. Ltd. from BHP Group Limited.
2021-08-17,80,Woodside Petroleum Ltd (ASX:WPL) entered into a merger commitment deed to acquire BHP Billiton Petroleum International Pty. Ltd. from BHP Group Limited.
2021-08-17,80,Woodside Petroleum Ltd (ASX:WPL) entered into a merger commitment deed to acquire BHP Billiton Petroleum International Pty. Ltd. from BHP Group Limited.
2021-08-17,80,Woodside Petroleum Ltd (ASX:WPL) entered into a merger commitment deed to acquire BHP Billiton Petroleum International Pty. Ltd. from BHP Group Limited.
2021-08-17,80,Woodside Petroleum Ltd (ASX:WPL) entered into a merger commitment deed to acquire BHP Billiton Petroleum International Pty. Ltd. from BHP Group Limited.
2021-08-17,80,Woodside Petroleum Ltd (ASX:WPL) entered into a merger commitment deed to acquire BHP Billiton Petroleum International Pty. Ltd. from BHP Group Limited.
2021-08-17,80,Woodside Petroleum Ltd (ASX:WPL) entered into a merger commitment deed to acquire BHP Billiton Petroleum International Pty. Ltd. from BHP Group Limited.
2021-08-17,80,Woodside Petroleum Ltd (ASX:WPL) entered into a merger commitment deed to acquire BHP Billiton Petroleum International Pty. Ltd. from BHP Group Limited.
2021-08-17,80,Woodside Petroleum Ltd (ASX:WPL) entered into a merger commitment deed to acquire BHP Billiton Petroleum International Pty. Ltd. from BHP Group Limited.
2021-08-17,80,Woodside Petroleum Ltd (ASX:WPL) entered into a merger commitment deed to acquire BHP Billiton Petroleum International Pty. Ltd. from BHP Group Limited.
2021-08-17,80,Woodside Petroleum Ltd (ASX:WPL) entered into a merger commitment deed to acquire BHP Billiton Petroleum International Pty. Ltd. from BHP Group Limited for approximately $910 million.
2021-08-17,80,Woodside Petroleum Ltd (ASX:WPL) entered into a merger commitment deed to acquire BHP Billiton Petroleum International Pty. Ltd. from BHP Group Limited.
2021-08-17,80,Woodside Petroleum Ltd (ASX:WPL) entered into a merger commitment deed to acquire BHP Billiton Petroleum International Pty. Ltd. from BHP Group Limited.
2021-08-17,80,Woodside Petroleum Ltd (ASX:WPL) entered into a merger commitment deed to acquire BHP Billiton Petroleum International Pty. Ltd. from BHP Group Limited.
2021-08-17,80,Woodside Petroleum Ltd (ASX:WPL) entered into a merger commitment deed to acquire BHP Billiton Petroleum International Pty. Ltd. from BHP Group Limited for $14.1 billion.
2021-08-17,80,Woodside Petroleum Ltd (ASX:WPL) entered into a merger commitment deed to acquire BHP Billiton Petroleum International Pty. Ltd. from BHP Group Limited.
2021-08-17,80,Woodside Petroleum Ltd (ASX:WPL) entered into a merger commitment deed to acquire BHP Billiton Petroleum International Pty. Ltd. from BHP Group Limited.
2021-08-17,80,Woodside Petroleum Ltd (ASX:WPL) entered into a merger commitment deed to acquire BHP Billiton Petroleum International Pty. Ltd. from BHP Group Limited.
2021-08-17,80,Woodside Petroleum Ltd (ASX:WPL) entered into a merger commitment deed to acquire BHP Billiton Petroleum International Pty. Ltd. from BHP Group Limited.
2021-08-17,80,Woodside Petroleum Ltd (ASX:WPL) entered into a merger commitment deed to acquire BHP Billiton Petroleum International Pty. Ltd. from BHP Group Limited.
2021-08-17,80,Woodside Petroleum Ltd (ASX:WPL) entered into a merger commitment deed to acquire BHP Billiton Petroleum International Pty. Ltd. from BHP Group Limited.
2021-08-17,80,Woodside Petroleum Ltd (ASX:WPL) entered into a merger commitment deed to acquire BHP Billiton Petroleum International Pty. Ltd. from BHP Group Limited.
2021-08-17,80,Woodside Petroleum Ltd (ASX:WPL) entered into a merger commitment deed to acquire BHP Billiton Petroleum International Pty. Ltd. from BHP Group Limited.
2021-08-17,80,Woodside Petroleum Ltd (ASX:WPL) entered into a merger commitment deed to acquire BHP Billiton Petroleum International Pty. Ltd. from BHP Group Limited.
2021-08-17,80,Woodside Petroleum Ltd (ASX:WPL) entered into a merger commitment deed to acquire BHP Billiton Petroleum International Pty. Ltd. from BHP Group Limited.
2021-08-17,80,Woodside Petroleum Ltd (ASX:WPL) entered into a merger commitment deed to acquire BHP Billiton Petroleum International Pty. Ltd. from BHP Group Limited.
2021-08-17,80,Woodside Petroleum Ltd (ASX:WPL) entered into a merger commitment deed to acquire BHP Billiton Petroleum International Pty. Ltd. from BHP Group Limited for approximately $910 million.
2021-08-17,80,Woodside Petroleum Ltd (ASX:WPL) entered into a merger commitment deed to acquire BHP Billiton Petroleum International Pty. Ltd. from BHP Group Limited.
2021-08-17,80,Woodside Petroleum Ltd (ASX:WPL) entered into a merger commitment deed to acquire BHP Billiton Petroleum International Pty. Ltd. from BHP Group Limited.
2021-08-17,80,Woodside Petroleum Ltd (ASX:WPL) entered into a merger commitment deed to acquire BHP Billiton Petroleum International Pty. Ltd. from BHP Group Limited.
2021-08-17,80,Woodside Petroleum Ltd (ASX:WPL) entered into a merger commitment deed to acquire BHP Billiton Petroleum International Pty. Ltd. from BHP Group Limited for $14.1 billion.
2021-08-17,80,Woodside Petroleum Ltd (ASX:WPL) entered into a merger commitment deed to acquire BHP Billiton Petroleum International Pty. Ltd. from BHP Group Limited.
2021-08-17,80,Woodside Petroleum Ltd (ASX:WPL) entered into a merger commitment deed to acquire BHP Billiton Petroleum International Pty. Ltd. from BHP Group Limited.
2021-08-17,80,Woodside Petroleum Ltd (ASX:WPL) entered into a merger commitment deed to acquire BHP Billiton Petroleum International Pty. Ltd. from BHP Group Limited.
2021-08-17,80,Woodside Petroleum Ltd (ASX:WPL) entered into a merger commitment deed to acquire BHP Billiton Petroleum International Pty. Ltd. from BHP Group Limited.
2021-08-17,80,Woodside Petroleum Ltd (ASX:WPL) entered into a merger commitment deed to acquire BHP Billiton Petroleum International Pty. Ltd. from BHP Group Limited.
2021-08-17,80,Woodside Petroleum Ltd (ASX:WPL) entered into a merger commitment deed to acquire BHP Billiton Petroleum International Pty. Ltd. from BHP Group Limited.
2021-08-17,80,Woodside Petroleum Ltd (ASX:WPL) entered into a merger commitment deed to acquire BHP Billiton Petroleum International Pty. Ltd. from BHP Group Limited.
2021-08-17,80,Woodside Petroleum Ltd (ASX:WPL) entered into a merger commitment deed to acquire BHP Billiton Petroleum International Pty. Ltd. from BHP Group Limited.
2021-08-17,80,Woodside Petroleum Ltd (ASX:WPL) entered into a merger commitment deed to acquire BHP Billiton Petroleum International Pty. Ltd. from BHP Group Limited.
2021-08-17,80,Woodside Petroleum Ltd (ASX:WPL) entered into a merger commitment deed to acquire BHP Billiton Petroleum International Pty. Ltd. from BHP Group Limited.
2021-08-17,80,Woodside Petroleum Ltd (ASX:WPL) entered into a merger commitment deed to acquire BHP Billiton Petroleum International Pty. Ltd. from BHP Group Limited.
2021-08-17,80,Woodside Petroleum Ltd (ASX:WPL) entered into a merger commitment deed to acquire BHP Billiton Petroleum International Pty. Ltd. from BHP Group Limited for approximately $910 million.
2021-08-17,80,Woodside Petroleum Ltd (ASX:WPL) entered into a merger commitment deed to acquire BHP Billiton Petroleum International Pty. Ltd. from BHP Group Limited.
2021-08-17,80,Woodside Petroleum Ltd (ASX:WPL) entered into a merger commitment deed to acquire BHP Billiton Petroleum International Pty. Ltd. from BHP Group Limited.
2021-08-17,80,Woodside Petroleum Ltd (ASX:WPL) entered into a merger commitment deed to acquire BHP Billiton Petroleum International Pty. Ltd. from BHP Group Limited.
2021-08-17,80,Woodside Petroleum Ltd (ASX:WPL) entered into a merger commitment deed to acquire BHP Billiton Petroleum International Pty. Ltd. from BHP Group Limited for $14.1 billion.
2021-08-17,80,Woodside Petroleum Ltd (ASX:WPL) entered into a merger commitment deed to acquire BHP Billiton Petroleum International Pty. Ltd. from BHP Group Limited.
2021-08-17,80,Woodside Petroleum Ltd (ASX:WPL) entered into a merger commitment deed to acquire BHP Billiton Petroleum International Pty. Ltd. from BHP Group Limited.
2021-08-17,80,Woodside Petroleum Ltd (ASX:WPL) entered into a merger commitment deed to acquire BHP Billiton Petroleum International Pty. Ltd. from BHP Group Limited.
2021-08-17,80,Woodside Petroleum Ltd (ASX:WPL) entered into a merger commitment deed to acquire BHP Billiton Petroleum International Pty. Ltd. from BHP Group Limited.
2021-08-17,80,Woodside Petroleum Ltd (ASX:WPL) entered into a merger commitment deed to acquire BHP Billiton Petroleum International Pty. Ltd. from BHP Group Limited.
2021-08-17,80,Woodside Petroleum Ltd (ASX:WPL) entered into a merger commitment deed to acquire BHP Billiton Petroleum International Pty. Ltd. from BHP Group Limited.
2021-08-17,80,Woodside Petroleum Ltd (ASX:WPL) entered into a merger commitment deed to acquire BHP Billiton Petroleum International Pty. Ltd. from BHP Group Limited.
2021-08-17,80,Woodside Petroleum Ltd (ASX:WPL) entered into a merger commitment deed to acquire BHP Billiton Petroleum International Pty. Ltd. from BHP Group Limited.
2021-08-17,80,Woodside Petroleum Ltd (ASX:WPL) entered into a merger commitment deed to acquire BHP Billiton Petroleum International Pty. Ltd. from BHP Group Limited.
2021-08-17,80,Woodside Petroleum Ltd (ASX:WPL) entered into a merger commitment deed to acquire BHP Billiton Petroleum International Pty. Ltd. from BHP Group Limited.
2021-08-17,80,Woodside Petroleum Ltd (ASX:WPL) entered into a merger commitment deed to acquire BHP Billiton Petroleum International Pty. Ltd. from BHP Group Limited.
2021-08-17,80,Woodside Petroleum Ltd (ASX:WPL) entered into a merger commitment deed to acquire BHP Billiton Petroleum International Pty. Ltd. from BHP Group Limited for approximately $910 million.
2021-08-17,80,Woodside Petroleum Ltd (ASX:WPL) entered into a merger commitment deed to acquire BHP Billiton Petroleum International Pty. Ltd. from BHP Group Limited.
2021-08-17,80,Woodside Petroleum Ltd (ASX:WPL) entered into a merger commitment deed to acquire BHP Billiton Petroleum International Pty. Ltd. from BHP Group Limited.
2021-08-17,80,Woodside Petroleum Ltd (ASX:WPL) entered into a merger commitment deed to acquire BHP Billiton Petroleum International Pty. Ltd. from BHP Group Limited.
2021-08-17,80,Woodside Petroleum Ltd (ASX:WPL) entered into a merger commitment deed to acquire BHP Billiton Petroleum International Pty. Ltd. from BHP Group Limited for $14.1 billion.
2021-08-17,80,Woodside Petroleum Ltd (ASX:WPL) entered into a merger commitment deed to acquire BHP Billiton Petroleum International Pty. Ltd. from BHP Group Limited.
2021-08-17,80,Woodside Petroleum Ltd (ASX:WPL) entered into a merger commitment deed to acquire BHP Billiton Petroleum International Pty. Ltd. from BHP Group Limited.
2021-08-17,80,Woodside Petroleum Ltd (ASX:WPL) entered into a merger commitment deed to acquire BHP Billiton Petroleum International Pty. Ltd. from BHP Group Limited.
2021-08-17,80,Woodside Petroleum Ltd (ASX:WPL) entered into a merger commitment deed to acquire BHP Billiton Petroleum International Pty. Ltd. from BHP Group Limited.
2021-08-17,80,Woodside Petroleum Ltd (ASX:WPL) entered into a merger commitment deed to acquire BHP Billiton Petroleum International Pty. Ltd. from BHP Group Limited.
2021-08-17,80,Woodside Petroleum Ltd (ASX:WPL) entered into a merger commitment deed to acquire BHP Billiton Petroleum International Pty. Ltd. from BHP Group Limited.
2021-08-17,80,Woodside Petroleum Ltd (ASX:WPL) entered into a merger commitment deed to acquire BHP Billiton Petroleum International Pty. Ltd. from BHP Group Limited.
2021-08-17,80,Woodside Petroleum Ltd (ASX:WPL) entered into a merger commitment deed to acquire BHP Billiton Petroleum International Pty. Ltd. from BHP Group Limited.
2021-08-17,80,Woodside Petroleum Ltd (ASX:WPL) entered into a merger commitment deed to acquire BHP Billiton Petroleum International Pty. Ltd. from BHP Group Limited.
2021-08-17,80,Woodside Petroleum Ltd (ASX:WPL) entered into a merger commitment deed to acquire BHP Billiton Petroleum International Pty. Ltd. from BHP Group Limited.
2021-08-17,80,Woodside Petroleum Ltd (ASX:WPL) entered into a merger commitment deed to acquire BHP Billiton Petroleum International Pty. Ltd. from BHP Group Limited.
2021-08-17,80,Woodside Petroleum Ltd (ASX:WPL) entered into a merger commitment deed to acquire BHP Billiton Petroleum International Pty. Ltd. from BHP Group Limited for approximately $910 million.
2021-08-17,80,Woodside Petroleum Ltd (ASX:WPL) entered into a merger commitment deed to acquire BHP Billiton Petroleum International Pty. Ltd. from BHP Group Limited.
2021-08-17,80,Woodside Petroleum Ltd (ASX:WPL) entered into a merger commitment deed to acquire BHP Billiton Petroleum International Pty. Ltd. from BHP Group Limited.
2021-08-17,80,Woodside Petroleum Ltd (ASX:WPL) entered into a merger commitment deed to acquire BHP Billiton Petroleum International Pty. Ltd. from BHP Group Limited.
2021-08-17,80,Woodside Petroleum Ltd (ASX:WPL) entered into a merger commitment deed to acquire BHP Billiton Petroleum International Pty. Ltd. from BHP Group Limited for $14.1 billion.
2021-08-17,80,Woodside Petroleum Ltd (ASX:WPL) entered into a merger commitment deed to acquire BHP Billiton Petroleum International Pty. Ltd. from BHP Group Limited.
2021-08-17,80,Woodside Petroleum Ltd (ASX:WPL) entered into a merger commitment deed to acquire BHP Billiton Petroleum International Pty. Ltd. from BHP Group Limited.
2021-08-17,80,Woodside Petroleum Ltd (ASX:WPL) entered into a merger commitment deed to acquire BHP Billiton Petroleum International Pty. Ltd. from BHP Group Limited.
2021-08-17,80,Woodside Petroleum Ltd (ASX:WPL) entered into a merger commitment deed to acquire BHP Billiton Petroleum International Pty. Ltd. from BHP Group Limited.
2021-08-17,80,Woodside Petroleum Ltd (ASX:WPL) entered into a merger commitment deed to acquire BHP Billiton Petroleum International Pty. Ltd. from BHP Group Limited.
2021-08-17,80,Woodside Petroleum Ltd (ASX:WPL) entered into a merger commitment deed to acquire BHP Billiton Petroleum International Pty. Ltd. from BHP Group Limited.
2021-08-17,80,Woodside Petroleum Ltd (ASX:WPL) entered into a merger commitment deed to acquire BHP Billiton Petroleum International Pty. Ltd. from BHP Group Limited.
2021-08-17,80,Woodside Petroleum Ltd (ASX:WPL) entered into a merger commitment deed to acquire BHP Billiton Petroleum International Pty. Ltd. from BHP Group Limited.
2021-08-17,80,Woodside Petroleum Ltd (ASX:WPL) entered into a merger commitment deed to acquire BHP Billiton Petroleum International Pty. Ltd. from BHP Group Limited.
2021-08-17,80,Woodside Petroleum Ltd (ASX:WPL) entered into a merger commitment deed to acquire BHP Billiton Petroleum International Pty. Ltd. from BHP Group Limited.
2021-08-17,80,Woodside Petroleum Ltd (ASX:WPL) entered into a merger commitment deed to acquire BHP Billiton Petroleum International Pty. Ltd. from BHP Group Limited.
2021-08-17,80,Woodside Petroleum Ltd (ASX:WPL) entered into a merger commitment deed to acquire BHP Billiton Petroleum International Pty. Ltd. from BHP Group Limited for approximately $910 million.
2021-08-17,80,Woodside Petroleum Ltd (ASX:WPL) entered into a merger commitment deed to acquire BHP Billiton Petroleum International Pty. Ltd. from BHP Group Limited.
2021-08-17,80,Woodside Petroleum Ltd (ASX:WPL) entered into a merger commitment deed to acquire BHP Billiton Petroleum International Pty. Ltd. from BHP Group Limited.
2021-08-17,80,Woodside Petroleum Ltd (ASX:WPL) entered into a merger commitment deed to acquire BHP Billiton Petroleum International Pty. Ltd. from BHP Group Limited.
2021-08-17,80,Woodside Petroleum Ltd (ASX:WPL) entered into a merger commitment deed to acquire BHP Billiton Petroleum International Pty. Ltd. from BHP Group Limited for $14.1 billion.
2021-08-17,80,Woodside Petroleum Ltd (ASX:WPL) entered into a merger commitment deed to acquire BHP Billiton Petroleum International Pty. Ltd. from BHP Group Limited.
2021-08-17,80,Woodside Petroleum Ltd (ASX:WPL) entered into a merger commitment deed to acquire BHP Billiton Petroleum International Pty. Ltd. from BHP Group Limited.
2021-08-17,80,Woodside Petroleum Ltd (ASX:WPL) entered into a merger commitment deed to acquire BHP Billiton Petroleum International Pty. Ltd. from BHP Group Limited.
2021-08-17,80,Woodside Petroleum Ltd (ASX:WPL) entered into a merger commitment deed to acquire BHP Billiton Petroleum International Pty. Ltd. from BHP Group Limited.
2021-08-17,80,Woodside Petroleum Ltd (ASX:WPL) entered into a merger commitment deed to acquire BHP Billiton Petroleum International Pty. Ltd. from BHP Group Limited.
2021-08-17,80,Woodside Petroleum Ltd (ASX:WPL) entered into a merger commitment deed to acquire BHP Billiton Petroleum International Pty. Ltd. from BHP Group Limited.
2021-08-17,80,Woodside Petroleum Ltd (ASX:WPL) entered into a merger commitment deed to acquire BHP Billiton Petroleum International Pty. Ltd. from BHP Group Limited.
2021-08-17,80,Woodside Petroleum Ltd (ASX:WPL) entered into a merger commitment deed to acquire BHP Billiton Petroleum International Pty. Ltd. from BHP Group Limited.
2021-08-17,80,Woodside Petroleum Ltd (ASX:WPL) entered into a merger commitment deed to acquire BHP Billiton Petroleum International Pty. Ltd. from BHP Group Limited.
2021-08-17,80,Woodside Petroleum Ltd (ASX:WPL) entered into a merger commitment deed to acquire BHP Billiton Petroleum International Pty. Ltd. from BHP Group Limited.
2021-08-17,80,Woodside Petroleum Ltd (ASX:WPL) entered into a merger commitment deed to acquire BHP Billiton Petroleum International Pty. Ltd. from BHP Group Limited.
2021-08-17,80,Woodside Petroleum Ltd (ASX:WPL) entered into a merger commitment deed to acquire BHP Billiton Petroleum International Pty. Ltd. from BHP Group Limited for approximately $910 million.
2021-08-17,80,Woodside Petroleum Ltd (ASX:WPL) entered into a merger commitment deed to acquire BHP Billiton Petroleum International Pty. Ltd. from BHP Group Limited.
2021-08-17,80,Woodside Petroleum Ltd (ASX:WPL) entered into a merger commitment deed to acquire BHP Billiton Petroleum International Pty. Ltd. from BHP Group Limited.
2021-08-17,80,Woodside Petroleum Ltd (ASX:WPL) entered into a merger commitment deed to acquire BHP Billiton Petroleum International Pty. Ltd. from BHP Group Limited.
2021-08-17,80,Woodside Petroleum Ltd (ASX:WPL) entered into a merger commitment deed to acquire BHP Billiton Petroleum International Pty. Ltd. from BHP Group Limited for $14.1 billion.
2021-08-17,80,Woodside Petroleum Ltd (ASX:WPL) entered into a merger commitment deed to acquire BHP Billiton Petroleum International Pty. Ltd. from BHP Group Limited.
2021-08-17,80,Woodside Petroleum Ltd (ASX:WPL) entered into a merger commitment deed to acquire BHP Billiton Petroleum International Pty. Ltd. from BHP Group Limited.
2021-08-17,80,Woodside Petroleum Ltd (ASX:WPL) entered into a merger commitment deed to acquire BHP Billiton Petroleum International Pty. Ltd. from BHP Group Limited.
2021-08-17,80,Woodside Petroleum Ltd (ASX:WPL) entered into a merger commitment deed to acquire BHP Billiton Petroleum International Pty. Ltd. from BHP Group Limited.
2021-08-17,80,Woodside Petroleum Ltd (ASX:WPL) entered into a merger commitment deed to acquire BHP Billiton Petroleum International Pty. Ltd. from BHP Group Limited.
2021-08-17,80,Woodside Petroleum Ltd (ASX:WPL) entered into a merger commitment deed to acquire BHP Billiton Petroleum International Pty. Ltd. from BHP Group Limited.
2021-08-17,80,Woodside Petroleum Ltd (ASX:WPL) entered into a merger commitment deed to acquire BHP Billiton Petroleum International Pty. Ltd. from BHP Group Limited.
2021-08-17,80,Woodside Petroleum Ltd (ASX:WPL) entered into a merger commitment deed to acquire BHP Billiton Petroleum International Pty. Ltd. from BHP Group Limited.
2021-08-17,80,Woodside Petroleum Ltd (ASX:WPL) entered into a merger commitment deed to acquire BHP Billiton Petroleum International Pty. Ltd. from BHP Group Limited.
2021-08-17,80,Woodside Petroleum Ltd (ASX:WPL) entered into a merger commitment deed to acquire BHP Billiton Petroleum International Pty. Ltd. from BHP Group Limited.
2021-08-17,80,Woodside Petroleum Ltd (ASX:WPL) entered into a merger commitment deed to acquire BHP Billiton Petroleum International Pty. Ltd. from BHP Group Limited.
2021-08-17,80,Woodside Petroleum Ltd (ASX:WPL) entered into a merger commitment deed to acquire BHP Billiton Petroleum International Pty. Ltd. from BHP Group Limited for approximately $910 million.
2021-08-17,80,Woodside Petroleum Ltd (ASX:WPL) entered into a merger commitment deed to acquire BHP Billiton Petroleum International Pty. Ltd. from BHP Group Limited.
2021-08-17,80,Woodside Petroleum Ltd (ASX:WPL) entered into a merger commitment deed to acquire BHP Billiton Petroleum International Pty. Ltd. from BHP Group Limited.
2021-08-17,80,Woodside Petroleum Ltd (ASX:WPL) entered into a merger commitment deed to acquire BHP Billiton Petroleum International Pty. Ltd. from BHP Group Limited.
2021-08-17,80,Woodside Petroleum Ltd (ASX:WPL) entered into a merger commitment deed to acquire BHP Billiton Petroleum International Pty. Ltd. from BHP Group Limited for $14.1 billion.
2021-08-17,80,Woodside Petroleum Ltd (ASX:WPL) entered into a merger commitment deed to acquire BHP Billiton Petroleum International Pty. Ltd. from BHP Group Limited.
2021-08-17,80,Woodside Petroleum Ltd (ASX:WPL) entered into a merger commitment deed to acquire BHP Billiton Petroleum International Pty. Ltd. from BHP Group Limited.
2021-08-17,80,Woodside Petroleum Ltd (ASX:WPL) entered into a merger commitment deed to acquire BHP Billiton Petroleum International Pty. Ltd. from BHP Group Limited.
2021-08-17,80,Woodside Petroleum Ltd (ASX:WPL) entered into a merger commitment deed to acquire BHP Billiton Petroleum International Pty. Ltd. from BHP Group Limited.
2021-08-17,80,Woodside Petroleum Ltd (ASX:WPL) entered into a merger commitment deed to acquire BHP Billiton Petroleum International Pty. Ltd. from BHP Group Limited.
2021-08-17,80,Woodside Petroleum Ltd (ASX:WPL) entered into a merger commitment deed to acquire BHP Billiton Petroleum International Pty. Ltd. from BHP Group Limited.
2021-08-17,80,Woodside Petroleum Ltd (ASX:WPL) entered into a merger commitment deed to acquire BHP Billiton Petroleum International Pty. Ltd. from BHP Group Limited.
2021-08-17,80,Woodside Petroleum Ltd (ASX:WPL) entered into a merger commitment deed to acquire BHP Billiton Petroleum International Pty. Ltd. from BHP Group Limited.
2021-08-17,80,Woodside Petroleum Ltd (ASX:WPL) entered into a merger commitment deed to acquire BHP Billiton Petroleum International Pty. Ltd. from BHP Group Limited.
2021-08-17,80,Woodside Petroleum Ltd (ASX:WPL) entered into a merger commitment deed to acquire BHP Billiton Petroleum International Pty. Ltd. from BHP Group Limited.
2021-08-17,80,Woodside Petroleum Ltd (ASX:WPL) entered into a merger commitment deed to acquire BHP Billiton Petroleum International Pty. Ltd. from BHP Group Limited.
2021-08-17,80,Woodside Petroleum Ltd (ASX:WPL) entered into a merger commitment deed to acquire BHP Billiton Petroleum International Pty. Ltd. from BHP Group Limited for approximately $910 million.
2021-08-17,80,Woodside Petroleum Ltd (ASX:WPL) entered into a merger commitment deed to acquire BHP Billiton Petroleum International Pty. Ltd. from BHP Group Limited.
2021-08-17,80,Woodside Petroleum Ltd (ASX:WPL) entered into a merger commitment deed to acquire BHP Billiton Petroleum International Pty. Ltd. from BHP Group Limited.
2021-08-17,80,Woodside Petroleum Ltd (ASX:WPL) entered into a merger commitment deed to acquire BHP Billiton Petroleum International Pty. Ltd. from BHP Group Limited.
2021-08-17,80,Woodside Petroleum Ltd (ASX:WPL) entered into a merger commitment deed to acquire BHP Billiton Petroleum International Pty. Ltd. from BHP Group Limited for $14.1 billion.
2021-08-17,80,Woodside Petroleum Ltd (ASX:WPL) entered into a merger commitment deed to acquire BHP Billiton Petroleum International Pty. Ltd. from BHP Group Limited.
2021-08-17,80,Woodside Petroleum Ltd (ASX:WPL) entered into a merger commitment deed to acquire BHP Billiton Petroleum International Pty. Ltd. from BHP Group Limited.
2021-08-17,80,Woodside Petroleum Ltd (ASX:WPL) entered into a merger commitment deed to acquire BHP Billiton Petroleum International Pty. Ltd. from BHP Group Limited.
2021-08-17,80,Woodside Petroleum Ltd (ASX:WPL) entered into a merger commitment deed to acquire BHP Billiton Petroleum International Pty. Ltd. from BHP Group Limited.
2021-08-17,80,Woodside Petroleum Ltd (ASX:WPL) entered into a merger commitment deed to acquire BHP Billiton Petroleum International Pty. Ltd. from BHP Group Limited.
2021-08-17,80,Woodside Petroleum Ltd (ASX:WPL) entered into a merger commitment deed to acquire BHP Billiton Petroleum International Pty. Ltd. from BHP Group Limited.
2021-08-17,80,Woodside Petroleum Ltd (ASX:WPL) entered into a merger commitment deed to acquire BHP Billiton Petroleum International Pty. Ltd. from BHP Group Limited.
2021-08-17,80,Woodside Petroleum Ltd (ASX:WPL) entered into a merger commitment deed to acquire BHP Billiton Petroleum International Pty. Ltd. from BHP Group Limited.
2021-08-17,80,Woodside Petroleum Ltd (ASX:WPL) entered into a merger commitment deed to acquire BHP Billiton Petroleum International Pty. Ltd. from BHP Group Limited.
2021-08-17,28,"Woodside Petroleum Ltd Reports Earnings Results for the Half Year Ended June 30, 2021"
2021-08-17,29,Woodside Petroleum Ltd Provides Production Guidance for the Year 2021
2021-08-17,55,"Woodside Petroleum Ltd to Report Q4, 2021 Results on Jan 20, 2022"
2021-08-17,101,Woodside Petroleum Ltd Announces Executive Changes
2021-08-17,101,Woodside Petroleum Ltd Announces Executive Changes
2021-08-17,16,Meg O'Neill Joins Woodside as Managing Director
2021-08-17,52,"BHP Group, Woodside Petroleum Ltd - M&A Call"
2021-08-17,80,Woodside Petroleum Ltd (ASX:WPL) entered into a merger commitment deed to acquire BHP Billiton Petroleum International Pty. Ltd. from BHP Group Limited.
2021-08-17,80,Woodside Petroleum Ltd (ASX:WPL) entered into a merger commitment deed to acquire BHP Billiton Petroleum International Pty. Ltd. from BHP Group Limited.
2021-08-17,80,Woodside Petroleum Ltd (ASX:WPL) entered into a merger commitment deed to acquire BHP Billiton Petroleum International Pty. Ltd. from BHP Group Limited for approximately $910 million.
2021-08-17,80,Woodside Petroleum Ltd (ASX:WPL) entered into a merger commitment deed to acquire BHP Billiton Petroleum International Pty. Ltd. from BHP Group Limited.
2021-08-17,80,Woodside Petroleum Ltd (ASX:WPL) entered into a merger commitment deed to acquire BHP Billiton Petroleum International Pty. Ltd. from BHP Group Limited.
2021-08-17,80,Woodside Petroleum Ltd (ASX:WPL) entered into a merger commitment deed to acquire BHP Billiton Petroleum International Pty. Ltd. from BHP Group Limited.
2021-08-17,80,Woodside Petroleum Ltd (ASX:WPL) entered into a merger commitment deed to acquire BHP Billiton Petroleum International Pty. Ltd. from BHP Group Limited for $14.1 billion.
2021-08-17,80,Woodside Petroleum Ltd (ASX:WPL) entered into a merger commitment deed to acquire BHP Billiton Petroleum International Pty. Ltd. from BHP Group Limited.
2021-08-17,80,Woodside Petroleum Ltd (ASX:WPL) entered into a merger commitment deed to acquire BHP Billiton Petroleum International Pty. Ltd. from BHP Group Limited.
2021-08-17,80,Woodside Petroleum Ltd (ASX:WPL) entered into a merger commitment deed to acquire BHP Billiton Petroleum International Pty. Ltd. from BHP Group Limited.
2021-08-17,80,Woodside Petroleum Ltd (ASX:WPL) entered into a merger commitment deed to acquire BHP Billiton Petroleum International Pty. Ltd. from BHP Group Limited.
2021-08-17,80,Woodside Petroleum Ltd (ASX:WPL) entered into a merger commitment deed to acquire BHP Billiton Petroleum International Pty. Ltd. from BHP Group Limited.
2021-08-17,80,Woodside Petroleum Ltd (ASX:WPL) entered into a merger commitment deed to acquire BHP Billiton Petroleum International Pty. Ltd. from BHP Group Limited.
2021-08-17,80,Woodside Petroleum Ltd (ASX:WPL) entered into a merger commitment deed to acquire BHP Billiton Petroleum International Pty. Ltd. from BHP Group Limited.
2021-08-17,80,Woodside Petroleum Ltd (ASX:WPL) entered into a merger commitment deed to acquire BHP Billiton Petroleum International Pty. Ltd. from BHP Group Limited.
2021-08-17,80,Woodside Petroleum Ltd (ASX:WPL) entered into a merger commitment deed to acquire BHP Billiton Petroleum International Pty. Ltd. from BHP Group Limited.
2021-08-17,80,Woodside Petroleum Ltd (ASX:WPL) entered into a merger commitment deed to acquire BHP Billiton Petroleum International Pty. Ltd. from BHP Group Limited.
2021-08-17,80,Woodside Petroleum Ltd (ASX:WPL) entered into a merger commitment deed to acquire BHP Billiton Petroleum International Pty. Ltd. from BHP Group Limited.
2021-08-17,80,Woodside Petroleum Ltd (ASX:WPL) entered into a merger commitment deed to acquire BHP Billiton Petroleum International Pty. Ltd. from BHP Group Limited for approximately $910 million.
2021-08-17,80,Woodside Petroleum Ltd (ASX:WPL) entered into a merger commitment deed to acquire BHP Billiton Petroleum International Pty. Ltd. from BHP Group Limited.
2021-08-17,80,Woodside Petroleum Ltd (ASX:WPL) entered into a merger commitment deed to acquire BHP Billiton Petroleum International Pty. Ltd. from BHP Group Limited.
2021-08-17,80,Woodside Petroleum Ltd (ASX:WPL) entered into a merger commitment deed to acquire BHP Billiton Petroleum International Pty. Ltd. from BHP Group Limited.
2021-08-17,80,Woodside Petroleum Ltd (ASX:WPL) entered into a merger commitment deed to acquire BHP Billiton Petroleum International Pty. Ltd. from BHP Group Limited for $14.1 billion.
2021-08-17,80,Woodside Petroleum Ltd (ASX:WPL) entered into a merger commitment deed to acquire BHP Billiton Petroleum International Pty. Ltd. from BHP Group Limited.
2021-08-17,80,Woodside Petroleum Ltd (ASX:WPL) entered into a merger commitment deed to acquire BHP Billiton Petroleum International Pty. Ltd. from BHP Group Limited.
2021-08-17,80,Woodside Petroleum Ltd (ASX:WPL) entered into a merger commitment deed to acquire BHP Billiton Petroleum International Pty. Ltd. from BHP Group Limited.
2021-08-17,80,Woodside Petroleum Ltd (ASX:WPL) entered into a merger commitment deed to acquire BHP Billiton Petroleum International Pty. Ltd. from BHP Group Limited.
2021-08-17,80,Woodside Petroleum Ltd (ASX:WPL) entered into a merger commitment deed to acquire BHP Billiton Petroleum International Pty. Ltd. from BHP Group Limited.
2021-08-17,80,Woodside Petroleum Ltd (ASX:WPL) entered into a merger commitment deed to acquire BHP Billiton Petroleum International Pty. Ltd. from BHP Group Limited.
2021-08-17,80,Woodside Petroleum Ltd (ASX:WPL) entered into a merger commitment deed to acquire BHP Billiton Petroleum International Pty. Ltd. from BHP Group Limited.
2021-08-17,80,Woodside Petroleum Ltd (ASX:WPL) entered into a merger commitment deed to acquire BHP Billiton Petroleum International Pty. Ltd. from BHP Group Limited.
2021-08-17,80,Woodside Petroleum Ltd (ASX:WPL) entered into a merger commitment deed to acquire BHP Billiton Petroleum International Pty. Ltd. from BHP Group Limited.
2021-08-17,80,Woodside Petroleum Ltd (ASX:WPL) entered into a merger commitment deed to acquire BHP Billiton Petroleum International Pty. Ltd. from BHP Group Limited.
2021-08-17,80,Woodside Petroleum Ltd (ASX:WPL) entered into a merger commitment deed to acquire BHP Billiton Petroleum International Pty. Ltd. from BHP Group Limited.
2021-08-17,80,Woodside Petroleum Ltd (ASX:WPL) entered into a merger commitment deed to acquire BHP Billiton Petroleum International Pty. Ltd. from BHP Group Limited for approximately $910 million.
2021-08-17,80,Woodside Petroleum Ltd (ASX:WPL) entered into a merger commitment deed to acquire BHP Billiton Petroleum International Pty. Ltd. from BHP Group Limited.
2021-08-17,80,Woodside Petroleum Ltd (ASX:WPL) entered into a merger commitment deed to acquire BHP Billiton Petroleum International Pty. Ltd. from BHP Group Limited.
2021-08-17,80,Woodside Petroleum Ltd (ASX:WPL) entered into a merger commitment deed to acquire BHP Billiton Petroleum International Pty. Ltd. from BHP Group Limited.
2021-08-17,80,Woodside Petroleum Ltd (ASX:WPL) entered into a merger commitment deed to acquire BHP Billiton Petroleum International Pty. Ltd. from BHP Group Limited for $14.1 billion.
2021-08-17,80,Woodside Petroleum Ltd (ASX:WPL) entered into a merger commitment deed to acquire BHP Billiton Petroleum International Pty. Ltd. from BHP Group Limited.
2021-08-17,80,Woodside Petroleum Ltd (ASX:WPL) entered into a merger commitment deed to acquire BHP Billiton Petroleum International Pty. Ltd. from BHP Group Limited.
2021-08-17,80,Woodside Petroleum Ltd (ASX:WPL) entered into a merger commitment deed to acquire BHP Billiton Petroleum International Pty. Ltd. from BHP Group Limited.
2021-08-17,80,Woodside Petroleum Ltd (ASX:WPL) entered into a merger commitment deed to acquire BHP Billiton Petroleum International Pty. Ltd. from BHP Group Limited.
2021-08-17,80,Woodside Petroleum Ltd (ASX:WPL) entered into a merger commitment deed to acquire BHP Billiton Petroleum International Pty. Ltd. from BHP Group Limited.
2021-08-17,80,Woodside Petroleum Ltd (ASX:WPL) entered into a merger commitment deed to acquire BHP Billiton Petroleum International Pty. Ltd. from BHP Group Limited.
2021-08-17,80,Woodside Petroleum Ltd (ASX:WPL) entered into a merger commitment deed to acquire BHP Billiton Petroleum International Pty. Ltd. from BHP Group Limited.
2021-08-17,80,Woodside Petroleum Ltd (ASX:WPL) entered into a merger commitment deed to acquire BHP Billiton Petroleum International Pty. Ltd. from BHP Group Limited.
2021-08-17,80,Woodside Petroleum Ltd (ASX:WPL) entered into a merger commitment deed to acquire BHP Billiton Petroleum International Pty. Ltd. from BHP Group Limited.
2021-08-17,80,Woodside Petroleum Ltd (ASX:WPL) entered into a merger commitment deed to acquire BHP Billiton Petroleum International Pty. Ltd. from BHP Group Limited.
2021-08-19,65,Suitors Reportedly Run Eye over Energy Giant's Pluto Train 2
2021-09-09,65,ONGC Reportedly May Be Eyeing Woodside Stake in Senegal Oil Field
2021-09-13,65,CKI Reportedly Bows Out of Competition for A Share of $4.1 Billion Pluto Train 2 Development
2021-10-18,23,"Blackstone Minerals Limited Appoints Wood and ALS to Perform Critical Roles in the Delivery of the Definitive Feasibility Study At Ta Khoa Refinery, Vietnam"
2021-11-04,41,Woodside Petroleum Ltd Provides Greater Pluto Reserves and Resource Update
2021-11-22,194,Woodside Petroleum Ltd - Special Call
2021-11-22,194,Woodside Petroleum Ltd - Special Call
2021-11-22,137,BHP Group Limited agreed to Spin-Off Woodside Energy Group Ltd (ASX:WDS).
2021-11-23,65,"Indigenous Group Reportedly Seeks Stake in Woodside's Scarborough, Pluto LNG Project"
2021-12-07,55,"Woodside Petroleum Ltd to Report Fiscal Year 2021 Results on Feb 17, 2022"
2021-12-14,102,Woodside Petroleum Ltd Appoints Graham Tiver as Chief Financial Officer
2021-12-14,16,Woodside Petroleum Ltd Appoints Mr. Graham Tiver as Executive Vice President
2022-01-19,48,"Woodside Petroleum Ltd, 2021 Earnings Call, Feb 17, 2022"
2022-01-19,226,"Woodside Petroleum Ltd Reports Production Results for the Fourth Quarter and Full Year Ended December 31, 2021"
2022-01-19,29,Woodside Petroleum Ltd Provides Production Guidance for the Year 2022
2022-01-27,21,Woodside Petroleum Ltd Announces to Withdraw from Myanmar
2022-02-11,156,Woodside Petroleum Receives a Resolutions Notice from Australasian Centre for Corporate
2022-02-11,156,Woodside Petroleum Receives a Notice of Resolutions from Market Forces
2022-02-16,55,"Woodside Petroleum Ltd to Report Q2, 2022 Results on Jul 21, 2022"
2022-02-16,55,"Woodside Petroleum Ltd to Report Q3, 2022 Results on Oct 20, 2022"
2022-02-16,55,"Woodside Petroleum Ltd to Report Q2, 2022 Results on Aug 30, 2022"
2022-02-16,55,"Woodside Petroleum Ltd to Report Q1, 2022 Results on Apr 26, 2022"
2022-02-16,62,"Woodside Petroleum Ltd, Annual General Meeting, May 19, 2022"
2022-02-16,28,"Woodside Petroleum Ltd Reports Earnings Results for the Full Year Ended December 31, 2021"
2022-02-16,55,"Woodside Petroleum Ltd to Report Q2, 2022 Results on Aug 30, 2022"
2022-02-16,50,Woodside Petroleum Ltd - Shareholder/Analyst Call
2022-02-16,55,"Woodside Petroleum Ltd to Report Q2, 2022 Results on Jul 21, 2022"
2022-03-14,55,"Woodside Petroleum Ltd to Report Q1, 2022 Results on Apr 26, 2022"
2022-03-14,55,"Woodside Petroleum Ltd to Report Q2, 2022 Results on Aug 11, 2022"
2022-03-14,55,"Woodside Petroleum Ltd to Report Q1, 2022 Results on Apr 26, 2022"
2022-03-14,55,"Woodside Petroleum Ltd to Report Q2, 2022 Results on Aug 11, 2022"
2022-03-28,83,"Heliogen, Inc. announced that it has received funding from Woodside Petroleum Ltd"
2022-04-08,77,Woodside Petroleum Ltd Proposes Amendment to the Constitution
2022-04-08,81,Woodside Petroleum Ltd (ASX:WPL) completed the acquisition of BHP Billiton Petroleum International Pty. Ltd. from BHP Group Limited.
2022-04-08,163,Woodside Petroleum Ltd Solicits Proxies from Shareholders
2022-04-08,163,Woodside Petroleum Ltd Solicits Proxies from Shareholders
2022-04-26,138,"Woodside Petroleum Ltd Announces Sales Results for the First Quarter Ended March 31, 2022"
2022-04-26,226,"Woodside Petroleum Ltd Announces Production Results for the First Quarter Ended March 31, 2022"
2022-04-27,65,Strong Interest in Woodside Sell Down
2022-05-19,163,Declaration of Voting Results by Woodside Petroleum
2022-05-19,163,Declaration of Voting Results by Woodside Petroleum
2022-05-20,58,Woodside Petroleum Ltd will Change its Ticker to WDS from WPL
2022-05-20,56,Woodside Petroleum Ltd has Changed its Name to Woodside Energy Group Ltd
2022-06-01,81,Woodside Energy Group Ltd (ASX:WDS) completed the acquisition of BHP Petroleum International Pty. Ltd. from BHP Group Limited.
2022-06-01,137,BHP Group Limited completed the Spin-Off of Woodside Energy Group Ltd (ASX:WDS).
2022-06-01,81,Woodside Energy Group Ltd (ASX:WDS) completed the acquisition of BHP Petroleum International Pty. Ltd. from BHP Group Limited.
2022-06-01,81,Woodside Energy Group Ltd (ASX:WDS) completed the acquisition of BHP Petroleum International Pty. Ltd. from BHP Group Limited.
2022-06-01,81,Woodside Energy Group Ltd (ASX:WDS) completed the acquisition of BHP Petroleum International Pty. Ltd. from BHP Group Limited.
2022-06-01,81,Woodside Energy Group Ltd (ASX:WDS) completed the acquisition of BHP Petroleum International Pty. Ltd. from BHP Group Limited.
2022-06-01,81,Woodside Energy Group Ltd (ASX:WDS) completed the acquisition of BHP Petroleum International Pty. Ltd. from BHP Group Limited.
2022-06-01,81,Woodside Energy Group Ltd (ASX:WDS) completed the acquisition of BHP Petroleum International Pty. Ltd. from BHP Group Limited.
2022-06-01,81,Woodside Energy Group Ltd (ASX:WDS) completed the acquisition of BHP Petroleum International Pty. Ltd. from BHP Group Limited.
2022-06-01,81,Woodside Energy Group Ltd (ASX:WDS) completed the acquisition of BHP Petroleum International Pty. Ltd. from BHP Group Limited.
2022-06-02,12,Woodside Energy Group ADR – Sponsored Deleted from OTC Equity
2022-06-15,93,Woodside Energy Group Ltd has filed a Shelf Registration in the amount of $53.472 million.
2022-06-24,25,Woodside Energy Group Ltd Announces Bumi Appeal Dismissed
2022-07-20,48,"Woodside Energy Group Ltd, H1 2022 Earnings Call, Aug 30, 2022"
2022-07-20,55,"Woodside Energy Group Ltd to Report First Half, 2022 Results on Aug 30, 2022"
2022-07-20,55,"Woodside Energy Group Ltd to Report Q2, 2022 Results on Aug 30, 2022"
2022-07-20,29,Woodside Energy Group Ltd Provides Production Guidance for the Year 2022
2022-07-20,226,"Woodside Energy Group Ltd Announces Production Results for the Second Quarter Ended June 30, 2022"
2022-08-23,226,Woodside Energy Group Ltd Reports Operating Results for the First Half of 2022
2022-08-24,22,"TotalEnergies, INPEX and Woodside Join Forces to Develop a Major Offshore CO2 Sequestration Project"
2022-08-29,226,"Woodside Energy Group Ltd Reports Unaudited Consolidated Production Results for the First Half Ended June 30, 2022"
2022-08-29,28,"Woodside Energy Group Ltd Reports Earnings Results for the Half Year Ended June 30, 2022"
2022-08-29,55,"Woodside Energy Group Ltd to Report Q4, 2022 Results on Jan 25, 2023"
2022-08-30,192,Woodside Energy Group Ltd - Analyst/Investor Day
2022-09-05,65,Woodside Reportedly May Sell Gippsland Basin Assets Amid Strategic Review
2022-09-15,93,Woodside Energy Group Ltd has filed a Shelf Registration in the amount of $26.15295 million.
2022-09-25,23,Woodside Energy Group Ltd and Edl Lng Fuel To Power Pty Ltd Secures Binding LNG Supply Agreement
2022-10-19,16,Woodside Energy Group Ltd Announces Change of Additional Company Secretary
2022-10-20,226,"Woodside Energy Group Ltd Reports Production Results for the Third Quarter Ended September 30, 2022"
2022-10-20,138,"Woodside Energy Group Ltd Reports Revenue Results for the Third Quarter Ended September 30, 2022"
2022-10-20,29,Woodside Energy Group Ltd Revises Production Guidance for the Year 2022
2022-10-24,22,"LanzaTech, Inc. and Woodside Energy Group Ltd Announce Strategic Collaboration"
2022-11-07,65,Woodside Reportedly Weighs Up Options for Scarborough
2022-11-28,29,Woodside Energy Group Ltd Provides Earnings Guidance for the Full Year of 2023
2022-11-29,16,Woodside Energy Group Ltd Announces Resignation of Fiona Hick as Executive Vice President Australian Operations
2022-12-21,149,"S&P Global Inc., CERAWeek 2023, Mar 06, 2023 through Mar 10, 2023"
2022-12-21,51,"Woodside Energy Group Ltd Presents at CERAWeek 2023, Mar-06-2023"
2022-12-31,149,"Offshore Technology Conference, Inc., 2024 Offshore Technology Conference (OTC) Asia, Feb 27, 2024 through Mar 01, 2024"
2023-01-12,149,"Credit Suisse Group AG, Credit Suisse 26th Asian Investment Conference, Mar 21, 2023 through Mar 23, 2023"
2023-01-13,55,"Woodside Energy Group Ltd to Report Fiscal Year 2022 Results on Feb 27, 2023"
2023-01-15,55,"Woodside Energy Group Ltd to Report Q2, 2023 Results on Jul 19, 2023"
2023-01-15,55,"Woodside Energy Group Ltd to Report Q1, 2023 Results on Apr 21, 2023"
2023-01-15,55,"Woodside Energy Group Ltd to Report Q3, 2023 Results on Oct 18, 2023"
2023-01-17,55,"Woodside Energy Group Ltd to Report First Half, 2023 Results on Aug 22, 2023"
2023-01-18,51,"Woodside Energy Group Ltd Presents at Credit Suisse 26th Asian Investment Conference, Mar-21-2023"
2023-01-24,138,Woodside Energy Group Ltd Reports Revenue Results for the Fourth Quarter 2022
2023-01-24,138,Woodside Energy Group Ltd Reports Revenue Results for the Fourth Quarter 2022
2023-01-24,226,Woodside Energy Group Ltd Reports Production Results for the Fourth Quarter 2022
2023-01-24,138,Woodside Energy Group Ltd Reports Revenue Results for the Fourth Quarter 2022
2023-01-24,138,Woodside Energy Group Ltd Reports Revenue Results for the Fourth Quarter 2022
2023-01-24,29,Woodside Energy Group Ltd Reports Provides Production Guidance for Full-Year 2023
2023-01-25,48,"Woodside Energy Group Ltd, 2022 Earnings Call, Feb 27, 2023"
2023-02-01,149,"SynBioBeta, SynBioBeta Global Synthetic Biology Conference, May 23, 2023 through May 25, 2023"
2023-02-13,62,"Woodside Energy Group Ltd, Annual General Meeting, Apr 28, 2023"
2023-02-23,77,Woodside Energy Group Ltd Announces Amendment to the Constitution
2023-02-23,77,Woodside Energy Group Ltd Announces Amendment to the Constitution
2023-02-23,77,Woodside Energy Group Ltd Announces Amendment to the Constitution
2023-02-23,77,Woodside Energy Group Ltd Announces Amendment to the Constitution
2023-02-26,28,"Woodside Energy Group Ltd Reports Earnings Results for the Full Year Ended December 31, 2022"
2023-02-26,3,Woodside Energy Seeks M&A
2023-02-27,226,"Woodside Energy Group Ltd Reports Production Results for the Year Ended December 31, 2022"
2023-02-27,50,Woodside Energy Group Ltd - Shareholder/Analyst Call
2023-02-28,93,Woodside Energy Group Ltd has filed a Shelf Registration in the amount of $11.96 million.
2023-02-28,93,Woodside Energy Group Ltd has filed a Shelf Registration in the amount of $11.96 million.
2023-02-28,93,Woodside Energy Group Ltd has filed a Shelf Registration in the amount of $11.96 million.
2023-02-28,93,Woodside Energy Group Ltd has filed a Shelf Registration in the amount of $11.96 million.
2023-03-05,31,"Pancontinental Orange Pty Ltd Enters into an Option Deed with Woodside Energy (GOM), Inc"
2023-03-07,16,Woodside Energy Group Ltd Appoints Arnaud Francis Pierre Philippe Breuillac as Non-Executive Director
2023-03-07,16,Woodside Energy Group Ltd Announces Board Changes
2023-03-15,156,The Australasian Centre for Corporate Responsibility Submits a Shareholder Proposal to Woodside Energy Group Ltd
2023-03-20,160,Woodside Energy Group Ltd Provides Information to Shareholders
2023-03-20,77,Woodside Energy Group Ltd Proposes Amendment to the Constitution
2023-03-20,160,Woodside Energy Group Ltd Provides Information to Shareholders
2023-03-20,160,Woodside Energy Group Ltd Provides Information to Shareholders
2023-03-20,160,Woodside Energy Group Ltd Provides Information to Shareholders
2023-04-06,149,"Australian Petroleum Production and Exploration Association, APPEA 2023 Conference and Exhibition, May 15, 2023 through May 18, 2023"
2023-04-06,149,"Australian Petroleum Production and Exploration Association, APPEA 2023 Conference and Exhibition, May 15, 2023 through May 18, 2023"
2023-04-06,149,"Australian Petroleum Production and Exploration Association, APPEA 2023 Conference and Exhibition, May 15, 2023 through May 18, 2023"
2023-04-06,149,"Australian Petroleum Production and Exploration Association, APPEA 2023 Conference and Exhibition, May 15, 2023 through May 18, 2023"
2023-04-21,138,Woodside Energy Group Ltd Reports Revenue Results for the First Quarter of 2023
2023-04-21,226,Woodside Energy Group Ltd Reports Production Results for the First Quarter of 2023
2023-04-21,29,Woodside Energy Group Ltd Reaffirms Production Guidance for the Full Year 2023
2023-04-27,16,"Woodside Energy Group Ltd Appoints Liz Westcott as Executive Vice President Australian Operations, Effective 1 June 2023"
2023-05-01,16,Woodside Energy Group Ltd Approves the Election of Angela Minas as Director
2023-05-01,77,Woodside Energy Group Ltd Approves Amendment to the Constitution
2023-05-10,149,"Frontier Communications Limited, Africa Energies Summit, May 16, 2023 through May 18, 2023"
2023-05-11,51,"Woodside Energy Group Ltd Presents at Africa Energies Summit, May-16-2023"
2023-05-11,51,"Woodside Energy Group Ltd Presents at APPEA 2023 Conference and Exhibition, May-15-2023"
2023-05-15,149,"Penton Learning Systems, LLC, Methane Mitigation Global Summit 2023, Jun 20, 2023 through Jun 23, 2023"
2023-05-16,51,"Woodside Energy Group Ltd Presents at Methane Mitigation Global Summit 2023, Jun-20-2023"
2023-05-16,51,"Woodside Energy Group Ltd Presents at SynBioBeta Global Synthetic Biology Conference, May-23-2023"
2023-05-17,149,"Energy Conference Network, 9th Annual Digitalization in Oil and Gas Conference, Sep 14, 2023 through Sep 15, 2023"
2023-06-19,194,Woodside Energy Group Ltd - Special Call
2023-07-18,29,Woodside Energy Group Ltd Provides Production Guidance for the Full-Year 2023
2023-07-18,226,Woodside Energy Group Ltd. Reports Production Results for the Second Quarter of 2023
2023-07-18,48,"Woodside Energy Group Ltd, H1 2023 Earnings Call, Aug 22, 2023"
2023-07-18,138,Woodside Energy Group Ltd. Reports Revenue Results for the Second Quarter of 2023
2023-08-08,80,LJ Scarborough Pty Ltd entered into an agreement to acquire 10% stake in Scarborough Gas Project from Woodside Energy Group Ltd (ASX:WDS) $880 million.
2023-08-08,80,LJ Scarborough Pty Ltd entered into an agreement to acquire 10% stake in Scarborough Gas Project from Woodside Energy Group Ltd (ASX:WDS) $880 million.
2023-08-08,80,LJ Scarborough Pty Ltd entered into an agreement to acquire 10% stake in Scarborough Gas Project from Woodside Energy Group Ltd (ASX:WDS) $880 million.
2023-08-08,80,LJ Scarborough Pty Ltd entered into an agreement to acquire 10% stake in Scarborough Gas Project from Woodside Energy Group Ltd (ASX:WDS) for $880 million.
2023-08-08,80,LJ Scarborough Pty Ltd entered into an agreement to acquire 10% stake in Scarborough Gas Project from Woodside Energy Group Ltd (ASX:WDS) for $880 million.
2023-08-08,80,LJ Scarborough Pty Ltd entered into an agreement to acquire 10% stake in Scarborough Gas Project from Woodside Energy Group Ltd (ASX:WDS) $880 million.
2023-08-08,80,LJ Scarborough Pty Ltd entered into an agreement to acquire 10% stake in Scarborough Gas Project from Woodside Energy Group Ltd (ASX:WDS) $880 million.
2023-08-08,80,LJ Scarborough Pty Ltd entered into an agreement to acquire 10% stake in Scarborough Gas Project from Woodside Energy Group Ltd (ASX:WDS) for $880 million.
2023-08-08,80,LJ Scarborough Pty Ltd entered into an agreement to acquire 10% stake in Scarborough Gas Project from Woodside Energy Group Ltd (ASX:WDS) for $880 million.
2023-08-08,80,LJ Scarborough Pty Ltd entered into an agreement to acquire 10% stake in Scarborough Gas Project from Woodside Energy Group Ltd (ASX:WDS) $880 million.
2023-08-08,80,LJ Scarborough Pty Ltd entered into an agreement to acquire 10% stake in Scarborough Gas Project from Woodside Energy Group Ltd (ASX:WDS) $880 million.
2023-08-08,80,LJ Scarborough Pty Ltd entered into an agreement to acquire 10% stake in Scarborough Gas Project from Woodside Energy Group Ltd (ASX:WDS) for $880 million.
2023-08-08,80,LJ Scarborough Pty Ltd entered into an agreement to acquire 10% stake in Scarborough Gas Project from Woodside Energy Group Ltd (ASX:WDS) for $880 million.
2023-08-08,80,LJ Scarborough Pty Ltd entered into an agreement to acquire 10% stake in Scarborough Gas Project from Woodside Energy Group Ltd (ASX:WDS) $880 million.
2023-08-08,80,LJ Scarborough Pty Ltd entered into an agreement to acquire 10% stake in Scarborough Gas Project from Woodside Energy Group Ltd (ASX:WDS) for $880 million.
2023-08-08,80,LJ Scarborough Pty Ltd entered into an agreement to acquire 10% stake in Scarborough Gas Project from Woodside Energy Group Ltd (ASX:WDS) for $880 million.
2023-08-10,149,"Sustainable Energy Conferences Limited, U.S. Department of Energy, Hydrogen Americas Summit, Oct 02, 2023 through Oct 03, 2023"
2023-08-21,192,Woodside Energy Group Ltd - Analyst/Investor Day
2023-08-21,226,"Woodside Energy Group Ltd. Reports Production Results for the First Half Ended June 30, 2023"
2023-08-21,28,"Woodside Energy Group Ltd Reports Earnings Results for the Half Year Ended June 30, 2023"
2023-08-25,65,Woodside Reportedly Puts $1 Billion BHP Energy Projects Up for Sale
2023-08-30,206,"Woodside Energy Group Ltd Announces Trion Field Development Plan (Fdp) Approves by the Mexican Regulator, Comision Nacional De Hidrocarburos"
2023-09-01,93,Woodside Energy Group Ltd has filed a Shelf Registration in the amount of $42.984 million.
2023-09-04,51,"Woodside Energy Group Ltd Presents at 9th Annual Digitalization in Oil and Gas Conference, Sep-14-2023"
2023-09-05,149,"The Goldman Sachs Group, Inc., Goldman Sachs Energy, CleanTech & Utilities Conference, Jan 03, 2024 through Jan 05, 2024"
2023-09-14,65,Woodside Energy's Pyrenees and Macedon Oil and Gas Projects Reportedly Up for Sale through Morgan Stanley
2023-09-28,51,"Woodside Energy Group Ltd Presents at Technology & Innovation APAC 2023, Oct-31-2023 through Nov-01-2023"
2023-09-28,149,"Forrester Research, Inc., Technology & Innovation APAC 2023, Oct 31, 2023 through Nov 01, 2023"
2023-10-09,149,"S&P Global Inc., CERAWeek 2024, Mar 18, 2024 through Mar 22, 2024"
2023-10-09,149,"S&P Global Inc., CERAWeek 2024, Mar 18, 2024 through Mar 22, 2024"
2023-10-09,149,"S&P Global Inc., CERAWeek 2024, Mar 18, 2024 through Mar 22, 2024"
2023-10-09,149,"S&P Global Inc., CERAWeek 2024, Mar 18, 2024 through Mar 22, 2024"
2023-10-17,144,"Woodside Energy Group Ltd expected to report Fiscal Year 2023 results on February 16, 2024."
2023-10-18,29,Woodside Energy Group Ltd Revises Production Guidance for the Full-Year of 2023
2023-10-18,138,"Woodside Energy Group Ltd Reports Sales and Revenue Results for the Third Quarter and Year to Date Ended September 30, 2023"
2023-10-18,226,"Woodside Energy Group Ltd Reports Production Results for the Third Quarter and Year to Date Ended September 30, 2023"
2023-10-25,51,"Woodside Energy Group Ltd Presents at 2024 Offshore Technology Conference (OTC) Asia, Feb-27-2024"
2023-11-07,65,"Strike Energy Reportedly Out of Race for Oil, Gas Assets"
2023-12-07,65,Woodside Energy Response to Media Speculation
2023-12-13,51,"Woodside Energy Group Ltd Presents at Goldman Sachs Energy, CleanTech & Utilities Conference, Jan-05-2024"
2023-12-19,55,"Woodside Energy Group Ltd to Report Q4, 2023 Results on Jan 24, 2024"
2023-12-19,55,"Woodside Energy Group Ltd to Report Fiscal Year 2023 Final Results on Feb 27, 2024"
2023-12-19,55,"Woodside Energy Group Ltd to Report Q3, 2024 Results on Oct 16, 2024"
2023-12-19,55,"Woodside Energy Group Ltd to Report First Half, 2024 Results on Aug 27, 2024"
2023-12-19,55,"Woodside Energy Group Ltd to Report Q2, 2024 Results on Jul 23, 2024"
2023-12-19,55,"Woodside Energy Group Ltd to Report Q1, 2024 Results on Apr 19, 2024"
2024-01-11,149,"Amg World Ltd, Oil & Gas Automation and Technology Week, Feb 13, 2024 through Feb 14, 2024"
2024-01-18,51,"Woodside Energy Group Ltd Presents at Oil & Gas Automation and Technology Week, Feb-13-2024"
2024-01-23,16,Woodside Energy Group Ltd Announces Board Changes
2024-01-23,194,Woodside Energy Group Ltd - Special Call
2024-01-23,48,"Woodside Energy Group Ltd, 2023 Earnings Call, Feb 27, 2024"
2024-01-23,29,Woodside Energy Group Ltd. Provides Production Guidance for Full-Year 2024
2024-01-23,62,"Woodside Energy Group Ltd, Annual General Meeting, Apr 24, 2024"
2024-01-23,138,"Woodside Energy Group Ltd. Reports Sales and Revenue Results for the Fourth Quarter and Full Year Ended December 31, 2023"
2024-01-23,226,Woodside Energy Group Ltd. Reports Production Results for the Fourth Quarter and Full Year Ended 31 December 2023
2024-02-01,149,"Morgan Stanley, Morgan Stanley’s Energy & Power Conference, Mar 04, 2024 through Mar 07, 2024"
2024-02-01,149,"Morgan Stanley, Morgan Stanley Energy & Power Conference, Mar 04, 2024 through Mar 07, 2024"
2024-02-01,149,"Morgan Stanley, Morgan Stanley’s Energy & Power Conference, Mar 04, 2024 through Mar 07, 2024"
2024-02-01,149,"Morgan Stanley, Morgan Stanley Energy & Power Conference, Mar 04, 2024 through Mar 07, 2024"
2024-02-07,3,Woodside Energy Group Seeks Acquisitions
2024-02-07,65,Woodside Energy Says Merger Talks with Santos Collapsed
2024-02-07,65,Woodside Energy Says Merger Talks with Santos Collapsed
2024-02-07,65,Woodside Energy Says Merger Talks with Santos Collapsed
2024-02-07,65,Woodside Energy Says Merger Talks with Santos Collapsed
2024-02-09,65,Woodside Energy Reportedly in Talks with Energy Transfer for US LNG Supplies
2024-02-12,65,Carlyle Reportedly Lines Up for Woodside's Macedon Project
2024-02-23,80,JERA Scarborough Pty Ltd agreed to acquire a 15.1% stake in Scarborough Gas Project from Woodside Energy Group Ltd (ASX:WDS) for $740 million
2024-02-23,80,"JERA Co., Inc. agreed to acquire a stake in Scarborough Gas Project from Woodside Energy Group Ltd (ASX:WDS)."
2024-02-23,80,JERA Scarborough Pty Ltd agreed to acquire a 15.1% stake in Scarborough Gas Project from Woodside Energy Group Ltd (ASX:WDS) for $740 million
2024-02-23,80,"JERA Co., Inc. agreed to acquire a 15.1% stake in Scarborough Gas Project from Woodside Energy Group Ltd (ASX:WDS) for $740 million"
2024-02-23,80,JERA Scarborough Pty Ltd agreed to acquire 15.1% stake in Scarborough Gas Project from Woodside Energy Group Ltd (ASX:WDS) for $740 million.
2024-02-23,80,JERA Scarborough Pty Ltd agreed to acquire a 15.1% stake in Scarborough Gas Project from Woodside Energy Group Ltd (ASX:WDS) for $740 million
2024-02-23,80,JERA Scarborough Pty Ltd agreed to acquire a 15.1% stake in Scarborough Gas Project from Woodside Energy Group Ltd (ASX:WDS) for $740 million
2024-02-23,80,JERA Scarborough Pty Ltd agreed to acquire a 15.1% stake in Scarborough Gas Project from Woodside Energy Group Ltd (ASX:WDS) for $740 million
2024-02-23,80,"JERA Co., Inc. agreed to acquire a stake in Scarborough Gas Project from Woodside Energy Group Ltd (ASX:WDS)."
2024-02-23,80,JERA Scarborough Pty Ltd agreed to acquire a 15.1% stake in Scarborough Gas Project from Woodside Energy Group Ltd (ASX:WDS) for $740 million
2024-02-23,80,"JERA Co., Inc. agreed to acquire a 15.1% stake in Scarborough Gas Project from Woodside Energy Group Ltd (ASX:WDS) for $740 million"
2024-02-23,80,JERA Scarborough Pty Ltd agreed to acquire 15.1% stake in Scarborough Gas Project from Woodside Energy Group Ltd (ASX:WDS) for $740 million.
2024-02-23,80,JERA Scarborough Pty Ltd agreed to acquire a 15.1% stake in Scarborough Gas Project from Woodside Energy Group Ltd (ASX:WDS) for $740 million
2024-02-23,80,JERA Scarborough Pty Ltd agreed to acquire a 15.1% stake in Scarborough Gas Project from Woodside Energy Group Ltd (ASX:WDS) for $740 million
2024-02-23,80,JERA Scarborough Pty Ltd agreed to acquire a 15.1% stake in Scarborough Gas Project from Woodside Energy Group Ltd (ASX:WDS) for $740 million
2024-02-23,80,"JERA Co., Inc. agreed to acquire a stake in Scarborough Gas Project from Woodside Energy Group Ltd (ASX:WDS)."
2024-02-23,80,JERA Scarborough Pty Ltd agreed to acquire a 15.1% stake in Scarborough Gas Project from Woodside Energy Group Ltd (ASX:WDS) for $740 million
2024-02-23,80,"JERA Co., Inc. agreed to acquire a 15.1% stake in Scarborough Gas Project from Woodside Energy Group Ltd (ASX:WDS) for $740 million"
2024-02-23,80,JERA Scarborough Pty Ltd agreed to acquire 15.1% stake in Scarborough Gas Project from Woodside Energy Group Ltd (ASX:WDS) for $740 million.
2024-02-23,80,JERA Scarborough Pty Ltd agreed to acquire a 15.1% stake in Scarborough Gas Project from Woodside Energy Group Ltd (ASX:WDS) for $740 million
2024-02-23,80,JERA Scarborough Pty Ltd agreed to acquire a 15.1% stake in Scarborough Gas Project from Woodside Energy Group Ltd (ASX:WDS) for $740 million
2024-02-23,80,JERA Scarborough Pty Ltd agreed to acquire a 15.1% stake in Scarborough Gas Project from Woodside Energy Group Ltd (ASX:WDS) for $740 million
2024-02-23,80,"JERA Co., Inc. agreed to acquire a stake in Scarborough Gas Project from Woodside Energy Group Ltd (ASX:WDS)."
2024-02-23,80,JERA Scarborough Pty Ltd agreed to acquire a 15.1% stake in Scarborough Gas Project from Woodside Energy Group Ltd (ASX:WDS) for $740 million
2024-02-23,80,"JERA Co., Inc. agreed to acquire a 15.1% stake in Scarborough Gas Project from Woodside Energy Group Ltd (ASX:WDS) for $740 million"
2024-02-23,80,JERA Scarborough Pty Ltd agreed to acquire 15.1% stake in Scarborough Gas Project from Woodside Energy Group Ltd (ASX:WDS) for $740 million.
2024-02-23,80,JERA Scarborough Pty Ltd agreed to acquire a 15.1% stake in Scarborough Gas Project from Woodside Energy Group Ltd (ASX:WDS) for $740 million
2024-02-23,80,JERA Scarborough Pty Ltd agreed to acquire a 15.1% stake in Scarborough Gas Project from Woodside Energy Group Ltd (ASX:WDS) for $740 million
2024-02-23,80,"JERA Co., Inc. agreed to acquire a stake in Scarborough Gas Project from Woodside Energy Group Ltd (ASX:WDS)."
2024-02-23,80,JERA Scarborough Pty Ltd agreed to acquire a 15.1% stake in Scarborough Gas Project from Woodside Energy Group Ltd (ASX:WDS) for $740 million
2024-02-23,80,"JERA Co., Inc. agreed to acquire a 15.1% stake in Scarborough Gas Project from Woodside Energy Group Ltd (ASX:WDS) for $740 million"
2024-02-23,80,JERA Scarborough Pty Ltd agreed to acquire 15.1% stake in Scarborough Gas Project from Woodside Energy Group Ltd (ASX:WDS) for $740 million.
2024-02-23,80,JERA Scarborough Pty Ltd agreed to acquire a 15.1% stake in Scarborough Gas Project from Woodside Energy Group Ltd (ASX:WDS) for $740 million
2024-02-23,80,JERA Scarborough Pty Ltd agreed to acquire a 15.1% stake in Scarborough Gas Project from Woodside Energy Group Ltd (ASX:WDS) for $740 million
2024-02-23,80,JERA Scarborough Pty Ltd agreed to acquire a 15.1% stake in Scarborough Gas Project from Woodside Energy Group Ltd (ASX:WDS) for $740 million
2024-02-23,80,"JERA Co., Inc. agreed to acquire a stake in Scarborough Gas Project from Woodside Energy Group Ltd (ASX:WDS)."
2024-02-23,80,JERA Scarborough Pty Ltd agreed to acquire a 15.1% stake in Scarborough Gas Project from Woodside Energy Group Ltd (ASX:WDS) for $740 million
2024-02-23,80,"JERA Co., Inc. agreed to acquire a 15.1% stake in Scarborough Gas Project from Woodside Energy Group Ltd (ASX:WDS) for $740 million"
2024-02-23,80,JERA Scarborough Pty Ltd agreed to acquire 15.1% stake in Scarborough Gas Project from Woodside Energy Group Ltd (ASX:WDS) for $740 million.
2024-02-23,80,JERA Scarborough Pty Ltd agreed to acquire a 15.1% stake in Scarborough Gas Project from Woodside Energy Group Ltd (ASX:WDS) for $740 million
2024-02-23,80,JERA Scarborough Pty Ltd agreed to acquire a 15.1% stake in Scarborough Gas Project from Woodside Energy Group Ltd (ASX:WDS) for $740 million
2024-02-23,80,JERA Scarborough Pty Ltd agreed to acquire a 15.1% stake in Scarborough Gas Project from Woodside Energy Group Ltd (ASX:WDS) for $740 million
2024-02-26,51,"Woodside Energy Group Ltd Presents at CERAWeek 2024, Mar-18-2024 through Mar-22-2024"
2024-02-26,16,"Woodside Energy Group Ltd. Announces the Retirement of Gene Tilbrook as a Director, Effective 28 February 2024"
2024-02-26,28,"Woodside Energy Group Ltd Reports Earnings Results for the Full Year Ended December 31, 2023"
2024-02-27,50,Woodside Energy Group Ltd - Shareholder/Analyst Call
2024-02-29,93,Woodside Energy Group Ltd has filed a Shelf Registration.
2024-03-01,93,Woodside Energy Group Ltd has filed a Shelf Registration in the amount of $236.64 million.
2024-03-01,93,Woodside Energy Group Ltd has filed a Shelf Registration in the amount of $364.32 million.
2024-03-01,93,Woodside Energy Group Ltd has filed a Shelf Registration in the amount of $364.32 million.
2024-03-01,93,Woodside Energy Group Ltd has filed a Shelf Registration in the amount of $236.64 million.
2024-03-02,51,"Woodside Energy Group Ltd Presents at Morgan Stanley’s Energy & Power Conference, Mar-04-2024"
2024-03-02,51,"Woodside Energy Group Ltd Presents at Morgan Stanley’s Energy & Power Conference, Mar-04-2024"
2024-03-02,51,"Woodside Energy Group Ltd Presents at Morgan Stanley Energy & Power Conference, Mar-04-2024"
2024-03-02,51,"Woodside Energy Group Ltd Presents at Morgan Stanley Energy & Power Conference, Mar-04-2024"
2024-03-08,65,Carlyle Chief's Visit Fuels Rumours of Woodside Deal
2024-03-12,157,HESTA Calls for Appointment of New Directors at Woodside Energy
2024-03-26,81,LJ Scarborough Pty Ltd completed the acquisition of 10% stake in Scarborough Gas Project from Woodside Energy Group Ltd (ASX:WDS) for $910 million.
2024-03-26,81,LJ Scarborough Pty Ltd completed the acquisition of 10% stake in Scarborough Gas Project from Woodside Energy Group Ltd (ASX:WDS) for $910 million.
2024-03-26,81,LJ Scarborough Pty Ltd completed the acquisition of 10% stake in Scarborough Gas Project from Woodside Energy Group Ltd (ASX:WDS) for $910 million.
2024-03-26,81,LJ Scarborough Pty Ltd completed the acquisition of 10% stake in Scarborough Gas Project from Woodside Energy Group Ltd (ASX:WDS) for $910 million.
2024-04-15,65,Suitors Reportedly Surprised as Woodside Pulls Energy Assets Off the Market
2024-04-19,138,Woodside Energy Group Ltd. Reports Sales Results for the First Quarter Ended 31 March 2024
2024-04-19,41,Woodside Energy Group Ltd Announces Sangomar FPSO Receives in Senegal
2024-04-19,16,Woodside Energy Group Ltd Announces Ben Wyatt Will Chair Audit & Risk Committee
2024-04-19,138,Woodside Energy Group Ltd. Reports Sales Results for the First Quarter Ended 31 March 2024
2024-04-19,138,Woodside Energy Group Ltd. Reports Sales Results for the First Quarter Ended 31 March 2024
2024-04-19,138,Woodside Energy Group Ltd. Reports Sales Results for the First Quarter Ended 31 March 2024
2024-04-19,29,Woodside Energy Group Ltd Provides Production Guidance for the Year 2024
2024-04-19,226,Woodside Energy Group Ltd. Reports Production Results for the First Quarter Ended 31 March 2024
2024-04-24,163,Declaration of Voting Results by Woodside Energy
2024-04-24,149,"Australian Energy Producers, Australian Energy Producers Conference 2024, May 20, 2024 through May 23, 2024"
2024-04-26,16,Woodside Energy Group Ltd Announces the Cessation of Frank Charles Cooper as Director
2024-05-21,51,"Woodside Energy Group Ltd Presents at Australian Energy Producers Conference 2024, May-21-2024"
2024-06-03,16,"Woodside Energy Group Appoints Anthony (Tony) O’Neill as Non Executive Director, Effective 3 June 2024"
2024-06-10,194,Woodside Energy Group Ltd - Special Call
2024-06-11,41,Woodside Energy Group Ltd Achieves First Oil At Sangomar in Senegal
2024-06-24,83,"Oakbio, Inc. announced that it expects to receive funding from SOSV Investments LLC"
2024-06-24,83,"Oakbio, Inc. announced that it has received funding from SOSV Investments LLC"
2024-06-24,83,"Oakbio, Inc. announced that it expects to receive funding from SOSV Investments LLC"
2024-06-24,83,"Oakbio, Inc. announced that it expects to receive funding from a group of investors"
2024-06-24,83,"Oakbio, Inc. announced that it expects to receive funding from SOSV Investments LLC"
2024-06-24,83,"Oakbio, Inc. announced that it has received funding from SOSV Investments LLC"
2024-06-24,83,"Oakbio, Inc. announced that it expects to receive funding from SOSV Investments LLC"
2024-06-24,83,"Oakbio, Inc. announced that it expects to receive funding from a group of investors"
2024-06-24,83,"Oakbio, Inc. announced that it expects to receive funding from SOSV Investments LLC"
2024-06-24,83,"Oakbio, Inc. announced that it expects to receive funding from SOSV Investments LLC"
2024-06-24,83,"Oakbio, Inc. announced that it has received funding from SOSV Investments LLC"
2024-06-24,83,"Oakbio, Inc. announced that it expects to receive funding from SOSV Investments LLC"
2024-06-24,83,"Oakbio, Inc. announced that it expects to receive funding from a group of investors"
2024-06-24,83,"Oakbio, Inc. announced that it expects to receive funding from SOSV Investments LLC"
2024-06-24,83,"Oakbio, Inc. announced that it expects to receive funding from SOSV Investments LLC"
2024-07-08,83,"KC8 Capture Technologies announced that it has received AUD 10 million in funding from CEMEX Ventures, Woodside Energy Group Ltd and other investors"
2024-07-08,83,"KC8 Capture Technologies announced that it has received AUD 10 million in funding from CEMEX Ventures, Woodside Energy Group Ltd"
2024-07-08,83,"KC8 Capture Technologies announced that it has received AUD 10 million in funding from CEMEX Ventures, Woodside Energy Group Ltd and other investors"
2024-07-08,83,"KC8 Capture Technologies announced that it has received AUD 10 million in funding from CEMEX Ventures, Woodside Energy Group Ltd"
2024-07-09,83,NovoNutrients announced that it expects to receive $10.3 million in funding from a group of investors
2024-07-09,83,"NovoNutrients announced that it has received $18 million in funding from Woodside Energy Group Ltd, CM Venture LLC"
2024-07-09,83,"NovoNutrients announced that it has received $18 million in funding from Woodside Energy Group Ltd, CM Venture LLC"
2024-07-09,83,NovoNutrients announced that it expects to receive $10.3 million in funding from a group of investors
2024-07-09,83,NovoNutrients announced that it expects to receive funding from a group of investors
2024-07-09,83,"NovoNutrients announced that it has received $18 million in funding from Woodside Energy Group Ltd, CM Venture LLC"
2024-07-09,83,NovoNutrients announced that it expects to receive funding from a group of investors
2024-07-09,83,"NovoNutrients announced that it has received $18 million in funding from Woodside Energy Group Ltd, CM Venture LLC"
2024-07-09,83,NovoNutrients announced that it expects to receive funding from a group of investors
2024-07-09,83,NovoNutrients announced that it expects to receive $10.3 million in funding from a group of investors
2024-07-09,83,"NovoNutrients announced that it has received $18 million in funding from Woodside Energy Group Ltd, CM Venture LLC"
2024-07-09,83,"NovoNutrients announced that it has received $18 million in funding from Woodside Energy Group Ltd, CM Venture LLC"
2024-07-09,83,NovoNutrients announced that it expects to receive funding from a group of investors
2024-07-09,83,NovoNutrients announced that it expects to receive $10.3 million in funding from a group of investors
2024-07-09,83,"NovoNutrients announced that it has received $18 million in funding from Woodside Energy Group Ltd, CM Venture LLC"
2024-07-09,83,"NovoNutrients announced that it has received $18 million in funding from Woodside Energy Group Ltd, CM Venture LLC"
2024-07-10,149,"Energy Market Authority, 17th Singapore International Energy Week, Oct 21, 2024 through Oct 25, 2024"
2024-07-10,51,"Woodside Energy Group Ltd Presents at 17th Singapore International Energy Week, Oct-21-2024"
2024-07-21,80,Woodside Energy Group Ltd (ASX:WDS) entered into a definitive agreement to acquire Tellurian Inc. (NYSEAM:TELL) for approximately $860 million.
2024-07-21,80,Woodside Energy Group Ltd (ASX:WDS) entered into a definitive agreement to acquire Tellurian Inc. (NYSEAM:TELL) for approximately $860 million.
2024-07-21,80,Woodside Energy Group Ltd (ASX:WDS) entered into a definitive agreement to acquire Tellurian Inc. (NYSEAM:TELL) for $900 million.
2024-07-21,80,Woodside Energy Group Ltd (ASX:WDS) entered into a definitive agreement to acquire Tellurian Inc. (NYSEAM:TELL) for approximately $860 million.
2024-07-21,80,Woodside Energy Group Ltd (ASX:WDS) entered into a definitive agreement to acquire Tellurian Inc. (NYSEAM:TELL) for approximately $880 million.
2024-07-21,80,Woodside Energy Group Ltd (ASX:WDS) entered into a definitive agreement to acquire Tellurian Inc. (NYSEAM:TELL) for approximately $860 million.
2024-07-21,80,Woodside Energy Group Ltd (ASX:WDS) entered into a definitive agreement to acquire Tellurian Inc. (NYSEAM:TELL) for approximately $860 million.
2024-07-21,80,"Woodside Energy Group Ltd (ASX:WDS) entered into a definitive agreement to acquire Tellurian Inc. (NYSEAM:TELL) from Chatterjee Fund Management L P, State Street Corporation (NYSE:STT), BlackRock, Inc. (NYSE:BLK) and others for approximately $860 million."
2024-07-21,80,Woodside Energy Group Ltd (ASX:WDS) entered into a definitive agreement to acquire Tellurian Inc. (NYSEAM:TELL) for approximately $860 million.
2024-07-21,80,"Woodside Energy Group Ltd (ASX:WDS) entered into a definitive agreement to acquire Tellurian Inc. (NYSEAM:TELL) from Chatterjee Fund Management L P, State Street Corporation (NYSE:STT), BlackRock, Inc. (NYSE:BLK) and others for approximately $860 million."
2024-07-21,80,Woodside Energy Group Ltd (ASX:WDS) entered into a definitive agreement to acquire Tellurian Inc. (NYSEAM:TELL) for approximately $860 million.
2024-07-21,80,Woodside Energy Group Ltd (ASX:WDS) entered into a definitive agreement to acquire Tellurian Inc. (NYSEAM:TELL) for approximately $860 million.
2024-07-21,80,Woodside Energy Group Ltd (ASX:WDS) entered into a definitive agreement to acquire Tellurian Inc. (NYSEAM:TELL) for approximately $860 million.
2024-07-21,80,Woodside Energy Group Ltd (ASX:WDS) entered into a definitive agreement to acquire Tellurian Inc. (NYSEAM:TELL) for $900 million.
2024-07-21,80,Woodside Energy Group Ltd (ASX:WDS) entered into a definitive agreement to acquire Tellurian Inc. (NYSEAM:TELL) for approximately $860 million.
2024-07-21,80,Woodside Energy Group Ltd (ASX:WDS) entered into a definitive agreement to acquire Tellurian Inc. (NYSEAM:TELL) for approximately $880 million.
2024-07-21,80,Woodside Energy Group Ltd (ASX:WDS) entered into a definitive agreement to acquire Tellurian Inc. (NYSEAM:TELL) for approximately $860 million.
2024-07-21,80,Woodside Energy Group Ltd (ASX:WDS) entered into a definitive agreement to acquire Tellurian Inc. (NYSEAM:TELL) for approximately $860 million.
2024-07-21,80,"Woodside Energy Group Ltd (ASX:WDS) entered into a definitive agreement to acquire Tellurian Inc. (NYSEAM:TELL) from Chatterjee Fund Management L P, State Street Corporation (NYSE:STT), BlackRock, Inc. (NYSE:BLK) and others for approximately $860 million."
2024-07-21,80,Woodside Energy Group Ltd (ASX:WDS) entered into a definitive agreement to acquire Tellurian Inc. (NYSEAM:TELL) for approximately $860 million.
2024-07-21,80,"Woodside Energy Group Ltd (ASX:WDS) entered into a definitive agreement to acquire Tellurian Inc. (NYSEAM:TELL) from Chatterjee Fund Management L P, State Street Corporation (NYSE:STT), BlackRock, Inc. (NYSE:BLK) and others for approximately $860 million."
2024-07-21,80,Woodside Energy Group Ltd (ASX:WDS) entered into a definitive agreement to acquire Tellurian Inc. (NYSEAM:TELL) for approximately $860 million.
2024-07-21,80,Woodside Energy Group Ltd (ASX:WDS) entered into a definitive agreement to acquire Tellurian Inc. (NYSEAM:TELL) for approximately $860 million.
2024-07-21,80,Woodside Energy Group Ltd (ASX:WDS) entered into a definitive agreement to acquire Tellurian Inc. (NYSEAM:TELL) for approximately $860 million.
2024-07-21,80,Woodside Energy Group Ltd (ASX:WDS) entered into a definitive agreement to acquire Tellurian Inc. (NYSEAM:TELL) for $900 million.
2024-07-21,80,Woodside Energy Group Ltd (ASX:WDS) entered into a definitive agreement to acquire Tellurian Inc. (NYSEAM:TELL) for approximately $880 million.
2024-07-21,80,Woodside Energy Group Ltd (ASX:WDS) entered into a definitive agreement to acquire Tellurian Inc. (NYSEAM:TELL) for approximately $860 million.
2024-07-21,80,Woodside Energy Group Ltd (ASX:WDS) entered into a definitive agreement to acquire Tellurian Inc. (NYSEAM:TELL) for approximately $860 million.
2024-07-21,80,"Woodside Energy Group Ltd (ASX:WDS) entered into a definitive agreement to acquire Tellurian Inc. (NYSEAM:TELL) from Chatterjee Fund Management L P, State Street Corporation (NYSE:STT), BlackRock, Inc. (NYSE:BLK) and others for approximately $860 million."
2024-07-21,80,Woodside Energy Group Ltd (ASX:WDS) entered into a definitive agreement to acquire Tellurian Inc. (NYSEAM:TELL) for approximately $860 million.
2024-07-21,80,"Woodside Energy Group Ltd (ASX:WDS) entered into a definitive agreement to acquire Tellurian Inc. (NYSEAM:TELL) from Chatterjee Fund Management L P, State Street Corporation (NYSE:STT), BlackRock, Inc. (NYSE:BLK) and others for approximately $860 million."
2024-07-21,80,Woodside Energy Group Ltd (ASX:WDS) entered into a definitive agreement to acquire Tellurian Inc. (NYSEAM:TELL) for approximately $860 million.
2024-07-21,80,Woodside Energy Group Ltd (ASX:WDS) entered into a definitive agreement to acquire Tellurian Inc. (NYSEAM:TELL) for approximately $860 million.
2024-07-21,80,Woodside Energy Group Ltd (ASX:WDS) entered into a definitive agreement to acquire Tellurian Inc. (NYSEAM:TELL) for approximately $860 million.
2024-07-21,80,Woodside Energy Group Ltd (ASX:WDS) entered into a definitive agreement to acquire Tellurian Inc. (NYSEAM:TELL) for $900 million.
2024-07-21,80,Woodside Energy Group Ltd (ASX:WDS) entered into a definitive agreement to acquire Tellurian Inc. (NYSEAM:TELL) for approximately $860 million.
2024-07-21,80,Woodside Energy Group Ltd (ASX:WDS) entered into a definitive agreement to acquire Tellurian Inc. (NYSEAM:TELL) for approximately $880 million.
2024-07-21,80,Woodside Energy Group Ltd (ASX:WDS) entered into a definitive agreement to acquire Tellurian Inc. (NYSEAM:TELL) for approximately $860 million.
2024-07-21,80,Woodside Energy Group Ltd (ASX:WDS) entered into a definitive agreement to acquire Tellurian Inc. (NYSEAM:TELL) for approximately $860 million.
2024-07-21,80,"Woodside Energy Group Ltd (ASX:WDS) entered into a definitive agreement to acquire Tellurian Inc. (NYSEAM:TELL) from Chatterjee Fund Management L P, State Street Corporation (NYSE:STT), BlackRock, Inc. (NYSE:BLK) and others for approximately $860 million."
2024-07-21,80,Woodside Energy Group Ltd (ASX:WDS) entered into a definitive agreement to acquire Tellurian Inc. (NYSEAM:TELL) for approximately $860 million.
2024-07-21,80,"Woodside Energy Group Ltd (ASX:WDS) entered into a definitive agreement to acquire Tellurian Inc. (NYSEAM:TELL) from Chatterjee Fund Management L P, State Street Corporation (NYSE:STT), BlackRock, Inc. (NYSE:BLK) and others for approximately $860 million."
2024-07-21,80,Woodside Energy Group Ltd (ASX:WDS) entered into a definitive agreement to acquire Tellurian Inc. (NYSEAM:TELL) for approximately $860 million.
2024-07-21,80,Woodside Energy Group Ltd (ASX:WDS) entered into a definitive agreement to acquire Tellurian Inc. (NYSEAM:TELL) for approximately $860 million.
2024-07-21,80,Woodside Energy Group Ltd (ASX:WDS) entered into a definitive agreement to acquire Tellurian Inc. (NYSEAM:TELL) for approximately $860 million.
2024-07-21,80,Woodside Energy Group Ltd (ASX:WDS) entered into a definitive agreement to acquire Tellurian Inc. (NYSEAM:TELL) for $900 million.
2024-07-21,80,Woodside Energy Group Ltd (ASX:WDS) entered into a definitive agreement to acquire Tellurian Inc. (NYSEAM:TELL) for approximately $860 million.
2024-07-21,80,Woodside Energy Group Ltd (ASX:WDS) entered into a definitive agreement to acquire Tellurian Inc. (NYSEAM:TELL) for approximately $880 million.
2024-07-21,80,Woodside Energy Group Ltd (ASX:WDS) entered into a definitive agreement to acquire Tellurian Inc. (NYSEAM:TELL) for approximately $860 million.
2024-07-21,80,Woodside Energy Group Ltd (ASX:WDS) entered into a definitive agreement to acquire Tellurian Inc. (NYSEAM:TELL) for approximately $860 million.
2024-07-21,80,"Woodside Energy Group Ltd (ASX:WDS) entered into a definitive agreement to acquire Tellurian Inc. (NYSEAM:TELL) from Chatterjee Fund Management L P, State Street Corporation (NYSE:STT), BlackRock, Inc. (NYSE:BLK) and others for approximately $860 million."
2024-07-21,80,Woodside Energy Group Ltd (ASX:WDS) entered into a definitive agreement to acquire Tellurian Inc. (NYSEAM:TELL) for approximately $860 million.
2024-07-21,80,"Woodside Energy Group Ltd (ASX:WDS) entered into a definitive agreement to acquire Tellurian Inc. (NYSEAM:TELL) from Chatterjee Fund Management L P, State Street Corporation (NYSE:STT), BlackRock, Inc. (NYSE:BLK) and others for approximately $860 million."
2024-07-21,80,Woodside Energy Group Ltd (ASX:WDS) entered into a definitive agreement to acquire Tellurian Inc. (NYSEAM:TELL) for approximately $860 million.
2024-07-21,80,Woodside Energy Group Ltd (ASX:WDS) entered into a definitive agreement to acquire Tellurian Inc. (NYSEAM:TELL) for approximately $860 million.
2024-07-21,80,Woodside Energy Group Ltd (ASX:WDS) entered into a definitive agreement to acquire Tellurian Inc. (NYSEAM:TELL) for approximately $860 million.
2024-07-21,80,Woodside Energy Group Ltd (ASX:WDS) entered into a definitive agreement to acquire Tellurian Inc. (NYSEAM:TELL) for $900 million.
2024-07-21,80,Woodside Energy Group Ltd (ASX:WDS) entered into a definitive agreement to acquire Tellurian Inc. (NYSEAM:TELL) for approximately $860 million.
2024-07-21,80,Woodside Energy Group Ltd (ASX:WDS) entered into a definitive agreement to acquire Tellurian Inc. (NYSEAM:TELL) for approximately $880 million.
2024-07-21,80,Woodside Energy Group Ltd (ASX:WDS) entered into a definitive agreement to acquire Tellurian Inc. (NYSEAM:TELL) for approximately $860 million.
2024-07-21,80,Woodside Energy Group Ltd (ASX:WDS) entered into a definitive agreement to acquire Tellurian Inc. (NYSEAM:TELL) for approximately $860 million.
2024-07-21,80,"Woodside Energy Group Ltd (ASX:WDS) entered into a definitive agreement to acquire Tellurian Inc. (NYSEAM:TELL) from Chatterjee Fund Management L P, State Street Corporation (NYSE:STT), BlackRock, Inc. (NYSE:BLK) and others for approximately $860 million."
2024-07-21,80,Woodside Energy Group Ltd (ASX:WDS) entered into a definitive agreement to acquire Tellurian Inc. (NYSEAM:TELL) for approximately $860 million.
2024-07-21,80,"Woodside Energy Group Ltd (ASX:WDS) entered into a definitive agreement to acquire Tellurian Inc. (NYSEAM:TELL) from Chatterjee Fund Management L P, State Street Corporation (NYSE:STT), BlackRock, Inc. (NYSE:BLK) and others for approximately $860 million."
2024-07-21,80,Woodside Energy Group Ltd (ASX:WDS) entered into a definitive agreement to acquire Tellurian Inc. (NYSEAM:TELL) for approximately $860 million.
2024-07-21,80,Woodside Energy Group Ltd (ASX:WDS) entered into a definitive agreement to acquire Tellurian Inc. (NYSEAM:TELL) for approximately $860 million.
2024-07-21,80,Woodside Energy Group Ltd (ASX:WDS) entered into a definitive agreement to acquire Tellurian Inc. (NYSEAM:TELL) for approximately $860 million.
2024-07-21,52,"Tellurian Inc., Woodside Energy Group Ltd - M&A Call"
2024-07-21,52,"Tellurian Inc., Woodside Energy Group Ltd - M&A Call"
2024-07-21,52,"Tellurian Inc., Woodside Energy Group Ltd - M&A Call"
2024-07-21,52,"Tellurian Inc., Woodside Energy Group Ltd - M&A Call"
2024-07-21,80,Woodside Energy Group Ltd (ASX:WDS) entered into a definitive agreement to acquire Tellurian Inc. (NYSEAM:TELL) for $900 million.
2024-07-21,80,Woodside Energy Group Ltd (ASX:WDS) entered into a definitive agreement to acquire Tellurian Inc. (NYSEAM:TELL) for approximately $860 million.
2024-07-21,80,Woodside Energy Group Ltd (ASX:WDS) entered into a definitive agreement to acquire Tellurian Inc. (NYSEAM:TELL) for approximately $880 million.
2024-07-21,80,Woodside Energy Group Ltd (ASX:WDS) entered into a definitive agreement to acquire Tellurian Inc. (NYSEAM:TELL) for approximately $860 million.
2024-07-21,80,Woodside Energy Group Ltd (ASX:WDS) entered into a definitive agreement to acquire Tellurian Inc. (NYSEAM:TELL) for approximately $860 million.
2024-07-21,80,"Woodside Energy Group Ltd (ASX:WDS) entered into a definitive agreement to acquire Tellurian Inc. (NYSEAM:TELL) from Chatterjee Fund Management L P, State Street Corporation (NYSE:STT), BlackRock, Inc. (NYSE:BLK) and others for approximately $860 million."
2024-07-21,80,Woodside Energy Group Ltd (ASX:WDS) entered into a definitive agreement to acquire Tellurian Inc. (NYSEAM:TELL) for approximately $860 million.
2024-07-21,80,"Woodside Energy Group Ltd (ASX:WDS) entered into a definitive agreement to acquire Tellurian Inc. (NYSEAM:TELL) from Chatterjee Fund Management L P, State Street Corporation (NYSE:STT), BlackRock, Inc. (NYSE:BLK) and others for approximately $860 million."
2024-07-21,80,Woodside Energy Group Ltd (ASX:WDS) entered into a definitive agreement to acquire Tellurian Inc. (NYSEAM:TELL) for approximately $860 million.
2024-07-21,80,Woodside Energy Group Ltd (ASX:WDS) entered into a definitive agreement to acquire Tellurian Inc. (NYSEAM:TELL) for approximately $860 million.
2024-07-21,80,Woodside Energy Group Ltd (ASX:WDS) entered into a definitive agreement to acquire Tellurian Inc. (NYSEAM:TELL) for approximately $860 million.
2024-07-21,80,Woodside Energy Group Ltd (ASX:WDS) entered into a definitive agreement to acquire Tellurian Inc. (NYSEAM:TELL) for $900 million.
2024-07-21,80,Woodside Energy Group Ltd (ASX:WDS) entered into a definitive agreement to acquire Tellurian Inc. (NYSEAM:TELL) for approximately $860 million.
2024-07-21,80,Woodside Energy Group Ltd (ASX:WDS) entered into a definitive agreement to acquire Tellurian Inc. (NYSEAM:TELL) for approximately $880 million.
2024-07-21,80,Woodside Energy Group Ltd (ASX:WDS) entered into a definitive agreement to acquire Tellurian Inc. (NYSEAM:TELL) for approximately $860 million.
2024-07-21,80,Woodside Energy Group Ltd (ASX:WDS) entered into a definitive agreement to acquire Tellurian Inc. (NYSEAM:TELL) for approximately $860 million.
2024-07-21,80,"Woodside Energy Group Ltd (ASX:WDS) entered into a definitive agreement to acquire Tellurian Inc. (NYSEAM:TELL) from Chatterjee Fund Management L P, State Street Corporation (NYSE:STT), BlackRock, Inc. (NYSE:BLK) and others for approximately $860 million."
2024-07-21,80,Woodside Energy Group Ltd (ASX:WDS) entered into a definitive agreement to acquire Tellurian Inc. (NYSEAM:TELL) for approximately $860 million.
2024-07-21,80,"Woodside Energy Group Ltd (ASX:WDS) entered into a definitive agreement to acquire Tellurian Inc. (NYSEAM:TELL) from Chatterjee Fund Management L P, State Street Corporation (NYSE:STT), BlackRock, Inc. (NYSE:BLK) and others for approximately $860 million."
2024-07-21,80,Woodside Energy Group Ltd (ASX:WDS) entered into a definitive agreement to acquire Tellurian Inc. (NYSEAM:TELL) for approximately $860 million.
2024-07-21,80,Woodside Energy Group Ltd (ASX:WDS) entered into a definitive agreement to acquire Tellurian Inc. (NYSEAM:TELL) for approximately $860 million.
2024-07-21,80,Woodside Energy Group Ltd (ASX:WDS) entered into a definitive agreement to acquire Tellurian Inc. (NYSEAM:TELL) for approximately $860 million.
2024-07-21,80,Woodside Energy Group Ltd (ASX:WDS) entered into a definitive agreement to acquire Tellurian Inc. (NYSEAM:TELL) for $900 million.
2024-07-21,80,Woodside Energy Group Ltd (ASX:WDS) entered into a definitive agreement to acquire Tellurian Inc. (NYSEAM:TELL) for approximately $860 million.
2024-07-21,80,Woodside Energy Group Ltd (ASX:WDS) entered into a definitive agreement to acquire Tellurian Inc. (NYSEAM:TELL) for approximately $880 million.
2024-07-21,80,Woodside Energy Group Ltd (ASX:WDS) entered into a definitive agreement to acquire Tellurian Inc. (NYSEAM:TELL) for approximately $860 million.
2024-07-21,80,Woodside Energy Group Ltd (ASX:WDS) entered into a definitive agreement to acquire Tellurian Inc. (NYSEAM:TELL) for approximately $860 million.
2024-07-21,80,"Woodside Energy Group Ltd (ASX:WDS) entered into a definitive agreement to acquire Tellurian Inc. (NYSEAM:TELL) from Chatterjee Fund Management L P, State Street Corporation (NYSE:STT), BlackRock, Inc. (NYSE:BLK) and others for approximately $860 million."
2024-07-21,80,Woodside Energy Group Ltd (ASX:WDS) entered into a definitive agreement to acquire Tellurian Inc. (NYSEAM:TELL) for approximately $860 million.
2024-07-21,80,"Woodside Energy Group Ltd (ASX:WDS) entered into a definitive agreement to acquire Tellurian Inc. (NYSEAM:TELL) from Chatterjee Fund Management L P, State Street Corporation (NYSE:STT), BlackRock, Inc. (NYSE:BLK) and others for approximately $860 million."
2024-07-21,80,Woodside Energy Group Ltd (ASX:WDS) entered into a definitive agreement to acquire Tellurian Inc. (NYSEAM:TELL) for approximately $860 million.
2024-07-21,80,Woodside Energy Group Ltd (ASX:WDS) entered into a definitive agreement to acquire Tellurian Inc. (NYSEAM:TELL) for approximately $860 million.
2024-07-21,80,Woodside Energy Group Ltd (ASX:WDS) entered into a definitive agreement to acquire Tellurian Inc. (NYSEAM:TELL) for approximately $860 million.
2024-07-21,80,Woodside Energy Group Ltd (ASX:WDS) entered into a definitive agreement to acquire Tellurian Inc. (NYSEAM:TELL) for $900 million.
2024-07-21,80,Woodside Energy Group Ltd (ASX:WDS) entered into a definitive agreement to acquire Tellurian Inc. (NYSEAM:TELL) for approximately $860 million.
2024-07-21,80,Woodside Energy Group Ltd (ASX:WDS) entered into a definitive agreement to acquire Tellurian Inc. (NYSEAM:TELL) for approximately $880 million.
2024-07-21,80,Woodside Energy Group Ltd (ASX:WDS) entered into a definitive agreement to acquire Tellurian Inc. (NYSEAM:TELL) for approximately $860 million.
2024-07-21,80,Woodside Energy Group Ltd (ASX:WDS) entered into a definitive agreement to acquire Tellurian Inc. (NYSEAM:TELL) for approximately $860 million.
2024-07-21,80,"Woodside Energy Group Ltd (ASX:WDS) entered into a definitive agreement to acquire Tellurian Inc. (NYSEAM:TELL) from Chatterjee Fund Management L P, State Street Corporation (NYSE:STT), BlackRock, Inc. (NYSE:BLK) and others for approximately $860 million."
2024-07-21,80,Woodside Energy Group Ltd (ASX:WDS) entered into a definitive agreement to acquire Tellurian Inc. (NYSEAM:TELL) for approximately $860 million.
2024-07-21,80,"Woodside Energy Group Ltd (ASX:WDS) entered into a definitive agreement to acquire Tellurian Inc. (NYSEAM:TELL) from Chatterjee Fund Management L P, State Street Corporation (NYSE:STT), BlackRock, Inc. (NYSE:BLK) and others for approximately $860 million."
2024-07-21,80,Woodside Energy Group Ltd (ASX:WDS) entered into a definitive agreement to acquire Tellurian Inc. (NYSEAM:TELL) for approximately $860 million.
2024-07-21,80,Woodside Energy Group Ltd (ASX:WDS) entered into a definitive agreement to acquire Tellurian Inc. (NYSEAM:TELL) for approximately $860 million.
2024-07-21,80,Woodside Energy Group Ltd (ASX:WDS) entered into a definitive agreement to acquire Tellurian Inc. (NYSEAM:TELL) for approximately $860 million.
2024-07-21,80,Woodside Energy Group Ltd (ASX:WDS) entered into a definitive agreement to acquire Tellurian Inc. (NYSEAM:TELL) for $900 million.
2024-07-21,80,Woodside Energy Group Ltd (ASX:WDS) entered into a definitive agreement to acquire Tellurian Inc. (NYSEAM:TELL) for approximately $860 million.
2024-07-21,80,Woodside Energy Group Ltd (ASX:WDS) entered into a definitive agreement to acquire Tellurian Inc. (NYSEAM:TELL) for approximately $880 million.
2024-07-21,80,Woodside Energy Group Ltd (ASX:WDS) entered into a definitive agreement to acquire Tellurian Inc. (NYSEAM:TELL) for approximately $860 million.
2024-07-21,80,Woodside Energy Group Ltd (ASX:WDS) entered into a definitive agreement to acquire Tellurian Inc. (NYSEAM:TELL) for approximately $860 million.
2024-07-21,80,"Woodside Energy Group Ltd (ASX:WDS) entered into a definitive agreement to acquire Tellurian Inc. (NYSEAM:TELL) from Chatterjee Fund Management L P, State Street Corporation (NYSE:STT), BlackRock, Inc. (NYSE:BLK) and others for approximately $860 million."
2024-07-21,80,Woodside Energy Group Ltd (ASX:WDS) entered into a definitive agreement to acquire Tellurian Inc. (NYSEAM:TELL) for approximately $860 million.
2024-07-21,80,"Woodside Energy Group Ltd (ASX:WDS) entered into a definitive agreement to acquire Tellurian Inc. (NYSEAM:TELL) from Chatterjee Fund Management L P, State Street Corporation (NYSE:STT), BlackRock, Inc. (NYSE:BLK) and others for approximately $860 million."
2024-07-21,80,Woodside Energy Group Ltd (ASX:WDS) entered into a definitive agreement to acquire Tellurian Inc. (NYSEAM:TELL) for approximately $860 million.
2024-07-21,80,Woodside Energy Group Ltd (ASX:WDS) entered into a definitive agreement to acquire Tellurian Inc. (NYSEAM:TELL) for approximately $860 million.
2024-07-22,48,"Woodside Energy Group Ltd, H1 2024 Earnings Call, Aug 27, 2024"
2024-07-23,138,"Woodside Energy Group Ltd. Reports Sales and Revenue Results for the Second Quarter and Year to Date Ended June 30, 2024"
2024-07-23,226,"Woodside Energy Group Ltd. Reports Production Results for the Second Quarter and Year to Date Ended June 30, 2024"
2024-07-24,83,"Oakbio, Inc. announced that it has received $17.284998 million in funding from a group of investors"
2024-07-24,83,"Oakbio, Inc. announces tranche update"
2024-07-24,83,"Oakbio, Inc. announced that it has received $17.284998 million in funding from a group of investors"
2024-07-24,83,"Oakbio, Inc. announced that it has received $17.284998 million in funding from a group of investors"
2024-07-24,83,"Oakbio, Inc. announces tranche update"
2024-07-24,83,"Oakbio, Inc. announced that it has received $17.284998 million in funding from a group of investors"
2024-08-03,194,Woodside Energy Group Ltd - Shareholder/Analyst Call
2024-08-03,194,Woodside Energy Group Ltd - Special Call
2024-08-03,50,Woodside Energy Group Ltd - Shareholder/Analyst Call
2024-08-03,50,Woodside Energy Group Ltd - Special Call
2024-08-03,50,Woodside Energy Group Ltd - Shareholder/Analyst Call
2024-08-03,50,Woodside Energy Group Ltd - Special Call
2024-08-05,52,"Woodside Energy Group Ltd, OCI N.V. - M&A Call"
2024-08-05,80,"Woodside Energy Group Ltd (ASX:WDS) reached an agreement to acquire 1.1 million metric tonnes Clean Ammonia project under construction in Beaumont, Texas from OCI N.V. (ENXTAM:OCI) for $2.4 billion."
2024-08-05,80,"Woodside Energy Group Ltd (ASX:WDS) reached an agreement to acquire 1.1 million metric tonnes Clean Ammonia project under construction in Beaumont, Texas from OCI N.V. (ENXTAM:OCI) for $2.4 billion."
2024-08-05,80,"Woodside Energy Group Ltd (ASX:WDS) reached an agreement to acquire 1.1 million metric tonnes Clean Ammonia project under construction in Beaumont, Texas from OCI N.V. (ENXTAM:OCI) for $2.4 billion."
2024-08-05,80,"Woodside Energy Group Ltd (ASX:WDS) reached an agreement to acquire 1.1 million metric tonnes Clean Ammonia project under construction in Beaumont, Texas from OCI N.V. (ENXTAM:OCI) for $2.4 billion."
2024-08-05,80,"Woodside Energy Group Ltd (ASX:WDS) reached an agreement to acquire 1.1 million metric tonnes Clean Ammonia project under construction in Beaumont, Texas from OCI N.V. (ENXTAM:OCI) for $2.4 billion."
2024-08-05,80,"Woodside Energy Group Ltd (ASX:WDS) reached an agreement to acquire 1.1 million metric tonnes Clean Ammonia project under construction in Beaumont, Texas from OCI N.V. (ENXTAM:OCI) for $2.4 billion."
2024-08-05,80,"Woodside Energy Group Ltd (ASX:WDS) reached an agreement to acquire 1.1 million metric tonnes Clean Ammonia project under construction in Beaumont, Texas from OCI N.V. (ENXTAM:OCI) for $2.4 billion."
2024-08-05,80,"Woodside Energy Group Ltd (ASX:WDS) reached an agreement to acquire 1.1 million metric tonnes Clean Ammonia project under construction in Beaumont, Texas from OCI N.V. (ENXTAM:OCI) for $2.4 billion."
2024-08-05,80,"Woodside Energy Group Ltd (ASX:WDS) reached an agreement to acquire 1.1 million metric tonnes Clean Ammonia project under construction in Beaumont, Texas from OCI N.V. (ENXTAM:OCI) for $2.4 billion."
2024-08-05,52,"OCI N.V., Q2 2024 Earnings Call, Aug 05, 2024"
2024-08-05,52,OCI N.V. - Special Call
2024-08-05,52,"OCI N.V., Woodside Energy Group Ltd - M&A Call"
2024-08-26,28,"Woodside Energy Group Ltd Reports Earnings Results for the Half Year Ended June 30, 2024"
2024-08-27,16,Woodside Energy Group Ltd Announces Executive Changes
2024-08-30,29,Woodside Energy Group Ltd Provides Production Guidance for the Full Year of 2024
2024-08-30,226,"Woodside Energy Group Ltd Reports Unaudited Consolidated Production Results for the First Half Ended June 30, 2024"
2024-09-09,149,"Oil Price Information Service, LLC, World Chemical Forum, Sep 09, 2024 through Sep 11, 2024"
2024-09-09,51,"Woodside Energy Group Ltd Presents at World Chemical Forum, Sep-09-2024"
2024-09-30,31,Woodside Energy Group Ltd. Completes the Acquisition of 100% of OCI Clean Ammonia Holding B.V
2024-09-30,81,"Woodside Energy Group Ltd (ASX:WDS) completed the acquisition of 1.1 million metric tonnes Clean Ammonia project under construction in Beaumont, Texas from OCI N.V. (ENXTAM:OCI)."
2024-09-30,81,"Woodside Energy Group Ltd (ASX:WDS) completed the acquisition of 1.1 million metric tonnes Clean Ammonia project under construction in Beaumont, Texas from OCI N.V. (ENXTAM:OCI)."
2024-09-30,81,"Woodside Energy Group Ltd (ASX:WDS) completed the acquisition of 1.1 million metric tonnes Clean Ammonia project under construction in Beaumont, Texas from OCI N.V. (ENXTAM:OCI)."
2024-09-30,81,"Woodside Energy Group Ltd (ASX:WDS) completed the acquisition of 1.1 million metric tonnes Clean Ammonia project under construction in Beaumont, Texas from OCI N.V. (ENXTAM:OCI)."
2024-10-04,65,EIG Reportedly in Race as Woodside Fields Offers for LNG Development Stake
2024-10-05,144,"Woodside Energy Group Ltd expected to report Fiscal Year 2024 results on February 17, 2025."
2024-10-08,81,Woodside Energy Group Ltd (ASX:WDS) completed the acquisition of Tellurian Inc. (NYSEAM:TELL).
2024-10-08,81,Woodside Energy Group Ltd (ASX:WDS) completed the acquisition of Tellurian Inc. (NYSEAM:TELL).
2024-10-08,81,Woodside Energy Group Ltd (ASX:WDS) completed the acquisition of Tellurian Inc. (NYSEAM:TELL).
2024-10-08,81,Woodside Energy Group Ltd (ASX:WDS) completed the acquisition of Tellurian Inc. (NYSEAM:TELL).
2024-10-08,81,Woodside Energy Group Ltd (ASX:WDS) completed the acquisition of Tellurian Inc. (NYSEAM:TELL).
2024-10-08,81,Woodside Energy Group Ltd (ASX:WDS) completed the acquisition of Tellurian Inc. (NYSEAM:TELL).
2024-10-08,81,Woodside Energy Group Ltd (ASX:WDS) completed the acquisition of Tellurian Inc. (NYSEAM:TELL).
2024-10-08,81,Woodside Energy Group Ltd (ASX:WDS) completed the acquisition of Tellurian Inc. (NYSEAM:TELL).
2024-10-08,81,Woodside Energy Group Ltd (ASX:WDS) completed the acquisition of Tellurian Inc. (NYSEAM:TELL).
2024-10-08,81,Woodside Energy Group Ltd (ASX:WDS) completed the acquisition of Tellurian Inc. (NYSEAM:TELL).
2024-10-08,81,Woodside Energy Group Ltd (ASX:WDS) completed the acquisition of Tellurian Inc. (NYSEAM:TELL).
2024-10-08,81,Woodside Energy Group Ltd (ASX:WDS) completed the acquisition of Tellurian Inc. (NYSEAM:TELL).
2024-10-08,81,Woodside Energy Group Ltd (ASX:WDS) completed the acquisition of Tellurian Inc. (NYSEAM:TELL).
2024-10-08,81,Woodside Energy Group Ltd (ASX:WDS) completed the acquisition of Tellurian Inc. (NYSEAM:TELL).
2024-10-08,81,Woodside Energy Group Ltd (ASX:WDS) completed the acquisition of Tellurian Inc. (NYSEAM:TELL).
2024-10-09,81,Woodside Energy Group Ltd (ASX:WDS) completed the acquisition of Tellurian Inc. (NYSEAM:TELL).
2024-10-09,81,Woodside Energy Group Ltd (ASX:WDS) completed the acquisition of Tellurian Inc. (NYSEAM:TELL).
2024-10-09,81,Woodside Energy Group Ltd (ASX:WDS) completed the acquisition of Tellurian Inc. (NYSEAM:TELL).
2024-10-09,81,Woodside Energy Group Ltd (ASX:WDS) completed the acquisition of Tellurian Inc. (NYSEAM:TELL).
2024-10-09,81,Woodside Energy Group Ltd (ASX:WDS) completed the acquisition of Tellurian Inc. (NYSEAM:TELL).
2024-10-09,81,Woodside Energy Group Ltd (ASX:WDS) completed the acquisition of Tellurian Inc. (NYSEAM:TELL).
2024-10-09,81,Woodside Energy Group Ltd (ASX:WDS) completed the acquisition of Tellurian Inc. (NYSEAM:TELL).
2024-10-09,81,Woodside Energy Group Ltd (ASX:WDS) completed the acquisition of Tellurian Inc. (NYSEAM:TELL).
2024-10-09,81,Woodside Energy Group Ltd (ASX:WDS) completed the acquisition of Tellurian Inc. (NYSEAM:TELL).
2024-10-09,81,Woodside Energy Group Ltd (ASX:WDS) completed the acquisition of Tellurian Inc. (NYSEAM:TELL).
2024-10-16,138,"Woodside Energy Group Ltd. Reports Sales and Revenue Results for the Second Quarter and Year to Date Ended September 30, 2024"
2024-10-16,226,"Woodside Energy Group Ltd. Reports Production Results for the Third Quarter and Year to Date Ended September 30, 2024"
2024-10-16,226,"Woodside Energy Group Ltd. Reports Production Results for the Third Quarter and Year to Date Ended September 30, 2024"
2024-10-16,226,"Woodside Energy Group Ltd. Reports Production Results for the Third Quarter and Year to Date Ended September 30, 2024"
2024-10-16,226,"Woodside Energy Group Ltd. Reports Production Results for the Third Quarter and Year to Date Ended September 30, 2024"
2024-10-16,138,"Woodside Energy Group Ltd. Reports Sales and Revenue Results for the Third Quarter and Year to Date Ended September 30, 2024"
2024-10-16,138,"Woodside Energy Group Ltd. Reports Sales and Revenue Results for the Second Quarter and Year to Date Ended September 30, 2024"
2024-10-16,138,"Woodside Energy Group Ltd. Reports Sales and Revenue Results for the Third Quarter and Year to Date Ended September 30, 2024"
2024-10-16,29,Woodside Energy Group Ltd Updates Production Guidance for the Full Year 2024
2024-10-16,12,"Woodside Energy to Delist from the London Stock Exchange, Last Day of Trading to be November 19, 2024"
2024-10-16,55,"Woodside Energy Group Ltd to Report Q4, 2024 Results on Jan 22, 2025"
2024-10-19,149,"Argus Media Limited, Argus Clean Ammonia Europe Conference, Nov 26, 2024 through Nov 28, 2024"
2024-10-19,149,"Argus Media Limited, Argus Clean Ammonia Europe Conference, Nov 26, 2024 through Nov 28, 2024"
2024-10-19,149,"Argus Media Limited, Argus Clean Ammonia Europe Conference, Nov 26, 2024 through Nov 28, 2024"
2024-10-19,149,"Argus Media Limited, Argus Clean Ammonia Europe Conference, Nov 26, 2024 through Nov 28, 2024"
2024-10-31,81,JERA Scarborough Pty Ltd completed the acquisition of 15.1% stake in Scarborough Gas Project from Woodside Energy Group Ltd (ASX:WDS) for $740 million.
2024-11-11,65,Suitors Reportedly Keen to Buy into Woodside Projects
2024-11-20,12,The Financial Conduct Authority Removes Woodside Energy Group's Ordinary Shares from the Official List of the London Stock Exchange
2024-11-20,12,The Financial Conduct Authority Removes Woodside Energy Group's Ordinary Shares from the Official List of the London Stock Exchange
2024-11-20,12,The Financial Conduct Authority Removes Woodside Energy Group's Ordinary Shares from the Official List of the London Stock Exchange
2024-11-20,12,The Financial Conduct Authority Removes Woodside Energy Group's Ordinary Shares from the Official List of the London Stock Exchange
2024-11-26,51,"Woodside Energy Group Ltd Presents at Argus Clean Ammonia Europe Conference, Nov-26-2024 through Nov-28-2024"
2024-12-03,149,"Piper Sandler Companies, Piper Sandler 25th Annual Energy Conference, Mar 17, 2025 through Mar 19, 2025"
2024-12-03,149,"Piper Sandler Companies, Piper Sandler 25th Annual Energy Conference, Mar 17, 2025 through Mar 19, 2025"
2024-12-05,23,"Woodside Signs A Revised Lump Sum Turnkey Engineering, Procurement and Construction (EPC) Contract with Bechtel"
2024-12-19,80,Chevron Australia Pty Ltd agreed to acquire the 13% non-operated interest in Wheatstone Project and 65%operated interest in Julimar-Brunello Project from Woodside Energy Group Ltd (ASX:WDS).
2024-12-19,80,"Woodside Energy Group Ltd (ASX:WDS) agreed to acquire Interest of Chevron Australia in North West Shelf Project, NWS Oil Project, Angel CCS Project."
2024-12-19,80,Chevron Australia Pty Ltd agreed to acquire the 13% non-operated interest in Wheatstone Project and 65%operated interest in Julimar-Brunello Project from Woodside Energy Group Ltd (ASX:WDS).
2024-12-19,80,Chevron Australia Pty Ltd agreed to acquire the 13% non-operated interest in Wheatstone Project and 65%operated interest in Julimar-Brunello Project from Woodside Energy Group Ltd (ASX:WDS).
2024-12-19,80,Chevron Australia Pty Ltd agreed to acquire the 13% non-operated interest in Wheatstone Project and 65%operated interest in Julimar-Brunello Project from Woodside Energy Group Ltd (ASX:WDS).
2024-12-19,80,Chevron Australia Pty Ltd agreed to acquire the 13% non-operated interest in Wheatstone Project and 65%operated interest in Julimar-Brunello Project from Woodside Energy Group Ltd (ASX:WDS).
2024-12-19,80,Chevron Australia Pty Ltd agreed to acquire the 13% non-operated interest in Wheatstone Project and 65%operated interest in Julimar-Brunello Project from Woodside Energy Group Ltd (ASX:WDS).
2024-12-19,80,Chevron Australia Pty Ltd agreed to acquire the 13% non-operated interest in Wheatstone Project and 65%operated interest in Julimar-Brunello Project from Woodside Energy Group Ltd (ASX:WDS).
2024-12-19,80,Chevron Australia Pty Ltd agreed to acquire the 13% non-operated interest in Wheatstone Project and 65%operated interest in Julimar-Brunello Project from Woodside Energy Group Ltd (ASX:WDS).
2024-12-19,80,Chevron Australia Pty Ltd agreed to acquire the 13% non-operated interest in Wheatstone Project and 65%operated interest in Julimar-Brunello Project from Woodside Energy Group Ltd (ASX:WDS).
2024-12-19,80,Chevron Australia Pty Ltd agreed to acquire the 13% non-operated interest in Wheatstone Project and 65%operated interest in Julimar-Brunello Project from Woodside Energy Group Ltd (ASX:WDS).
2024-12-19,80,Chevron Australia Pty Ltd agreed to acquire the 13% non-operated interest in Wheatstone Project and 65%operated interest in Julimar-Brunello Project from Woodside Energy Group Ltd (ASX:WDS).
2024-12-19,80,Chevron Australia Pty Ltd agreed to acquire the 13% non-operated interest in Wheatstone Project and 65%operated interest in Julimar-Brunello Project from Woodside Energy Group Ltd (ASX:WDS).
2024-12-19,80,Chevron Australia Pty Ltd agreed to acquire the 13% non-operated interest in Wheatstone Project and 65%operated interest in Julimar-Brunello Project from Woodside Energy Group Ltd (ASX:WDS).
2024-12-19,80,Chevron Australia Pty Ltd agreed to acquire the 13% non-operated interest in Wheatstone Project and 65%operated interest in Julimar-Brunello Project from Woodside Energy Group Ltd (ASX:WDS).
2024-12-19,80,Chevron Australia Pty Ltd agreed to acquire the 13% non-operated interest in Wheatstone Project and 65%operated interest in Julimar-Brunello Project from Woodside Energy Group Ltd (ASX:WDS).
2024-12-19,80,Chevron Australia Pty Ltd agreed to acquire the 13% non-operated interest in Wheatstone Project and 65%operated interest in Julimar-Brunello Project from Woodside Energy Group Ltd (ASX:WDS).
2024-12-23,55,"Woodside Energy Group Ltd to Report Fiscal Year 2024 Final Results on Feb 25, 2025"
2024-12-23,55,"Woodside Energy Group Ltd to Report First Half, 2025 Results on Aug 19, 2025"
2024-12-23,55,"Woodside Energy Group Ltd to Report Q1, 2025 Results on Apr 23, 2025"
2024-12-23,55,"Woodside Energy Group Ltd to Report Q2, 2025 Results on Jul 23, 2025"
2024-12-23,55,"Woodside Energy Group Ltd to Report Q3, 2025 Results on Oct 22, 2025"
2024-12-27,55,"Woodside Energy Group Ltd to Report Q4, 2025 Results on Jan 28, 2026"
2025-01-14,149,"Daniel Energy Partners, LLC, Daniel Energy Partners Thrive Energy Conference, Mar 05, 2025 through Mar 06, 2025"
2025-01-21,48,"Woodside Energy Group Ltd, 2024 Earnings Call, Feb 25, 2025"
2025-01-22,29,Woodside Energy Group Ltd Provides Production Guidance for the Year 2025
2025-01-22,226,"Woodside Energy Group Ltd. Reports Production Results for the Fourth Quarter and Year to Date Ended December 31, 2024"
2025-02-05,149,"ARC Advisory Group, Inc., 29th Annual ARC Industry Leadership Forum, Feb 10, 2025 through Feb 13, 2025"
2025-02-05,51,"Woodside Energy Group Ltd Presents at 29th Annual ARC Industry Leadership Forum, Feb-10-2025"
2025-02-08,149,"IHS Markit Ltd., S&P Global Inc., 43rd Annual CERAWeek, Mar 10, 2025 through Mar 14, 2025"
2025-02-08,149,"IHS Markit Ltd., S&P Global Inc., 43rd Annual CERAWeek 2025, Mar 10, 2025 through Mar 14, 2025"
2025-02-08,149,"IHS Markit Ltd., S&P Global Inc., 43rd Annual CERAWeek 2025, Mar 10, 2025 through Mar 14, 2025"
2025-02-08,149,"IHS Markit Ltd., S&P Global Inc., 43rd Annual CERAWeek 2025, Mar 10, 2025 through Mar 14, 2025"
2025-02-08,149,"IHS Markit Ltd., S&P Global Inc., 43rd Annual CERAWeek, Mar 10, 2025 through Mar 14, 2025"
2025-02-08,149,"IHS Markit Ltd., S&P Global Inc., 43rd Annual CERAWeek, Mar 10, 2025 through Mar 14, 2025"
2025-02-08,149,"IHS Markit Ltd., S&P Global Inc., 43rd Annual CERAWeek, Mar 10, 2025 through Mar 14, 2025"
2025-02-08,149,"IHS Markit Ltd., S&P Global Inc., 43rd Annual CERAWeek, Mar 10, 2025 through Mar 14, 2025"
2025-02-08,149,"IHS Markit Ltd., S&P Global Inc., 43rd Annual CERAWeek, Mar 10, 2025 through Mar 14, 2025"
2025-02-08,149,"IHS Markit Ltd., S&P Global Inc., 43rd Annual CERAWeek 2025, Mar 10, 2025 through Mar 14, 2025"
2025-02-08,149,"IHS Markit Ltd., S&P Global Inc., 43rd Annual CERAWeek, Mar 10, 2025 through Mar 14, 2025"
2025-02-08,149,"IHS Markit Ltd., S&P Global Inc., 43rd Annual CERAWeek, Mar 10, 2025 through Mar 14, 2025"
2025-02-08,149,"IHS Markit Ltd., S&P Global Inc., 43rd Annual CERAWeek, Mar 10, 2025 through Mar 14, 2025"
2025-02-08,149,"IHS Markit Ltd., S&P Global Inc., 43rd Annual CERAWeek, Mar 10, 2025 through Mar 14, 2025"
2025-02-08,149,"IHS Markit Ltd., S&P Global Inc., 43rd Annual CERAWeek, Mar 10, 2025 through Mar 14, 2025"
2025-02-08,149,"IHS Markit Ltd., S&P Global Inc., 43rd Annual CERAWeek, Mar 10, 2025 through Mar 14, 2025"
2025-02-10,51,"Woodside Energy Group Ltd Presents at 43rd Annual CERAWeek, Mar-10-2025 through Mar-14-2025"
2025-02-10,51,"Woodside Energy Group Ltd Presents at 43rd Annual CERAWeek, Mar-10-2025 through Mar-14-2025"
2025-02-10,51,"Woodside Energy Group Ltd Presents at 43rd Annual CERAWeek 2025, Mar-10-2025 through Mar-14-2025"
2025-02-10,51,"Woodside Energy Group Ltd Presents at 43rd Annual CERAWeek, Mar-10-2025 through Mar-14-2025"
2025-02-10,51,"Woodside Energy Group Ltd Presents at 43rd Annual CERAWeek, Mar-10-2025 through Mar-14-2025"
2025-02-10,51,"Woodside Energy Group Ltd Presents at 43rd Annual CERAWeek 2025, Mar-10-2025 through Mar-14-2025"
2025-02-10,51,"Woodside Energy Group Ltd Presents at 43rd Annual CERAWeek, Mar-10-2025 through Mar-14-2025"
2025-02-10,51,"Woodside Energy Group Ltd Presents at 43rd Annual CERAWeek, Mar-10-2025 through Mar-14-2025"
2025-02-10,51,"Woodside Energy Group Ltd Presents at 43rd Annual CERAWeek, Mar-10-2025"
2025-02-10,51,"Woodside Energy Group Ltd Presents at 43rd Annual CERAWeek, Mar-10-2025 through Mar-14-2025"
2025-02-10,51,"Woodside Energy Group Ltd Presents at 43rd Annual CERAWeek, Mar-10-2025 through Mar-14-2025"
2025-02-10,51,"Woodside Energy Group Ltd Presents at 43rd Annual CERAWeek, Mar-10-2025 through Mar-14-2025"
2025-02-10,51,"Woodside Energy Group Ltd Presents at 43rd Annual CERAWeek, Mar-10-2025 through Mar-14-2025"
2025-02-10,51,"Woodside Energy Group Ltd Presents at 43rd Annual CERAWeek 2025, Mar-10-2025 through Mar-14-2025"
2025-02-10,51,"Woodside Energy Group Ltd Presents at 43rd Annual CERAWeek, Mar-10-2025 through Mar-14-2025"
2025-02-10,51,"Woodside Energy Group Ltd Presents at 43rd Annual CERAWeek, Mar-10-2025 through Mar-14-2025"
2025-02-10,51,"Woodside Energy Group Ltd Presents at 43rd Annual CERAWeek, Mar-10-2025"
2025-02-10,51,"Woodside Energy Group Ltd Presents at 43rd Annual CERAWeek, Mar-10-2025 through Mar-14-2025"
2025-02-10,51,"Woodside Energy Group Ltd Presents at 43rd Annual CERAWeek, Mar-10-2025 through Mar-14-2025"
2025-02-10,51,"Woodside Energy Group Ltd Presents at 43rd Annual CERAWeek, Mar-10-2025 through Mar-14-2025"
2025-02-10,51,"Woodside Energy Group Ltd Presents at 43rd Annual CERAWeek, Mar-10-2025 through Mar-14-2025"
2025-02-10,51,"Woodside Energy Group Ltd Presents at 43rd Annual CERAWeek 2025, Mar-10-2025 through Mar-14-2025"
2025-02-10,51,"Woodside Energy Group Ltd Presents at 43rd Annual CERAWeek, Mar-10-2025 through Mar-14-2025"
2025-02-10,51,"Woodside Energy Group Ltd Presents at 43rd Annual CERAWeek, Mar-10-2025 through Mar-14-2025"
2025-02-10,51,"Woodside Energy Group Ltd Presents at 43rd Annual CERAWeek, Mar-10-2025"
2025-02-10,51,"Woodside Energy Group Ltd Presents at 43rd Annual CERAWeek, Mar-10-2025 through Mar-14-2025"
2025-02-10,51,"Woodside Energy Group Ltd Presents at 43rd Annual CERAWeek, Mar-10-2025 through Mar-14-2025"
2025-02-10,51,"Woodside Energy Group Ltd Presents at 43rd Annual CERAWeek, Mar-10-2025 through Mar-14-2025"
2025-02-10,51,"Woodside Energy Group Ltd Presents at 43rd Annual CERAWeek, Mar-10-2025 through Mar-14-2025"
2025-02-10,51,"Woodside Energy Group Ltd Presents at 43rd Annual CERAWeek 2025, Mar-10-2025 through Mar-14-2025"
2025-02-10,51,"Woodside Energy Group Ltd Presents at 43rd Annual CERAWeek, Mar-10-2025 through Mar-14-2025"
2025-02-10,51,"Woodside Energy Group Ltd Presents at 43rd Annual CERAWeek, Mar-10-2025 through Mar-14-2025"
2025-02-10,51,"Woodside Energy Group Ltd Presents at 43rd Annual CERAWeek, Mar-10-2025"
2025-02-10,51,"Woodside Energy Group Ltd Presents at 43rd Annual CERAWeek, Mar-10-2025 through Mar-14-2025"
2025-02-10,51,"Woodside Energy Group Ltd Presents at 43rd Annual CERAWeek, Mar-10-2025 through Mar-14-2025"
2025-02-10,51,"Woodside Energy Group Ltd Presents at 43rd Annual CERAWeek, Mar-10-2025 through Mar-14-2025"
2025-02-10,51,"Woodside Energy Group Ltd Presents at 43rd Annual CERAWeek, Mar-10-2025 through Mar-14-2025"
2025-02-10,51,"Woodside Energy Group Ltd Presents at 43rd Annual CERAWeek 2025, Mar-10-2025 through Mar-14-2025"
2025-02-10,51,"Woodside Energy Group Ltd Presents at 43rd Annual CERAWeek, Mar-10-2025 through Mar-14-2025"
2025-02-10,51,"Woodside Energy Group Ltd Presents at 43rd Annual CERAWeek, Mar-10-2025 through Mar-14-2025"
2025-02-10,51,"Woodside Energy Group Ltd Presents at 43rd Annual CERAWeek, Mar-10-2025"
2025-02-10,51,"Woodside Energy Group Ltd Presents at 43rd Annual CERAWeek, Mar-10-2025 through Mar-14-2025"
2025-02-10,51,"Woodside Energy Group Ltd Presents at 43rd Annual CERAWeek, Mar-10-2025 through Mar-14-2025"
2025-02-10,51,"Woodside Energy Group Ltd Presents at 43rd Annual CERAWeek, Mar-10-2025 through Mar-14-2025"
2025-02-10,51,"Woodside Energy Group Ltd Presents at 43rd Annual CERAWeek, Mar-10-2025 through Mar-14-2025"
2025-02-10,51,"Woodside Energy Group Ltd Presents at 43rd Annual CERAWeek 2025, Mar-10-2025 through Mar-14-2025"
2025-02-10,51,"Woodside Energy Group Ltd Presents at 43rd Annual CERAWeek, Mar-10-2025 through Mar-14-2025"
2025-02-10,51,"Woodside Energy Group Ltd Presents at 43rd Annual CERAWeek, Mar-10-2025 through Mar-14-2025"
2025-02-10,51,"Woodside Energy Group Ltd Presents at 43rd Annual CERAWeek, Mar-10-2025"
2025-02-10,51,"Woodside Energy Group Ltd Presents at 43rd Annual CERAWeek, Mar-10-2025 through Mar-14-2025"
2025-02-10,51,"Woodside Energy Group Ltd Presents at 43rd Annual CERAWeek, Mar-10-2025 through Mar-14-2025"
2025-02-10,51,"Woodside Energy Group Ltd Presents at 43rd Annual CERAWeek, Mar-10-2025 through Mar-14-2025"
2025-02-10,51,"Woodside Energy Group Ltd Presents at 43rd Annual CERAWeek, Mar-10-2025 through Mar-14-2025"
2025-02-10,51,"Woodside Energy Group Ltd Presents at 43rd Annual CERAWeek 2025, Mar-10-2025 through Mar-14-2025"
2025-02-10,51,"Woodside Energy Group Ltd Presents at 43rd Annual CERAWeek, Mar-10-2025 through Mar-14-2025"
2025-02-10,51,"Woodside Energy Group Ltd Presents at 43rd Annual CERAWeek, Mar-10-2025 through Mar-14-2025"
2025-02-10,51,"Woodside Energy Group Ltd Presents at 43rd Annual CERAWeek, Mar-10-2025"
2025-02-10,51,"Woodside Energy Group Ltd Presents at 43rd Annual CERAWeek, Mar-10-2025 through Mar-14-2025"
2025-02-10,51,"Woodside Energy Group Ltd Presents at 43rd Annual CERAWeek, Mar-10-2025 through Mar-14-2025"
2025-02-10,51,"Woodside Energy Group Ltd Presents at 43rd Annual CERAWeek, Mar-10-2025 through Mar-14-2025"
2025-02-10,51,"Woodside Energy Group Ltd Presents at 43rd Annual CERAWeek, Mar-10-2025 through Mar-14-2025"
2025-02-10,51,"Woodside Energy Group Ltd Presents at 43rd Annual CERAWeek, Mar-10-2025 through Mar-14-2025"
2025-02-10,51,"Woodside Energy Group Ltd Presents at 43rd Annual CERAWeek, Mar-10-2025 through Mar-14-2025"
2025-02-10,51,"Woodside Energy Group Ltd Presents at 43rd Annual CERAWeek, Mar-10-2025"
2025-02-15,50,Woodside Energy Group Ltd - Shareholder/Analyst Call
2025-02-24,226,Woodside Energy Group Ltd Reports Production Results for Full Year 2024
2025-02-24,28,"Woodside Energy Group Ltd Reports Earnings Results for the Full Year Ended December 31, 2024"
2025-03-03,51,"Woodside Energy Group Ltd Presents at Daniel Energy Partners Thrive Energy Conference, Mar-05-2025 03:00 PM"
2025-03-06,22,Baker Hughes and Woodside Energy Announce Collaboration Framework to Develop Small-Scale Decarbonization Solution Utilizing Net Power Platform
2025-03-13,157,Australasian Centre for Corporate Responsibility Against Woodside Energy Directors' Election Due to Climate Concerns
2025-03-17,51,"Woodside Energy Group Ltd Presents at Piper Sandler 25th Annual Energy Conference, Mar-18-2025 01:10 PM"
2025-03-28,80,"PERENCO S.A. entered into an agreement to acquire Woodside,Greater Angostura assets in Trinidad and Tobago from Woodside Energy Group Ltd (ASX:WDS) for approximately AUD 210 million."
2025-03-28,80,PERENCO S.A. entered into an agreement to acquire Greater Angostura assets of Woodside from Woodside Energy Group Ltd (ASX:WDS) for approximately AUD 210 million.
2025-03-28,80,"PERENCO S.A. entered into an agreement to acquire Woodside,Greater Angostura assets in Trinidad and Tobago from Woodside Energy Group Ltd (ASX:WDS) for approximately AUD 210 million."
2025-03-28,80,"PERENCO S.A. entered into an agreement to acquire Woodside,Greater Angostura assets in Trinidad and Tobago from Woodside Energy Group Ltd (ASX:WDS) for approximately AUD 210 million."
2025-03-28,80,PERENCO S.A. entered into an agreement to acquire Greater Angostura assets of Woodside from Woodside Energy Group Ltd (ASX:WDS) for approximately AUD 210 million.
2025-03-28,80,"PERENCO S.A. entered into an agreement to acquire Woodside,Greater Angostura assets in Trinidad and Tobago from Woodside Energy Group Ltd (ASX:WDS) for approximately AUD 210 million."
2025-03-28,80,"PERENCO S.A. entered into an agreement to acquire Woodside,Greater Angostura assets in Trinidad and Tobago from Woodside Energy Group Ltd (ASX:WDS) for approximately AUD 210 million."
2025-03-28,80,PERENCO S.A. entered into an agreement to acquire Greater Angostura assets of Woodside from Woodside Energy Group Ltd (ASX:WDS) for approximately AUD 210 million.
2025-03-28,80,"PERENCO S.A. entered into an agreement to acquire Woodside,Greater Angostura assets in Trinidad and Tobago from Woodside Energy Group Ltd (ASX:WDS) for approximately AUD 210 million."
2025-04-02,62,"Woodside Energy Group Ltd, Annual General Meeting, May 08, 2025"
2025-04-02,194,Woodside Energy Group Ltd - Special Call
2025-04-06,80,Stonepeak Partners LP agreed to acquire 40% stake in Louisiana LNG Infrastructure LLC from Woodside Energy Group Ltd (ASX:WDS).
2025-04-06,80,Stonepeak Partners LP agreed to acquire 40% stake in Louisiana LNG Infrastructure LLC from Woodside Energy Group Ltd (ASX:WDS).
2025-04-06,80,Stonepeak Partners LP agreed to acquire 40% stake in Louisiana LNG Infrastructure LLC from Woodside Energy Group Ltd (ASX:WDS).
2025-04-06,80,Stonepeak Partners LP agreed to acquire 40% stake in Louisiana LNG Infrastructure LLC from Woodside Energy Group Ltd (ASX:WDS).
2025-04-06,80,Stonepeak Partners LP agreed to acquire 40% stake in Louisiana LNG Infrastructure LLC from Woodside Energy Group Ltd (ASX:WDS).
2025-04-06,80,Stonepeak Partners LP agreed to acquire 40% stake in Louisiana LNG Infrastructure LLC from Woodside Energy Group Ltd (ASX:WDS).
2025-04-06,80,Stonepeak Partners LP agreed to acquire 40% stake in Louisiana LNG Infrastructure LLC from Woodside Energy Group Ltd (ASX:WDS).
2025-04-06,80,Stonepeak Partners LP agreed to acquire 40% stake in Louisiana LNG Infrastructure LLC from Woodside Energy Group Ltd (ASX:WDS).
2025-04-06,80,Stonepeak Partners LP agreed to acquire 40% stake in Louisiana LNG Infrastructure LLC from Woodside Energy Group Ltd (ASX:WDS).
2025-04-06,80,Stonepeak Partners LP agreed to acquire 40% stake in Louisiana LNG Infrastructure LLC from Woodside Energy Group Ltd (ASX:WDS).
2025-04-06,80,Stonepeak Partners LP agreed to acquire 40% stake in Louisiana LNG Infrastructure LLC from Woodside Energy Group Ltd (ASX:WDS).
2025-04-06,80,Stonepeak Partners LP agreed to acquire 40% stake in Louisiana LNG Infrastructure LLC from Woodside Energy Group Ltd (ASX:WDS).
2025-04-06,80,Stonepeak Partners LP agreed to acquire 40% stake in Louisiana LNG Infrastructure LLC from Woodside Energy Group Ltd (ASX:WDS).
2025-04-06,80,Stonepeak Partners LP agreed to acquire 40% stake in Louisiana LNG Infrastructure LLC from Woodside Energy Group Ltd (ASX:WDS).
2025-04-06,80,Stonepeak Partners LP agreed to acquire 40% stake in Louisiana LNG Infrastructure LLC from Woodside Energy Group Ltd (ASX:WDS).
2025-04-06,80,Stonepeak Partners LP agreed to acquire 40% stake in Louisiana LNG Infrastructure LLC from Woodside Energy Group Ltd (ASX:WDS).
2025-04-16,23,Woodside Signs LNG Supply Agreements with Uniper from Louisiana LNG LLC
2025-04-23,226,Woodside Energy Group Ltd. Reports Production Results for the First Quarter Ended 31 March 2025
2025-04-28,194,Woodside Energy Group Ltd - Special Call
2025-04-28,194,Woodside Energy Group Ltd - Special Call
2025-04-28,194,Woodside Energy Group Ltd - Special Call
2025-04-28,31,Woodside Approves Louisiana LNG Development
2025-04-28,194,Woodside Energy Group Ltd - Special Call
2025-04-30,23,Woodside Energy Group Ltd Signs Agreement for Gas Supply to Louisiana LNG Project
2025-05-08,163,Declaration of Voting Results by Woodside Energy
2025-05-08,16,Woodside Energy Group Ltd Elects Tony O'neill as Director
2025-05-14,42,Woodside Energy Group Ltd Prices US Bond Offer
2025-05-17,149,"Informa Australia Pty Ltd., Pilbara Summit, Jun 25, 2025 through Jun 26, 2025"
2025-06-24,81,Stonepeak Partners LP completed the acquisition of 40% stake in Louisiana LNG Infrastructure LLC from Woodside Energy Group Ltd (ASX:WDS) for $1.9 billion.
2025-06-24,51,"Woodside Energy Group Ltd Presents at Pilbara Summit, Jun-25-2025 through Jun-26-2025"
2025-06-24,81,Stonepeak Partners LP completed the acquisition of 40% stake in Louisiana LNG Infrastructure LLC from Woodside Energy Group Ltd (ASX:WDS) for $1.9 billion.
2025-06-24,81,Stonepeak Partners LP completed the acquisition of 40% stake in Louisiana LNG Infrastructure LLC from Woodside Energy Group Ltd (ASX:WDS) for $1.9 billion.
2025-06-24,81,Stonepeak Partners LP completed the acquisition of 40% stake in Louisiana LNG Infrastructure LLC from Woodside Energy Group Ltd (ASX:WDS).
2025-06-24,81,Stonepeak Partners LP completed the acquisition of 40% stake in Louisiana LNG Infrastructure LLC from Woodside Energy Group Ltd (ASX:WDS) for $1.9 billion.
2025-06-24,81,Stonepeak Partners LP completed the acquisition of 40% stake in Louisiana LNG Infrastructure LLC from Woodside Energy Group Ltd (ASX:WDS) for $1.9 billion.
2025-06-24,81,Stonepeak Partners LP completed the acquisition of 40% stake in Louisiana LNG Infrastructure LLC from Woodside Energy Group Ltd (ASX:WDS) for $1.9 billion.
2025-06-24,81,Stonepeak Partners LP completed the acquisition of 40% stake in Louisiana LNG Infrastructure LLC from Woodside Energy Group Ltd (ASX:WDS) for $1.9 billion.
2025-06-24,81,Stonepeak Partners LP completed the acquisition of 40% stake in Louisiana LNG Infrastructure LLC from Woodside Energy Group Ltd (ASX:WDS).
2025-06-24,81,Stonepeak Partners LP completed the acquisition of 40% stake in Louisiana LNG Infrastructure LLC from Woodside Energy Group Ltd (ASX:WDS) for $1.9 billion.
2025-06-24,81,Stonepeak Partners LP completed the acquisition of 40% stake in Louisiana LNG Infrastructure LLC from Woodside Energy Group Ltd (ASX:WDS) for $1.9 billion.
2025-06-24,81,Stonepeak Partners LP completed the acquisition of 40% stake in Louisiana LNG Infrastructure LLC from Woodside Energy Group Ltd (ASX:WDS) for $1.9 billion.
2025-06-24,81,Stonepeak Partners LP completed the acquisition of 40% stake in Louisiana LNG Infrastructure LLC from Woodside Energy Group Ltd (ASX:WDS) for $1.9 billion.
2025-06-24,81,Stonepeak Partners LP completed the acquisition of 40% stake in Louisiana LNG Infrastructure LLC from Woodside Energy Group Ltd (ASX:WDS).
2025-06-24,81,Stonepeak Partners LP completed the acquisition of 40% stake in Louisiana LNG Infrastructure LLC from Woodside Energy Group Ltd (ASX:WDS) for $1.9 billion.
2025-06-24,81,Stonepeak Partners LP completed the acquisition of 40% stake in Louisiana LNG Infrastructure LLC from Woodside Energy Group Ltd (ASX:WDS) for $1.9 billion.
2025-06-24,81,Stonepeak Partners LP completed the acquisition of 40% stake in Louisiana LNG Infrastructure LLC from Woodside Energy Group Ltd (ASX:WDS) for $1.9 billion.
2025-06-24,81,Stonepeak Partners LP completed the acquisition of 40% stake in Louisiana LNG Infrastructure LLC from Woodside Energy Group Ltd (ASX:WDS).
2025-06-24,81,Stonepeak Partners LP completed the acquisition of 40% stake in Louisiana LNG Infrastructure LLC from Woodside Energy Group Ltd (ASX:WDS) for $1.9 billion.
2025-06-24,81,Stonepeak Partners LP completed the acquisition of 40% stake in Louisiana LNG Infrastructure LLC from Woodside Energy Group Ltd (ASX:WDS) for $1.9 billion.
2025-06-24,81,Stonepeak Partners LP completed the acquisition of 40% stake in Louisiana LNG Infrastructure LLC from Woodside Energy Group Ltd (ASX:WDS) for $1.9 billion.
2025-06-24,81,Stonepeak Partners LP completed the acquisition of 40% stake in Louisiana LNG Infrastructure LLC from Woodside Energy Group Ltd (ASX:WDS) for $1.9 billion.
2025-06-24,81,Stonepeak Partners LP completed the acquisition of 40% stake in Louisiana LNG Infrastructure LLC from Woodside Energy Group Ltd (ASX:WDS).
2025-06-24,81,Stonepeak Partners LP completed the acquisition of 40% stake in Louisiana LNG Infrastructure LLC from Woodside Energy Group Ltd (ASX:WDS) for $1.9 billion.
2025-06-24,81,Stonepeak Partners LP completed the acquisition of 40% stake in Louisiana LNG Infrastructure LLC from Woodside Energy Group Ltd (ASX:WDS) for $1.9 billion.
2025-07-11,81,PERENCO S.A. completed the acquisition of Greater Angostura assets of Woodside from Woodside Energy Group Ltd (ASX:WDS).
2025-07-22,48,"Woodside Energy Group Ltd, H1 2025 Earnings Call, Aug 19, 2025"
2025-07-22,48,"Woodside Energy Group Ltd, H1 2025 Earnings Call, Aug 19, 2025"
2025-07-22,48,"Woodside Energy Group Ltd, H1 2025 Earnings Call, Aug 19, 2025"
2025-07-22,48,"Woodside Energy Group Ltd, H1 2025 Earnings Call, Aug 19, 2025"
2025-07-23,138,"Woodside Energy Group Ltd. Reports Sales and Revenue Results for the Second Quarter and Year to Date Ended June 30, 2025"
2025-07-23,226,"Woodside Energy Group Ltd. Reports Production Results for the Second Quarter and Year to Date Ended June 30, 2025"
2025-07-29,41,"Woodside Energy Group Ltd. Agrees to Assume Operatorship of the Bass Strait Assets, Unlocking Potential Development of Additional Gas Resources, Following an Historic Agreement with Exxonmobil Australia"
2025-08-18,83,"Carbon280 Pty Ltd announced that it has received AUD 10.6 million in funding from Woodside Energy Group Ltd, Hive Energy Limited"
2025-08-18,29,Woodside Energy Group Ltd Updates Production Guidance for the Year 2025
2025-08-18,28,"Woodside Energy Group Ltd Reports Earnings Results for the Half Year Ended June 30, 2025"
2025-08-18,192,Woodside Energy Group Ltd - Analyst/Investor Day
2025-09-24,23,BOTAS and Woodside Sign Long-Term LNG HOA
2025-10-17,144,"Woodside Energy Group Ltd expected to report Fiscal Year 2025 results on February 19, 2026."
2025-10-21,149,"GTI Energy, International Gas Union, International Institute of Refrigeration, the 21st International Conference & Exhibition on Liquefied Natural Gas (LNG2026), Feb 02, 2026 through Feb 05, 2026"
2025-10-21,55,"Woodside Energy Group Ltd to Report Fiscal Year 2025 Results on Feb 24, 2026"
2025-10-22,226,"Woodside Energy Group Ltd. Reports Production Results for the Third Quarter and Year to Date Ended September 30, 2025"
2025-10-22,81,"The Williams Companies, Inc. (NYSE:WMB) acquired 10% interest in Louisiana LNG LLC and 80% interest in Driftwood LNG Pipeline LLC from Woodside Energy Group Ltd (ASX:WDS) for $250 million."
2025-10-22,81,"The Williams Companies, Inc. (NYSE:WMB) acquired 10% interest in Louisiana LNG LLC and 80% interest in Driftwood LNG Pipeline LLC from Woodside Energy Group Ltd (ASX:WDS) for $250 million."
2025-10-22,29,Woodside Energy Group Ltd Revises Production Guidance for the Full Year 2025
2025-11-26,149,"Reuters Events, Energy LIVE Conference 2025, Dec 08, 2025 through Dec 09, 2025"
2025-12-04,51,"Woodside Energy Group Ltd Presents at Energy LIVE Conference 2025, Dec-08-2025"
2025-12-17,16,Woodside Energy Announces Resignation of Meg O’Neill as Managing Director
2025-12-17,101,Woodside Energy Announces CEO Succession
2025-12-28,23,Woodside Energy Announces Production Milestone at Beaumont New Ammonia
2026-01-05,149,"Daniel Energy Partners, LLC, the THRIVE Energy Conference, Feb 24, 2026 through Feb 26, 2026"
2026-01-27,48,"Woodside Energy Group Ltd, 2025 Earnings Call, Feb 24, 2026"
2026-01-28,138,"Woodside Energy Group Ltd. Reports Unaudited Revenue Results for the Fourth Quarter and Year to Date Ended December 31, 2025"
2026-01-28,226,"Woodside Energy Group Ltd. Reports Unaudited Production Results for the Fourth Quarter and Year to Date Ended December 31, 2025"
2026-01-28,29,Woodside Energy Group Ltd. Provides Production Guidance for the Year 2026
2026-02-02,23,Woodside Energy and Texas Entrepreneurship Exchange for Energy to Collaborate on Early-Career Energy Talent and Innovation in the US
2026-02-16,51,"Woodside Energy Group Ltd Presents at The THRIVE Energy Conference, Feb-25-2026 02:30 PM"
2026-02-23,28,"Woodside Energy Group Ltd Reports Earnings Results for the Full Year Ended December 31, 2025"
2026-02-28,51,"Woodside Energy Group Ltd Presents at World Hydrogen & Carbon Americas 2026, Mar-10-2026"
2026-02-28,149,"S&P Global Energy, World Hydrogen & Carbon Americas 2026, Mar 10, 2026 through Mar 12, 2026"
2026-03-03,50,Woodside Energy Group Ltd - Shareholder/Analyst Call
2026-03-09,41,"Woodside Energy, in Partnership with Petróleos Mexicanos Commence Drilling Campaign at the Trion Field"
2026-03-16,194,Woodside Energy Group Ltd - Special Call
2026-03-17,16,Woodside Energy Appoints Elizabeth Westcott as Managing Director
2026-03-17,101,Woodside Energy Appoints Elizabeth Westcott as Chief Executive Officer
2026-03-18,16,"Woodside Energy Group Ltd Appoints Mark Cutifani CBE as Independent Non-Executive Director and member of the Audit & Risk Committee, the Sustainability Committee and the Nominations & Governance Committee, Effective March 19, 2026"
2026-03-25,31,Woodside Energy Expands Operations with Beaumont New Ammonia Facility in Texas
2026-03-26,41,Woodside Energy Group Ltd Assumes Operational Control of the Beaumont New Ammonia (Bna) Facility in Southeast Texas
